{"version":5,"hash":{"type":"Buffer","data":"GKQmy91CoHRLD7Rq509w+7oLD07OD7yeo1taCesUhAeGhxdIELp8dK09mK5wEdouHYhwcqbP9BAeJUU6/rqDDUFkPFCto+iUrB78u2biZKM/Ivejf3dAKVEO3MSPQgqyvxOdQdlMYE8XUBDPQEwWlzLLYGoSTdCUWJ2qxZvmCAA="},"indexValueMap":{"wbvoen2bQE001h2SDCktL5+8GGVub5gpFY+euYvBIKM=":{"valueMac":{"type":"Buffer","data":"CKjva2FmRgXlTdpKvQXL50tzaWRyk/ROS4k4kj14hKo="}},"FoqWOupDVHSPO+RlH3hjauEDGMgvpSR1Nm08bdvLkCo=":{"valueMac":{"type":"Buffer","data":"gcXjeAXHsxafThoJFGE+yquLkNfJg96aRrhltgimS2M="}},"MUF5oIb75TE6E9e4wMGwSm3NfB0QoUwRYH8mu1PbPMc=":{"valueMac":{"type":"Buffer","data":"MMcUXf3OzARv9FcbLXiuODw3ddXmDuKUvt62bnoRO7c="}},"9hMe3wtwEmlfoPsK+QfiEN/e5zkKd2MB3l66IUoCPRU=":{"valueMac":{"type":"Buffer","data":"d+XwZZSUJlUISqtUrdFjcXLu70I1hRHsW1l5SyD5GX8="}},"cieZTaPee7cHPsly+cX3q39r+bILboXjcj64BypDkx8=":{"valueMac":{"type":"Buffer","data":"Ffi3Z6cbCl+a6nxpcQ1s8v5Tt57KtTuvGgCEInBjOKU="}},"ezlunelv3Bncsl1jzFIq7iUJbTGJGQsO1gL3ehUbAFs=":{"valueMac":{"type":"Buffer","data":"YIOXBWg0yiDlv3bvkhRIAfa8nfwEvz31MDWKTUsamSI="}},"7i6lFjBU66CxbpTpc9FneSb9Q1e4hQrSkC+FMDtG3z4=":{"valueMac":{"type":"Buffer","data":"PT5WeYbWwHbS0SqK692D/JEZE+3VA0MwUz/0DzHtaWg="}},"dWACUML9d1ZUSTxTFfDONMyIs3WCgn0U1+UlV08/wd4=":{"valueMac":{"type":"Buffer","data":"m+aeQyu2yJCh2Pb/ttZombput7hZny05nINxZQNVBiM="}},"JomJ36AMBfRfuAcPyM1yaO40l8RdYNNlYQMnEuU5jUY=":{"valueMac":{"type":"Buffer","data":"lQVNWP39BeJcE89j7cultxwnOOaMj1l1xDDSUL2356g="}},"e755vhNBskrSjVjnqZnwxzLJ5QrKEuZKBHYknnHnvFE=":{"valueMac":{"type":"Buffer","data":"CK8S+iKNo+cZoEYbVQh1XjOoB1MkF9Ye8VNRfEIePmM="}},"ClBX4c3N5RlusI6JNuQacQJSJJOT5OCXQ0BcnHOSE3w=":{"valueMac":{"type":"Buffer","data":"C+zftypPHBOSsRk/BGvepqO1Fb+RPYt0CTi8qc/Rk+o="}},"mAu6K6RonyLzCfvIFtCfqbYPavF4jz3UZvY/z3lUED8=":{"valueMac":{"type":"Buffer","data":"rkmOeOMIkIDbb0ecTYyMhiMjNesl/pxqr6mFda8hvkQ="}},"yOIhzQF6Vzfbh4Gvx0aiSXPr5qGygD2q2GDLnROu6MI=":{"valueMac":{"type":"Buffer","data":"WdbXYqzUzkWcUG4eGXb53JK/OgWjs3MhFN2AnorL+Fw="}},"4PvYMWEt5XlW4e9L6knZebOGJHDLs2nLIkuRtT1nPmw=":{"valueMac":{"type":"Buffer","data":"AsDxdahGlPtEtCMM7DukG3gH7OGhsPvW9p9arLSJbtg="}},"DUrRMoHDnLkhD3LcHmJDSYuupAH43hmXLKeJAukRYKI=":{"valueMac":{"type":"Buffer","data":"wKVh7jAJXWhmGD099MNIuKEoz+pWgfOdwQOFPsOTmm8="}},"3k9dGd60NSe637YQWOf7gvs/ENoFRSFE3Sba69Gfy98=":{"valueMac":{"type":"Buffer","data":"bq+TxfDHN2hgvYhE3ajRvN8EjMt4jqyjaqNohIY1W+w="}},"3SSQCBRRklvVVlJlzCRXiyrWihMt0pUhgmXaH2dXADE=":{"valueMac":{"type":"Buffer","data":"aoI7COjayZOdDhF8JX5v2ms9M+JnDVe69dlSRmA1uhI="}},"pQTXMHdr35CYBud82CoB+9uF4iF9AulGvyUoz8DOPbk=":{"valueMac":{"type":"Buffer","data":"D/waNAwW4PiWSSxyn2uT/4gcxFgBC8hQEUjy/1dSF7I="}},"4t8lii24cEkOY7nTRtVVte7+0kNdnQoTMrjjIdvlH6k=":{"valueMac":{"type":"Buffer","data":"moynF60Z/p2WKlS25yLpp3KPRF2ccB/YomGQ7PILOdg="}},"aGPuTK9OEuHnEKTcQdQQx38Aj1wYoItWStCyNFPD06o=":{"valueMac":{"type":"Buffer","data":"f1s+R+lvslRJmGStY33JUs8HlSR9biVS3eZRH2P5hb4="}},"XBz2RP0O60cC1STGLy9viFzgtuMtXO8Y/aLkBwraUAg=":{"valueMac":{"type":"Buffer","data":"gNMnYhNdsgupygVFEBJX3sYmLZpM12cuXLHx9Z3F5bQ="}},"g37cjhzQX7JhXiPnY0YzGuR8A50M+i0vSJHhAn3YMqA=":{"valueMac":{"type":"Buffer","data":"LNC7muRp7B2RIcDDPSj11UZMPOr45DYyY/vNZKFeEbc="}},"RtnlCHIX3Gmuv1s3BNEAGqn67mnTzVQZefDSZMsBNJ4=":{"valueMac":{"type":"Buffer","data":"a1XcpinUUhSOhbbAb8W8AjxdYy8L8X6Aqml4J4f31MM="}},"np8UyDKbDKvs5QEMD0kleC3cX9q+wOtnUz9ffRvVKUs=":{"valueMac":{"type":"Buffer","data":"d+h2pkH6lba/bMIBewWsErzLHL8Gi9NmyAcUHfAMj2I="}}}}