{"version":3,"hash":{"type":"Buffer","data":"qwDlb1Gzp/8ku9KxiVjCqlAiCjHMxwoNByzdXUU4qQCIBA7ROXzpHMCd6uHzU6xBSYIEjy+VSHSaN0Hd7Vny+SHF/D/FyWODy7sdRQNPW+BH2Byeo7gYonm3CO2dOI7/MjvdTvXKaOZX0s6NXIrhg2BokewEcQnOHRCKdR+Tb/4="},"indexValueMap":{"NJGVk8+/MgjNWuChyCzVPs9p6XDqIgN18h3wi3QmIng=":{"valueMac":{"type":"Buffer","data":"41XIXd5lIZQZ7OSMSWoxWAeovpqH8vc0faIPRFfjK0g="}},"Ozw80rrrWff3d6Bu4Xo6qYT3Xr85qGC9gdspfdc7fbU=":{"valueMac":{"type":"Buffer","data":"lhPha4DLNyEo5i5pM8TQHKZv2v6CnzOHWJDn5pNE3hE="}},"7Ya5T1qoFLV6YB5AKTkMbQsFvz6yVLUMyXH486cYndw=":{"valueMac":{"type":"Buffer","data":"YZb1Rr7JerLCRF+68sPuJ7xSr4Sbv5iA86eUP0neuMI="}},"LzULfiud+U10y+7stSaCGAptjK72E/X5T0BTg/Ilvmg=":{"valueMac":{"type":"Buffer","data":"P++rESwtwhdbzq+n3qB2t3QnYFsQKiQm9TyhKr1Kzn0="}},"vAyquPrqdQlL57oU8oTWzH1dHw0lUX1FjkuZLLpD5dk=":{"valueMac":{"type":"Buffer","data":"xCI+CIc1lTUL3ykbSnAj4FDu0iSOIZMoZkXQA+UzHqg="}},"J9Ru1jLAnd96AVG/diqpjJrMTmm/aTZXAGFz7BTjmyk=":{"valueMac":{"type":"Buffer","data":"tvZOJsoS0+5fa9tu0N4uQhF9v/X/1FBDQXnezSgQUQ4="}},"CEln7VeCBuqPA1c1b72WffFk/Lmgj2tll2ub6vOq7ck=":{"valueMac":{"type":"Buffer","data":"/gr0Sw4Cqi1d7MEg3CHioVDpKg5TxmgZDeg9OB+fKmo="}},"nV1xvtaObTANS6bN/YqgCRuVM2xQFBQRPzVZpoLNj40=":{"valueMac":{"type":"Buffer","data":"3wjJF4PljIdGWQBZh1dhxWLAgiF4nvwao7NcVPIT5a0="}},"DMtgCJc+lVk0FVep22Q4EgdLbz0+jowSl3XkxAEaoAg=":{"valueMac":{"type":"Buffer","data":"gsSSEyio+viJbZOwO/N9911XUPvJYwfqiAtHf9+T+rI="}},"gD3mkGVxrVxI+WlMk4izVd8OKT6KHP7kkNzJ1dfZqJg=":{"valueMac":{"type":"Buffer","data":"u6nVXQmupJt68HALvrEPE/kkOqpx9LrBppBN7d4IDE8="}},"Qll3K6/oXqIdc3tQID9ZhrKKFS9d1vvCi+xgCgWByH8=":{"valueMac":{"type":"Buffer","data":"ybIqiIQpawhlDmmxyMBwSlRWZLueG13TTg8LRAriWL4="}},"wLJ2mE5hBU1a+RT0t9bY8N26lbldvZC/JG36ucllbcY=":{"valueMac":{"type":"Buffer","data":"NPoZbuSJTFpiUgGk0bPyUIb9TbU8mEBZCc7ws0EJYVo="}},"3tM8oqDkMOmRoknINbMaUXuN0HyZCxG98dkNCTZwxRc=":{"valueMac":{"type":"Buffer","data":"qonHh/J7aXhazLn5V7iwPY4MODJJNKINgpqyPPEonNk="}},"IziOmmGAP49ZAxxY8S2gpmsl4yg21HQYq2fBGQk7h/w=":{"valueMac":{"type":"Buffer","data":"k78YJpQEizRplKSVvCRrr5O5JxOTOx1UXvzU+c4p9MI="}},"xECZlXUEMsBrAjHtedZRqPC+8UT5p0HEupts9Rwo5Po=":{"valueMac":{"type":"Buffer","data":"EGiJkM7geOTHI5lnn3EIraoZvBC4pQ1VASRW8KnfCIk="}},"QD/YcL6MGWktakL1Lh/H2+BN/0XefP3Xy6SNBn55dWg=":{"valueMac":{"type":"Buffer","data":"le9VEl+tuQlDIMVLP4ldGX/KQO4JDDqQ6fpTtredtTA="}},"/rquMkqHV7QSSvFPMBGwdNdhoWZm+kRiZfo6jK3KE6s=":{"valueMac":{"type":"Buffer","data":"E5GSzQcgV8puQ6tkbzJ7y0KKO0eEyVQOLPtlmhXoyZQ="}},"EMrZse60w7PSQa759GOs40BRrcTXLW9gnGFCM+oENVg=":{"valueMac":{"type":"Buffer","data":"hwQ4+/SifI0VGV0yOpMIlTqig8NVPs60BC3RBOD4pV8="}},"dDhGzlF5G1+Zfw2u8NWgItYNFYqDU9dMIRnLi5MmpDg=":{"valueMac":{"type":"Buffer","data":"0Qmo/1z0hsV2lbimIyVsIrDFhJgVtUWeTpUnp65Z6ho="}},"Q10BGIWc7cMmVvU6TmmexmQHhjmfYONUyZu4gG3RAhI=":{"valueMac":{"type":"Buffer","data":"mpjrJomfJvLLJLPECI/ddITUdrRBVgAxtE2ObbiD/ys="}}}}