{"version":2,"hash":{"type":"Buffer","data":"IGq5++h6tfsW6ydid2AIHlhFPQe8C6rKnUoQ4LiIhmFrdHr9MAFdIfD/be/M/N5TFDW9G/l2C8NaOVYajukJF/aJoGWmoZmI+Ca9sS4plGYji5spsp+tJfDVWRYSMkKB5+USLjWNH+nix1/MI3jktLRlsiwe4fjyGkiqyXQ/VQ0="},"indexValueMap":{"pQyvjbAaLJZtcNyNjETGmaQ4tkUBgGlQCkZlvIFy27c=":{"valueMac":{"type":"Buffer","data":"5veohG0sw9vpUrLwTIOOAO0JPo4ptWaGBvofBJz33lA="}},"vL4QXF7g3rev2YrqMxOU/3b20s06/LdrTx+rElZQjeg=":{"valueMac":{"type":"Buffer","data":"lfW43KCrxPOp9fiPAacmxxATG4UD8vPqKH8PWnZ8EFA="}}}}