{"noiseKey":{"private":{"type":"Buffer","data":"qPthCn9+nhm630sEHoso+Vg13QGeihH6kaWH16N9gW0="},"public":{"type":"Buffer","data":"2pjJFmS2YuoE9O9STK0lLTj00zTExCKImR75YI+AHBQ="}},"signedIdentityKey":{"private":{"type":"Buffer","data":"iErPcwtdn/fggJB/x3I0UFug9AWzZKEwg8QIyIKSuEs="},"public":{"type":"Buffer","data":"5Ylm4TZ9bA2UegGCAjvAsjU2FTm2lOf/cPw2p7KroXM="}},"signedPreKey":{"keyPair":{"private":{"type":"Buffer","data":"CCqzvCoKvQRpj+qOopn+S5zQYfD84kU3pCXd/9Jx8F0="},"public":{"type":"Buffer","data":"T4uLfeIInU3oifx7fnZO2UVyU8ggLEq9yE4L1nG+M0I="}},"signature":{"type":"Buffer","data":"XjaE+8XWsXnodIPF++wK2ZhaaogZVBBYja03tMqRpy4iv1qtHrYJqB0VNn7lsWKe8fu2V3LBXEcgoQUl+Sufhw=="},"keyId":1},"registrationId":86,"advSecretKey":"7Ah3x+3JRtmoIM/bQiTKybhqcbpdyt8/J64FdRO3zjs=","processedHistoryMessages":[{"key":{"remoteJid":"6285813815750@s.whatsapp.net","fromMe":true,"id":"B6210198BA2DB6B7556AB9C3E051C22B"},"messageTimestamp":1684254200},{"key":{"remoteJid":"6285813815750@s.whatsapp.net","fromMe":true,"id":"DB3E644C374F028ED7EB05CBEA15FA39"},"messageTimestamp":1684254201},{"key":{"remoteJid":"6285813815750@s.whatsapp.net","fromMe":true,"id":"49790519564654FD82B3D364115C89A4"},"messageTimestamp":1684254216},{"key":{"remoteJid":"6285813815750@s.whatsapp.net","fromMe":true,"id":"DDDDD410C18080F04D4CA1EC49FF6E1F"},"messageTimestamp":1684254223}],"nextPreKeyId":65,"firstUnuploadedPreKeyId":65,"accountSyncCounter":1,"accountSettings":{"unarchiveChats":false},"account":{"details":"CMP5ucEEEO/bjqMGGAM=","accountSignatureKey":"YEyRvPtR8z8iQtmB9if/NyK7Xtj/SLvVn5r35HnFphQ=","accountSignature":"Tb1bEhOTDbcg1gHuCprwRwfN7idXLEozrG2i5uBCjCZ5cEBJhioeuiRPK9ScMqfr0ezThFylo49nDt+vsGuuCw==","deviceSignature":"Y6fOyQFmMmk0cMydIId/jFsmXbHtQTEyonDEzl0q+TzzpfZbcq16jBQWcaRf51Ob5knovoIMoeZF8qSpMh76hg=="},"me":{"id":"6285813815750:17@s.whatsapp.net","jid":"6285813815750@s.whatsapp.net","name":"whyz"},"signalIdentities":[{"identifier":{"name":"6285813815750:17@s.whatsapp.net","deviceId":0},"identifierKey":{"type":"Buffer","data":"BWBMkbz7UfM/IkLZgfYn/zciu17Y/0i71Z+a9+R5xaYU"}}],"platform":"android","lastAccountSyncTimestamp":1684255899,"myAppStateKeyId":"AAAAAJie"}