[{"senderKeyId":1259400797,"senderChainKey":{"iteration":81,"seed":"VRt4ZpmMc4owcMTDwl03mjCNFCPrOtu1/hh0N35ejoQ="},"senderSigningKey":{"public":"Bfn8UU7/LNTFR7n9G6iswivtQ3UCLjLjaFjO9hgRkJcF"},"senderMessageKeys":[{}]},{"senderKeyId":1145565688,"senderChainKey":{"iteration":11,"seed":"/AXI+2ZOYZbaT8LmS8jXiP3RF2JBeLelLFHpA7FTqAw="},"senderSigningKey":{"public":"BeIuKSgyZuTPEEdQobn66SUMGJ46STPBk2/LzGT1YvpE"},"senderMessageKeys":[]},{"senderKeyId":1610758645,"senderChainKey":{"iteration":3,"seed":"tX+oDM9yMhE7y7u4UaCWRCxtYWVai3K1NsE0dXZ/q1M="},"senderSigningKey":{"public":"BReO6atdVVNrpZ0r1y7KAuutdNy1+/aOYSMMejb0Ri8g"},"senderMessageKeys":[]}]