[{"senderKeyId":404828151,"senderChainKey":{"iteration":58,"seed":"VG5/RWGBqn5X5tCAdZCVt//VBME0gYPw5dnjCeVh7fM="},"senderSigningKey":{"public":"BeT3CsLR4/Y90H+sa8RVWny9QoD9CXMfnHdCTGilaw9n"},"senderMessageKeys":[]},{"senderKeyId":1061325425,"senderChainKey":{"iteration":12,"seed":"sR6EpkgJKQMXDQ/1akW+a8ywqBBTMKzqAW705NKw/cY="},"senderSigningKey":{"public":"BXDce1Hf2epXl6gFf9pZoHgHTGQ0JbkngDRhLxhSVWtH"},"senderMessageKeys":[]},{"senderKeyId":1717924030,"senderChainKey":{"iteration":1,"seed":"W3uPQqlceIFQFM49lbiNSN2gGxhFaPiyv0MEHTZanGk="},"senderSigningKey":{"public":"BSSW+7gNLomWirS/kReRjhYf/sYRd/UA+V5mXK6nOmUW"},"senderMessageKeys":[]}]