[{"senderKeyId":1230247905,"senderChainKey":{"iteration":1,"seed":"sm4lppqwF8GQQmSekewJSbClTQjeabtFt19DMILi1QA="},"senderSigningKey":{"public":"BS+ClwF3bq3Nnfxygu96fkEXCRNJta2KoecE6/OaMnoA"},"senderMessageKeys":[]},{"senderKeyId":963345541,"senderChainKey":{"iteration":6,"seed":"1suk59EKO49qFAlJAu4dT0adEsrSUeqQMfYdhfobgtg="},"senderSigningKey":{"public":"BQbtb2bQomfFR/IjLbyuwU3MCd8msEUFBfFWzDuAQbwH"},"senderMessageKeys":[]},{"senderKeyId":1547174907,"senderChainKey":{"iteration":1,"seed":"7GrRi9G1uwjC+X+LZSoklFW6XPKD8w1IBYq9pMKGcNg="},"senderSigningKey":{"public":"BcCGLy4AzTTE19uRTowagxBYxKt08cKpTUjs4zmt0ylM"},"senderMessageKeys":[]}]