[{"senderKeyId":1329533857,"senderChainKey":{"iteration":2,"seed":"GM5DjwYB1VL7AVslhI15O8OjbtHwLN2yuAMM7UCZxSA="},"senderSigningKey":{"public":"BSFpitfGqmqAkctf+NTWlGoc57Jm0vO+xwHTiKSbwHdJ"},"senderMessageKeys":[]},{"senderKeyId":1329533857,"senderChainKey":{"iteration":1,"seed":"Emlh9vYcX0ff3NFhzj8HUOOJmT91u4fwaOM2n8FfjaI="},"senderSigningKey":{"public":"BSFpitfGqmqAkctf+NTWlGoc57Jm0vO+xwHTiKSbwHdJ"},"senderMessageKeys":[]},{"senderKeyId":1855478045,"senderChainKey":{"iteration":1,"seed":"hFukBfuMbYQ17HfNNXq/rBKEkmpplLBxtgT8ISUaHss="},"senderSigningKey":{"public":"BZBL0DoFgxvjELX7JUrpsJMu7WLi5Een2CECoVsUab5T"},"senderMessageKeys":[]}]