[{"senderKeyId":800330102,"senderChainKey":{"iteration":3,"seed":"y5MxQUtnnw+5856EWKXAJGyhN6Pj0J/eNUb1drYUg94="},"senderSigningKey":{"public":"BYLerDqebq183/b6y7x1IQYz2zdmWHkWqX3q92Lk2H5r"},"senderMessageKeys":[]},{"senderKeyId":160903577,"senderChainKey":{"iteration":11,"seed":"j5SRGJmt2J2gm2Re5TKgoQHSVm/tjKNA9yQEUy1VRsE="},"senderSigningKey":{"public":"BQWGpF0Tu6tyd8EY9T/Ilcst+bGdVsV0rA/RS5LMYR4S"},"senderMessageKeys":[]},{"senderKeyId":1796477442,"senderChainKey":{"iteration":3,"seed":"IukmTd8rDbSgpWuI+tPW6X2xmMKWrHt/fdZJSUUiJRw="},"senderSigningKey":{"public":"BeSWLvQMMkjMWku47DPE0s+3wgVS0/HuXemSvCe3Vr0G"},"senderMessageKeys":[]}]