[{"senderKeyId":218018104,"senderChainKey":{"iteration":64,"seed":"SePQqW4HCGxrieaxkfrti89EZ2Nwl9o7WogaVdFhSwc="},"senderSigningKey":{"public":"BYZbGzi2DzHwiGFU2h9rr7cUnTzJJ6jUPH7SZhBcp+Yk"},"senderMessageKeys":[]},{"senderKeyId":799271523,"senderChainKey":{"iteration":6,"seed":"Jodgge4w3X68UE4rb0mmmnz25Ag8omA0vPs+Ztx7jO0="},"senderSigningKey":{"public":"BaRvQBFWd288VblbyGJVRugus1oF6KkUPakY2ojqAcw/"},"senderMessageKeys":[]},{"senderKeyId":1193224438,"senderChainKey":{"iteration":1,"seed":"8hAYeUbPAPkzehuRWhRYHegaO4IRKO9L+gfACgNmEV4="},"senderSigningKey":{"public":"BXxbbJW125EqpKhy8noJwgs/rdSZGwI5yxLSzxdJOboW"},"senderMessageKeys":[]}]