[{"senderKeyId":2062436176,"senderChainKey":{"iteration":9,"seed":"hwFNou1gMBn86EoQd077F9Q2WmkLJDRL1fvVM82yQLQ="},"senderSigningKey":{"public":"BdX97OuS22hwDn9HnCYXVHeqwyGbcUYyq+vAJ/y9DVdd"},"senderMessageKeys":[]},{"senderKeyId":1156151955,"senderChainKey":{"iteration":6,"seed":"bGbV0XlAow0+luZn99uPaazYSABz1K4xlGKxN3QUt+4="},"senderSigningKey":{"public":"BZs5WHlDXO5ULyeXS4RAx7SMQEbvYlXtJankNyiIFBIH"},"senderMessageKeys":[]},{"senderKeyId":1173847472,"senderChainKey":{"iteration":3,"seed":"mgf9rnQmSNfq+mqAz+D3tK1c+7Zj/Yhd40ikyXMxHsc="},"senderSigningKey":{"public":"BVqwHcIkToqsSUx7KghOLec+VegoKVT5+1d5w2KeXnxf"},"senderMessageKeys":[]},{"senderKeyId":2065013003,"senderChainKey":{"iteration":114,"seed":"R/FLc5YTt9EslpA1jevVbtq7nXMPkRwfPY1ct30EVUw="},"senderSigningKey":{"public":"BRSER7GkwkJKElLi6ArUzj85et7eJWMjzQYx1RT5npVR"},"senderMessageKeys":[]},{"senderKeyId":2065013003,"senderChainKey":{"iteration":91,"seed":"m9L+vEOE+HjYr0uv5paPmAkU5EUH727vuAOV208qaJU="},"senderSigningKey":{"public":"BRSER7GkwkJKElLi6ArUzj85et7eJWMjzQYx1RT5npVR"},"senderMessageKeys":[]}]