[{"senderKeyId":703422430,"senderChainKey":{"iteration":23,"seed":"gMeRSe+aIR5JgFGZLGWI0eS+rI29JlIXg11DiATF/7A="},"senderSigningKey":{"public":"BTylnfFuUdCsJFF1x2rT4gEWSLFjr1qF8Kjrzgbj0k9+"},"senderMessageKeys":[{}]},{"senderKeyId":1195125795,"senderChainKey":{"iteration":8,"seed":"S7vx+J/F1qA35xLPL+9MVEftAJuu7Khc5AqfgEBFcqo="},"senderSigningKey":{"public":"BUUI376D/CJBrb59gT4i4joDIqsoA2TDhjZn263cBLga"},"senderMessageKeys":[]},{"senderKeyId":1554097676,"senderChainKey":{"iteration":6,"seed":"X/HuHS3zrUsewPi/jUuT3vkjO9nE3qzb37zL4u4Cu9U="},"senderSigningKey":{"public":"BaAaLOOBDI2p2FoZnLPfmJJN73xbny5vygmnM3ZGqRZP"},"senderMessageKeys":[]},{"senderKeyId":2032735997,"senderChainKey":{"iteration":18,"seed":"yEVoP1YaXv4H0bnByByhHwbUpcUGdhlHgD7Jr2GRmlc="},"senderSigningKey":{"public":"BelCJFCq5N3FTyFMqYx8VxoC4WWR2TeY1uG0eUgbw+N3"},"senderMessageKeys":[]},{"senderKeyId":1664195608,"senderChainKey":{"iteration":15,"seed":"wkYGQKcNt+XvMgnh/Wp/g90VUvpi9r1YcxeAvNGqcF0="},"senderSigningKey":{"public":"BdM6KKHojqLNlcjaFh4CBmqf00gCedjndMX6TBnwfgxI"},"senderMessageKeys":[]}]