{"_sessions":{"Baux9OdPHrVTLvXzbqUiSW9JuATK6CjsVT3NfctJV28N":{"registrationId":717362920,"currentRatchet":{"ephemeralKeyPair":{"pubKey":"BYt9XlL0ozRm+Kf0ppPTmSQTN7S0A2tWdZNqhxZV0hZw","privKey":"+P+JdRndTzqMtPwa36Y+1m8uYcXyxVJADSHcl+vw0XU="},"lastRemoteEphemeralKey":"BXD+9DRQDYpaMJdqJqw3v/wu7Ynaq1cweDlN6gr0oEQg","previousCounter":0,"rootKey":"1W4u1s08/61nCmc3IqiIqFZHuGIEPnbBXgHd9va1ANA="},"indexInfo":{"baseKey":"Baux9OdPHrVTLvXzbqUiSW9JuATK6CjsVT3NfctJV28N","baseKeyType":2,"closed":-1,"used":1684255475286,"created":1684255475286,"remoteIdentityKey":"BfD46zqZZ5LCixcLJEsDobZvbjKaKFaz9Fx8Z5CLqhQy"},"_chains":{"BXD+9DRQDYpaMJdqJqw3v/wu7Ynaq1cweDlN6gr0oEQg":{"chainKey":{"counter":7,"key":"JmsVIwXtOLBfT7whnfm9CShWA0mmBKKw/fhHA38bhy4="},"chainType":2,"messageKeys":{}},"BYt9XlL0ozRm+Kf0ppPTmSQTN7S0A2tWdZNqhxZV0hZw":{"chainKey":{"counter":2,"key":"7VSiGkrc0KnT+3h12mblNo/UOI5I9jUENdjkpSA3Vtc="},"chainType":1,"messageKeys":{}}}}},"version":"v1"}