{"_sessions":{"BXUSt+zjLxJcmmg3SDl36MP9Yx1RL1XwGkm2aiSraDUE":{"registrationId":559847595,"currentRatchet":{"ephemeralKeyPair":{"pubKey":"BW/DnTer/y/aSrAk8aJKJloomzkPY6Rht268zNBaTJ8f","privKey":"kEw1hwvKjQr/Av7YmHAINTg57VDKU0Wa9U+D4we7SEI="},"lastRemoteEphemeralKey":"BY5V95BpInlltHa/2kiKlgcB9g3cyg1tPvEJElRQejAi","previousCounter":0,"rootKey":"GSPrWYYYZkqJhvWA9ngdCQablURFIQEXlA6gRTj6mPQ="},"indexInfo":{"baseKey":"BXUSt+zjLxJcmmg3SDl36MP9Yx1RL1XwGkm2aiSraDUE","baseKeyType":1,"closed":-1,"used":1684254362000,"created":1684254362000,"remoteIdentityKey":"BQ++J5Pl+frsTj3kJsQ0OxGB/GwuI2j0xhtNzJITKeEg"},"_chains":{"BW/DnTer/y/aSrAk8aJKJloomzkPY6Rht268zNBaTJ8f":{"chainKey":{"counter":6,"key":"8RF+yKeFz3UQAWj2cKHX+J/UgC+l1te7sYOcbkELWEI="},"chainType":1,"messageKeys":{}}},"pendingPreKey":{"signedKeyId":6,"baseKey":"BXUSt+zjLxJcmmg3SDl36MP9Yx1RL1XwGkm2aiSraDUE","preKeyId":4610930}}},"version":"v1"}