{"_sessions":{"BdHDdkYm+BUTMLBbSEvikboYnoP9aC17Q/iCTC9tMIFL":{"registrationId":171468142,"currentRatchet":{"ephemeralKeyPair":{"pubKey":"BTLiPYbU1XXkJmiQYWFCZVu3fQpYgHF4iaWefEzqKetI","privKey":"CJmUNSDGxFPHbnK/uJ/c6qQz66BFii6P79vaGWyaYVU="},"lastRemoteEphemeralKey":"BcjgseFflkwzbZDk929+5IItW74Htzj1N6Iq2VBxQ2sL","previousCounter":0,"rootKey":"xz13GC9j7qw+/7i6Qw3vx81oIFKJ1+jl6VlqcjiTvfY="},"indexInfo":{"baseKey":"BdHDdkYm+BUTMLBbSEvikboYnoP9aC17Q/iCTC9tMIFL","baseKeyType":1,"closed":-1,"used":1684254362118,"created":1684254362118,"remoteIdentityKey":"BarkmPsPj7HYs2LD0JbZOJts6Og5jLVtw17SqltiAAxV"},"_chains":{"BTLiPYbU1XXkJmiQYWFCZVu3fQpYgHF4iaWefEzqKetI":{"chainKey":{"counter":6,"key":"nCwhYDEi/KxTf1/hRcVb6BwL8NvM3xrw7T2/Io4vKJg="},"chainType":1,"messageKeys":{}}},"pendingPreKey":{"signedKeyId":0,"baseKey":"BdHDdkYm+BUTMLBbSEvikboYnoP9aC17Q/iCTC9tMIFL","preKeyId":16003878}}},"version":"v1"}