{"_sessions":{"BYYOJwLKZWtj5VGijQe5QsMkGM3/YbIv1l5dBToDXJ9t":{"registrationId":1404243064,"currentRatchet":{"ephemeralKeyPair":{"pubKey":"BZbaEVbwjBXN8zMLfFSkpohv3m3YHwJQtRPMXBHb2uo4","privKey":"mD0838k9XRzZI3SOZ6PFhJ3pS4tp/ylVEv4QgY1qs3c="},"lastRemoteEphemeralKey":"BYyGlYDwoaCjCaTRfHyTf5e59fIwWTCpBJ/lQwISh2NW","previousCounter":0,"rootKey":"65E97+upBarTSq2gIS/KC2LGFcRSWN1x35ChUl28XbY="},"indexInfo":{"baseKey":"BYYOJwLKZWtj5VGijQe5QsMkGM3/YbIv1l5dBToDXJ9t","baseKeyType":1,"closed":-1,"used":1684320407345,"created":1684320407345,"remoteIdentityKey":"BZxDJ1tK0lKHmRDVDKs2LYwnx8feBDk097jpiTMwryQ5"},"_chains":{"BZbaEVbwjBXN8zMLfFSkpohv3m3YHwJQtRPMXBHb2uo4":{"chainKey":{"counter":0,"key":"PwsVgLY+UOovzpJyKMkTohYLd1s+o/lBYfonKL4Vlsc="},"chainType":1,"messageKeys":{}}},"pendingPreKey":{"signedKeyId":0,"baseKey":"BYYOJwLKZWtj5VGijQe5QsMkGM3/YbIv1l5dBToDXJ9t","preKeyId":3587053}}},"version":"v1"}