{"_sessions":{"BXovW3szOphxrBtzPA7tt+3WNmcAAvpY3lROYILw3qc0":{"registrationId":1423532814,"currentRatchet":{"ephemeralKeyPair":{"pubKey":"BZjAk9magPz309zmDX/AxyeBCgYtaWIhzz4xPss4cI90","privKey":"kGuH5UuKfM+gJEAclIY82+C/uQP7TH76w3JgjvTM2VI="},"lastRemoteEphemeralKey":"BVPguArA0wqCWb52qFj57eQgdNVFHWF/szrRjJ7iuRxm","previousCounter":0,"rootKey":"xur9JedasYqpljqPtHVGWH58MkD5vW/6SDt9iyhZlMM="},"indexInfo":{"baseKey":"BXovW3szOphxrBtzPA7tt+3WNmcAAvpY3lROYILw3qc0","baseKeyType":1,"closed":-1,"used":1684320406326,"created":1684320406326,"remoteIdentityKey":"BTG28p3D+Pks3WMV0KQj5H2WJ4hdr/Auk7jyalccAmZy"},"_chains":{"BZjAk9magPz309zmDX/AxyeBCgYtaWIhzz4xPss4cI90":{"chainKey":{"counter":0,"key":"EtEbyFXrKGbnU076IepI5O7tcJcbyZwKPS15dAbrjio="},"chainType":1,"messageKeys":{}}},"pendingPreKey":{"signedKeyId":5,"baseKey":"BXovW3szOphxrBtzPA7tt+3WNmcAAvpY3lROYILw3qc0","preKeyId":215803}}},"version":"v1"}