{"_sessions":{"BYjnGc3Ffn6cBCPPKTjLI+fHZYovJMMHHeV2l8xSrsE+":{"registrationId":1012521525,"currentRatchet":{"ephemeralKeyPair":{"pubKey":"BWysv84FQMTDVLCS2cH0wEIqpaF8fi2+8JsGnYOgqy5e","privKey":"MMBhMUGDe/0QaOsbcrqqUOZG5/atD+y4opDubhejuXI="},"lastRemoteEphemeralKey":"BeSbq1UTqv53yK7BE1tYbMoH0m+cAMmUz0w2JxGrGSkH","previousCounter":0,"rootKey":"m7QOqDDAjDHEqhQ8KIBojMbfIlaMmXsett9THYuN0IU="},"indexInfo":{"baseKey":"BYjnGc3Ffn6cBCPPKTjLI+fHZYovJMMHHeV2l8xSrsE+","baseKeyType":1,"closed":1684313213338,"used":1684320201412,"created":1684254362226,"remoteIdentityKey":"Bc5C7ZOewaPbysrv5/TJnEBCS2lfI8z0q8rYE0k2FElG"},"_chains":{"Bc73QlI1F7As/H/htaip+h5+sHe7zNDD23F3lJ3sclkt":{"chainKey":{"counter":0},"chainType":2,"messageKeys":{}},"BeSbq1UTqv53yK7BE1tYbMoH0m+cAMmUz0w2JxGrGSkH":{"chainKey":{"counter":1,"key":"mB9YZXHeUpg0/sb82g4MxT+ClPqwGlLfu1+5Fu8HIGE="},"chainType":2,"messageKeys":{}},"BWysv84FQMTDVLCS2cH0wEIqpaF8fi2+8JsGnYOgqy5e":{"chainKey":{"counter":-1,"key":"TOsepqlxREQZGLzeT0vflfERhI/0mmdBeYjTAco9N+s="},"chainType":1,"messageKeys":{}}}},"BTTAcDmTb2ZQ0olWhex+Q9Gij2+FOpg786LG51VkzIcQ":{"registrationId":435120951,"currentRatchet":{"ephemeralKeyPair":{"pubKey":"Ba4cpuThT9VgPk8rEIooyH9vUg2TYUbSpmUc4xrEOZcb","privKey":"II+30FKtVHWXC3/8z4PimoP0MgaKSzLWn0LqO0yE3FQ="},"lastRemoteEphemeralKey":"BeSbq1UTqv53yK7BE1tYbMoH0m+cAMmUz0w2JxGrGSkH","previousCounter":0,"rootKey":"D6/fUms0X4NLBedz7ZXO6GpZRR0IbQBAqE8eYDzXo9o="},"indexInfo":{"baseKey":"BTTAcDmTb2ZQ0olWhex+Q9Gij2+FOpg786LG51VkzIcQ","baseKeyType":1,"closed":-1,"used":1684313213281,"created":1684313213281,"remoteIdentityKey":"BZatLQP/KeIJE1gUTCYR0kVZgscw3HGywJlt1yN2GY1Z"},"_chains":{"BeSbq1UTqv53yK7BE1tYbMoH0m+cAMmUz0w2JxGrGSkH":{"chainKey":{"counter":0,"key":"dtizt4r9PiQrEqusbr71kbest6lpxfFZuG9rPtGZvZQ="},"chainType":2,"messageKeys":{}},"Ba4cpuThT9VgPk8rEIooyH9vUg2TYUbSpmUc4xrEOZcb":{"chainKey":{"counter":-1,"key":"0uxNFO/T3pMG7tcFi7dh6M0bbLdV8/mpp+aCQ8au8+Q="},"chainType":1,"messageKeys":{}}},"pendingPreKey":{"signedKeyId":0,"baseKey":"BTTAcDmTb2ZQ0olWhex+Q9Gij2+FOpg786LG51VkzIcQ","preKeyId":8567984}}},"version":"v1"}