{"_sessions":{"BQGTs1iJ4SZ0A9YIwLYs5T6iGTaOniOUD49lMxdq4DA+":{"registrationId":1061411378,"currentRatchet":{"ephemeralKeyPair":{"pubKey":"BdS0tDJ3GOHYQe7ukCQAGCwe+lZs/K4gAZ3CkKjVfMwo","privKey":"COggdwkf/DwCfY7QyFaHknxfT6GpkKLFI7vS4M3n9n8="},"lastRemoteEphemeralKey":"BV5J3deZcZDHHe4afNCRW8DEVibZiMmBF4ipCqAbLLxJ","previousCounter":0,"rootKey":"N1ecwRmwjAX+1z2FjTluo94EnLi0lsj5BqJ1hR8Yx6Y="},"indexInfo":{"baseKey":"BQGTs1iJ4SZ0A9YIwLYs5T6iGTaOniOUD49lMxdq4DA+","baseKeyType":1,"closed":-1,"used":1684320406357,"created":1684320406357,"remoteIdentityKey":"BSFBmof54h21cZJ7YsCatAa77muyDjqCIMak9Dzz61ZY"},"_chains":{"BdS0tDJ3GOHYQe7ukCQAGCwe+lZs/K4gAZ3CkKjVfMwo":{"chainKey":{"counter":0,"key":"I1qbbdW4bSKuK0yAxjBn+KtbtdtX5cvY33QIfinrdNQ="},"chainType":1,"messageKeys":{}}},"pendingPreKey":{"signedKeyId":28,"baseKey":"BQGTs1iJ4SZ0A9YIwLYs5T6iGTaOniOUD49lMxdq4DA+","preKeyId":16530242}}},"version":"v1"}