{"_sessions":{"BYmUJ3JOcq4HtyC5JfgDSPxhTJ4o4UeIa0CvlLkzzjFZ":{"registrationId":1095284679,"currentRatchet":{"ephemeralKeyPair":{"pubKey":"BZhD0WzFpPjBpRkoIDr2HW4SxEztWdsw+rv5/pYz1Jgh","privKey":"AEi/pG7SzX50Kyrb5CKBfevv4SaMgWR/J40wn5RrI2w="},"lastRemoteEphemeralKey":"BZ6+tRCkQkdZerCaRsnZw0Vca+Swy/g22H42hzn3tYof","previousCounter":0,"rootKey":"FD057pGfOhnbojICtE2nEDveL0ugsy7lVbqpqZkJRrw="},"indexInfo":{"baseKey":"BYmUJ3JOcq4HtyC5JfgDSPxhTJ4o4UeIa0CvlLkzzjFZ","baseKeyType":2,"closed":1684254365819,"used":1684254198654,"created":1684254198654,"remoteIdentityKey":"BWBMkbz7UfM/IkLZgfYn/zciu17Y/0i71Z+a9+R5xaYU"},"_chains":{"BZ6+tRCkQkdZerCaRsnZw0Vca+Swy/g22H42hzn3tYof":{"chainKey":{"counter":7,"key":"uM4CgUi30SUtZs96XNmajMrTDp4YcwL6VWPdTTqtbLY="},"chainType":2,"messageKeys":{}},"BZhD0WzFpPjBpRkoIDr2HW4SxEztWdsw+rv5/pYz1Jgh":{"chainKey":{"counter":1,"key":"YZfz8W8pXywe+WMrUWtOv8WiQ3sridu1XL16xtOoV/E="},"chainType":1,"messageKeys":{}}}},"BSweJMnP9Si6SbiYW4pNXKLNtSlZmRfHUvCrAn/Plzs8":{"registrationId":1095284679,"currentRatchet":{"ephemeralKeyPair":{"pubKey":"BQ2+7P6DHUvRu1lwg+N8OylHAmJOKE8A2qSOJDsazz0K","privKey":"eDMzi/uc5xvUYV3MXULvi3/Me5mFVX06iuAV/NqJnHo="},"lastRemoteEphemeralKey":"BVOO3y5V3ylcqm2eAlPpfToR1xm2hzyw8e+uZcTIW/JX","previousCounter":0,"rootKey":"G27XStXKVbXQ72TD8+rmKyOdDFXmipg6Zna7c4Yd81E="},"indexInfo":{"baseKey":"BSweJMnP9Si6SbiYW4pNXKLNtSlZmRfHUvCrAn/Plzs8","baseKeyType":1,"closed":1684254383009,"used":1684254365800,"created":1684254365800,"remoteIdentityKey":"BWBMkbz7UfM/IkLZgfYn/zciu17Y/0i71Z+a9+R5xaYU"},"_chains":{"BQ2+7P6DHUvRu1lwg+N8OylHAmJOKE8A2qSOJDsazz0K":{"chainKey":{"counter":-1,"key":"tuAeZS88guTOxR+EcUbSRj8iVGM4rNK/jKJNAoP5SnU="},"chainType":1,"messageKeys":{}}},"pendingPreKey":{"signedKeyId":0,"baseKey":"BSweJMnP9Si6SbiYW4pNXKLNtSlZmRfHUvCrAn/Plzs8","preKeyId":14062533}},"Bb5EJYvte9UY8Z1rXaV8lubAi0IERFe0LX4ab9ivIoVG":{"registrationId":1095284679,"currentRatchet":{"ephemeralKeyPair":{"pubKey":"BVCN9REg0mqaorb1MCbKCoVcAfBAuIErqA3CpOfHbBoO","privKey":"WI8IwQJp6tqhpdzqsdOsjqa+m+38cIGcdtEidCIvQX4="},"lastRemoteEphemeralKey":"BVOO3y5V3ylcqm2eAlPpfToR1xm2hzyw8e+uZcTIW/JX","previousCounter":0,"rootKey":"vGP8OQe6X6Pve8I0JBbO6KHpWEyI1p4MTXzXP8nKa/k="},"indexInfo":{"baseKey":"Bb5EJYvte9UY8Z1rXaV8lubAi0IERFe0LX4ab9ivIoVG","baseKeyType":1,"closed":1684254418606,"used":1684254382995,"created":1684254382995,"remoteIdentityKey":"BWBMkbz7UfM/IkLZgfYn/zciu17Y/0i71Z+a9+R5xaYU"},"_chains":{"BVCN9REg0mqaorb1MCbKCoVcAfBAuIErqA3CpOfHbBoO":{"chainKey":{"counter":-1,"key":"cuZj5FyxvBBAONW1zCCpbFbB+CkzlYW8DvWTUwChJ1Q="},"chainType":1,"messageKeys":{}}},"pendingPreKey":{"signedKeyId":0,"baseKey":"Bb5EJYvte9UY8Z1rXaV8lubAi0IERFe0LX4ab9ivIoVG","preKeyId":14062541}},"BR50NywqoOTVxXygA93ogTQnuOT2DpIRR1QF0arRTzcO":{"registrationId":1095284679,"currentRatchet":{"ephemeralKeyPair":{"pubKey":"BW8TWVF/+FcWvPZmoHg1sbTidbSJyMFagMIT/AZelYZG","privKey":"2BF6UdMRCVwjsWLEI0ZIboguhGn08KrSt4G36CjjLV0="},"lastRemoteEphemeralKey":"BVOO3y5V3ylcqm2eAlPpfToR1xm2hzyw8e+uZcTIW/JX","previousCounter":0,"rootKey":"0VcLUA7uRxhpugXk9dM5f6mkLRHyDbjvPVomo8XAHqo="},"indexInfo":{"baseKey":"BR50NywqoOTVxXygA93ogTQnuOT2DpIRR1QF0arRTzcO","baseKeyType":1,"closed":1684254426174,"used":1684254418595,"created":1684254418595,"remoteIdentityKey":"BWBMkbz7UfM/IkLZgfYn/zciu17Y/0i71Z+a9+R5xaYU"},"_chains":{"BW8TWVF/+FcWvPZmoHg1sbTidbSJyMFagMIT/AZelYZG":{"chainKey":{"counter":-1,"key":"/0kWnOc1hPHjdhS9S5BKHNQjN2FlDMenJUuRsPFifhE="},"chainType":1,"messageKeys":{}}},"pendingPreKey":{"signedKeyId":0,"baseKey":"BR50NywqoOTVxXygA93ogTQnuOT2DpIRR1QF0arRTzcO","preKeyId":14063032}},"BcJEyigrHNSQooBONvV8RaF1UK7vR9bV/v7s9xKz14xX":{"registrationId":1095284679,"currentRatchet":{"ephemeralKeyPair":{"pubKey":"BfL98+yuqhFCtewwi9sjsiANyLbOdc/UQdnUTcP//6kJ","privKey":"WBTk5kLQJwE6c1GURthD+wikHBp9Hz5a52R/xEFwV0Y="},"lastRemoteEphemeralKey":"BVOO3y5V3ylcqm2eAlPpfToR1xm2hzyw8e+uZcTIW/JX","previousCounter":0,"rootKey":"5Orn/h2moiKOJ/sQGsFR9UIpPLWFO7Zj3z9pct1hrPU="},"indexInfo":{"baseKey":"BcJEyigrHNSQooBONvV8RaF1UK7vR9bV/v7s9xKz14xX","baseKeyType":1,"closed":1684254467955,"used":1684254426156,"created":1684254426156,"remoteIdentityKey":"BWBMkbz7UfM/IkLZgfYn/zciu17Y/0i71Z+a9+R5xaYU"},"_chains":{"BfL98+yuqhFCtewwi9sjsiANyLbOdc/UQdnUTcP//6kJ":{"chainKey":{"counter":-1,"key":"OMO/TUP//+fVXQPy3X4oucpF0/50/uDbMCDfy13c+So="},"chainType":1,"messageKeys":{}}},"pendingPreKey":{"signedKeyId":0,"baseKey":"BcJEyigrHNSQooBONvV8RaF1UK7vR9bV/v7s9xKz14xX","preKeyId":14062492}},"BZaAwXBP3p1lYkPvO61/E8vU/SOPwV7ilRlgpfvk7502":{"registrationId":1095284679,"currentRatchet":{"ephemeralKeyPair":{"pubKey":"Be0kJj0P1NStzYUyjGT/WLULSstKyR1zC1KGesYUnJds","privKey":"YPc0j0rmwDAm2MUEsgTCgs0AqIOkiTGg9BoqbxU4Tk0="},"lastRemoteEphemeralKey":"BcONpSaHEn1Mjloyrgo40vjrjnP5CwAQEnubYvZ2Os1L","previousCounter":1,"rootKey":"z5/WlbRFOEU1EwFZa0EFg/hgvO1YBEKRTrUoVWbUPUY="},"indexInfo":{"baseKey":"BZaAwXBP3p1lYkPvO61/E8vU/SOPwV7ilRlgpfvk7502","baseKeyType":1,"closed":-1,"used":1684320276108,"created":1684254467944,"remoteIdentityKey":"BWBMkbz7UfM/IkLZgfYn/zciu17Y/0i71Z+a9+R5xaYU"},"_chains":{"BaqVssC27NC8DnuYZdNChO2g+bbDqUdxrPedX9gbOVpM":{"chainKey":{"counter":0},"chainType":2,"messageKeys":{}},"BY1PXboF0P99xQXvvrv6BZrST/0gDPbq9AT3xi0Kfxg2":{"chainKey":{"counter":3},"chainType":2,"messageKeys":{}},"BaupDJGXh2FziC8hXskbs7QZRlZurQ0j1wB9fmjsnL1Q":{"chainKey":{"counter":0},"chainType":2,"messageKeys":{}},"BRKW+tBJ+5BeJnwq9fy/wE2q2Ivaeune+S97vHrx1wA2":{"chainKey":{"counter":5},"chainType":2,"messageKeys":{}},"BRE1T3WxV9lQbD5READ1a3ey/2v4kmy5gczruTFdZNUV":{"chainKey":{"counter":0},"chainType":2,"messageKeys":{}},"BZJvadTDQXTABPpQm1pGa8gbCu7jou9cKEPI7a3rJnwb":{"chainKey":{"counter":0},"chainType":2,"messageKeys":{}},"BcONpSaHEn1Mjloyrgo40vjrjnP5CwAQEnubYvZ2Os1L":{"chainKey":{"counter":0,"key":"dO1PwBKNwwWNOvh3eeZPsozTvGlH4lIgm9rFA7At+v0="},"chainType":2,"messageKeys":{}},"Be0kJj0P1NStzYUyjGT/WLULSstKyR1zC1KGesYUnJds":{"chainKey":{"counter":24,"key":"oRPuCmk89NkMIja57n15Zmot3RnizblkBnaUsxBD4c8="},"chainType":1,"messageKeys":{}}}}},"version":"v1"}