{"_sessions":{"BezM1VPhH4bORgrq8skksaG2hh0ciPfq2RAPMgbEEt9M":{"registrationId":1259120059,"currentRatchet":{"ephemeralKeyPair":{"pubKey":"BTuCS6AiZqqNi/2urxJfJDRlFHlUPPIPPe7TRoNkldIP","privKey":"IFiZOouTPJRIu8+mwldNCPWBCT38fVJtQsydXShYs3w="},"lastRemoteEphemeralKey":"Bfxs0THSRrWp7+cUT3+n0xytg3wyI/l0lPhaWxrMijJv","previousCounter":0,"rootKey":"W7kWE6QyfNX/0D8UKuUjPaJa1gfllynYrTFXEbP5oME="},"indexInfo":{"baseKey":"BezM1VPhH4bORgrq8skksaG2hh0ciPfq2RAPMgbEEt9M","baseKeyType":1,"closed":-1,"used":1684320406991,"created":1684320406991,"remoteIdentityKey":"BTAwDM+uAwRJ/9M3qZNGUTCIEzpcAvt3sfDMibvX1QNO"},"_chains":{"BTuCS6AiZqqNi/2urxJfJDRlFHlUPPIPPe7TRoNkldIP":{"chainKey":{"counter":0,"key":"myELGtwlkBFznVu9KLNBQcRsqUSD4r2+l+97um+hrt8="},"chainType":1,"messageKeys":{}}},"pendingPreKey":{"signedKeyId":0,"baseKey":"BezM1VPhH4bORgrq8skksaG2hh0ciPfq2RAPMgbEEt9M","preKeyId":7938750}}},"version":"v1"}