{"_sessions":{"BSfal5CtIJpHqc8Rogt7D0Mj5dPjSGh2Gx4bUMVxHn0C":{"registrationId":87128273,"currentRatchet":{"ephemeralKeyPair":{"pubKey":"Bd1qn0FXdLyY5/jUP/erhAuVqmev1mhAC3YJOi7a6XE6","privKey":"4LC2dExGhNAQPzPCd+KhJDSJM1Cp9xmNalRN5iMoo1M="},"lastRemoteEphemeralKey":"BQydrZoaPJMyaEc2Bj42rUj/fC1ro20t8XlKs/EOAw4y","previousCounter":0,"rootKey":"/Ht8+nqUTS6xGBtbh6SewJIYD0SQkuh+ZG6vPTabb4Q="},"indexInfo":{"baseKey":"BSfal5CtIJpHqc8Rogt7D0Mj5dPjSGh2Gx4bUMVxHn0C","baseKeyType":1,"closed":-1,"used":1684320930499,"created":1684254362088,"remoteIdentityKey":"Bcv+Y/qtYZwOYEOpPSP04QWSIAUK0QUXZou5W70sRahY"},"_chains":{"Bb8Ys4hS0uTPT0MsxMNYdwwn0n2HiWBxX76FS5Yc2tVE":{"chainKey":{"counter":0},"chainType":2,"messageKeys":{}},"BQydrZoaPJMyaEc2Bj42rUj/fC1ro20t8XlKs/EOAw4y":{"chainKey":{"counter":0,"key":"ddr8kw/pJ+GldXyit2eYTkaDHWv5mixToH/q41VuW4s="},"chainType":2,"messageKeys":{}},"Bd1qn0FXdLyY5/jUP/erhAuVqmev1mhAC3YJOi7a6XE6":{"chainKey":{"counter":-1,"key":"TAtfxLeDQEdrQTd1vwYvfUbQJxYazLD293Hh9vLjT4Q="},"chainType":1,"messageKeys":{}}}}},"version":"v1"}