{"_sessions":{"BXwijt+HVgZetFE7O9C7To+nHdFM84KNiqSr4/lOHKR9":{"registrationId":1052825230,"currentRatchet":{"ephemeralKeyPair":{"pubKey":"Bb3Oi8exKrwSHXOwHVSicefl1hCcwxSi0DBobbpXx35r","privKey":"UHLS9tmSTdDT8cauVQKZJY0b8yDyQHj/6GkQXSxfpEg="},"lastRemoteEphemeralKey":"BeAFm22qQWxbFZnJXXwGwmnmgXCdNi7yfKzFFLdlfgpV","previousCounter":0,"rootKey":"vgqqGy53eU3IPkAWkrawwVKQQGKkBXMJZuYQrWYUo6E="},"indexInfo":{"baseKey":"BXwijt+HVgZetFE7O9C7To+nHdFM84KNiqSr4/lOHKR9","baseKeyType":1,"closed":-1,"used":1684320406972,"created":1684320406972,"remoteIdentityKey":"Baacn5TRkIQOxBhQbkxR1xMlLRFq8Fv1GZdGTLgjRR5D"},"_chains":{"Bb3Oi8exKrwSHXOwHVSicefl1hCcwxSi0DBobbpXx35r":{"chainKey":{"counter":0,"key":"kp57vScYsXRmkFn2ndS/C/8tmD8v2tcP2jz2vqRtwFY="},"chainType":1,"messageKeys":{}}},"pendingPreKey":{"signedKeyId":4,"baseKey":"BXwijt+HVgZetFE7O9C7To+nHdFM84KNiqSr4/lOHKR9","preKeyId":3828412}}},"version":"v1"}