{"_sessions":{"BbvhoUaL7r2inJAbb4v9fYsGO/Km65hb7I+KXlieF9IO":{"registrationId":1657006654,"currentRatchet":{"ephemeralKeyPair":{"pubKey":"BcVdEI3gpHCEE6tnSDFYKCw2wsueyEzZ4FH+kacApiws","privKey":"uLv+0LHsRU+QLqXJonjEwPdBXwOwj+mvt3FLMXRjV0k="},"lastRemoteEphemeralKey":"BbTtHRTs7ZJKSA0RYAa7ZqZgq8htCmlbYj28j3CW/ooI","previousCounter":0,"rootKey":"FNepTbvReRqxUMAlDTii4G7w92WKl1gYz/UvVPRpe0Q="},"indexInfo":{"baseKey":"BbvhoUaL7r2inJAbb4v9fYsGO/Km65hb7I+KXlieF9IO","baseKeyType":1,"closed":-1,"used":1684254362629,"created":1684254362629,"remoteIdentityKey":"BV9u/R38RPJGdCNOjf3o4cFMH+Sa6LYqUnmRhNYUqx1D"},"_chains":{"BcVdEI3gpHCEE6tnSDFYKCw2wsueyEzZ4FH+kacApiws":{"chainKey":{"counter":6,"key":"wmD4yq4JyNbRY4ceSH0knTU7lGJi2wulGvxUbFFEg9w="},"chainType":1,"messageKeys":{}}},"pendingPreKey":{"signedKeyId":11,"baseKey":"BbvhoUaL7r2inJAbb4v9fYsGO/Km65hb7I+KXlieF9IO","preKeyId":1607369}}},"version":"v1"}