{"_sessions":{"BSSaoPC0p3kwmmBEqK+WK2SnQsiwPYQZfecje+r93RJk":{"registrationId":1965043951,"currentRatchet":{"ephemeralKeyPair":{"pubKey":"BViQOB54CMKx2t/LgK9IaroKGm6NvZ5JaHGapalPGs1M","privKey":"cFFqnF+I25lDL9Dqm6TJ/Wrm10kCwhhbCKL/7Jedmms="},"lastRemoteEphemeralKey":"BTdzwCi/PVYgcwtHMyfSDENu+cII2IhOO2BT6QAUqNI2","previousCounter":0,"rootKey":"7LFVEsXDre2SRoR2yzXPo1b5zYzT1ClCH1+TUozj2Hc="},"indexInfo":{"baseKey":"BSSaoPC0p3kwmmBEqK+WK2SnQsiwPYQZfecje+r93RJk","baseKeyType":1,"closed":-1,"used":1684320407059,"created":1684320407059,"remoteIdentityKey":"Bae7mipILu2PISORj2NtO2TlzHEITgFFCdgCSu5b2t8k"},"_chains":{"BViQOB54CMKx2t/LgK9IaroKGm6NvZ5JaHGapalPGs1M":{"chainKey":{"counter":0,"key":"QlWpI3MpRqI1sUJu5FObcKWPGHLYrMtnMWoWW5m8ZW4="},"chainType":1,"messageKeys":{}}},"pendingPreKey":{"signedKeyId":4,"baseKey":"BSSaoPC0p3kwmmBEqK+WK2SnQsiwPYQZfecje+r93RJk","preKeyId":6898299}}},"version":"v1"}