{"_sessions":{"BR6xqBLuKx3JEAgbquENMn0SgEXDIKNlGqDMZdQ7OaBY":{"registrationId":736865280,"currentRatchet":{"ephemeralKeyPair":{"pubKey":"BfJQDv6BOchpZXyeLarE7ZNf9z+E7BhZw3lWhduR41Qr","privKey":"KMNrTYE+orBKZiX1+a6Hxk6FRv/tn2mPSNaJQoSZREM="},"lastRemoteEphemeralKey":"BTsVsQi/ezSB6gcIQYJwKT++L8vLBi4rfOxbpqYWw/4F","previousCounter":0,"rootKey":"Tfb5IQBk6w/s0WRxWzUX6WfyxZ4HV24BTkUY7cR7Vuo="},"indexInfo":{"baseKey":"BR6xqBLuKx3JEAgbquENMn0SgEXDIKNlGqDMZdQ7OaBY","baseKeyType":1,"closed":-1,"used":1684254361960,"created":1684254361960,"remoteIdentityKey":"BQ1ELwhDDtj0OtSazRxFLvziDAeiIa62AoIzOfQynsVx"},"_chains":{"BfJQDv6BOchpZXyeLarE7ZNf9z+E7BhZw3lWhduR41Qr":{"chainKey":{"counter":6,"key":"+diD0W0d6GxP3dvFcCZKmzkIjuDCijKeXBGjXs6QYNs="},"chainType":1,"messageKeys":{}}},"pendingPreKey":{"signedKeyId":0,"baseKey":"BR6xqBLuKx3JEAgbquENMn0SgEXDIKNlGqDMZdQ7OaBY","preKeyId":16516604}}},"version":"v1"}