{"_sessions":{"BbHxb9y/mR8m7FVlttBKpKB63X5AsfvY0wGWWbVOz3Ik":{"registrationId":380009607,"currentRatchet":{"ephemeralKeyPair":{"pubKey":"BTbKAuU43YVo2z5EGabHib121yfIaeWKCa+bYmMPInF4","privKey":"6MJh6E/0jDO8unDR2UPvLX+LIy3wG1JJwSoWRX2YvUQ="},"lastRemoteEphemeralKey":"BSzPscIoqHBrAi/MqIJ+As7Ggg0jz4XqI+WQYOa/5EcS","previousCounter":0,"rootKey":"VSeG1MXycvsTmmpyb4swQ56QmwWLPMkBgRt3bOAXlWs="},"indexInfo":{"baseKey":"BbHxb9y/mR8m7FVlttBKpKB63X5AsfvY0wGWWbVOz3Ik","baseKeyType":1,"closed":-1,"used":1684320407106,"created":1684320407106,"remoteIdentityKey":"BdY6mfr28HIH31M56KrXCE9euNYtR2wFuaZS3eRrxz1J"},"_chains":{"BTbKAuU43YVo2z5EGabHib121yfIaeWKCa+bYmMPInF4":{"chainKey":{"counter":0,"key":"i3LiM3M9D/LQe9JBoqmHZQiyPBqowLq34sFS3Z3rVNk="},"chainType":1,"messageKeys":{}}},"pendingPreKey":{"signedKeyId":2,"baseKey":"BbHxb9y/mR8m7FVlttBKpKB63X5AsfvY0wGWWbVOz3Ik","preKeyId":11680617}}},"version":"v1"}