{"_sessions":{"BdAEnm/X+oGPGxsdST3UDkOOVVyGwgtfwC+o0jdkv4s2":{"registrationId":836565940,"currentRatchet":{"ephemeralKeyPair":{"pubKey":"BUDOK3H+peqbTnIYU4G4JvmWnrZpqpsdODzZyn9VwpJ0","privKey":"0GuL+hICmGP+v21dw4t13dbQpkS4O4IfQKHLSPsr7ns="},"lastRemoteEphemeralKey":"BSYu+7MawB7OT01ZiNDDqBF7gNWTCJ4JmbwpTRKmNh0M","previousCounter":0,"rootKey":"tAeli31L7+/Hp0oQDxVntcqy651MGCeSTA/PwdAIPX8="},"indexInfo":{"baseKey":"BdAEnm/X+oGPGxsdST3UDkOOVVyGwgtfwC+o0jdkv4s2","baseKeyType":1,"closed":-1,"used":1684254362185,"created":1684254362185,"remoteIdentityKey":"BYZ8fMT2xqN9PpFSn640QIpxXKPP8PhsXyGC8DwqZgpK"},"_chains":{"BUDOK3H+peqbTnIYU4G4JvmWnrZpqpsdODzZyn9VwpJ0":{"chainKey":{"counter":6,"key":"H/7a8CbDWRzhrvDjhWGKmjJ1zao9JNKeOoX1mRKi7gM="},"chainType":1,"messageKeys":{}}},"pendingPreKey":{"signedKeyId":18,"baseKey":"BdAEnm/X+oGPGxsdST3UDkOOVVyGwgtfwC+o0jdkv4s2","preKeyId":2305542}}},"version":"v1"}