{"_sessions":{"BSJL32FCBej3TWToTA5vRJKnvDEeZtyYnkRvhh/jwPZp":{"registrationId":459818454,"currentRatchet":{"ephemeralKeyPair":{"pubKey":"BQsOrpxDjwxTFTiImrb1olSSeG3mFPj5Qsfl6PHZGH18","privKey":"WEU1cHvYtawc0JJ7cEasT66WEx74w5nBLLNmcU34Z2Q="},"lastRemoteEphemeralKey":"BXQTZZIfHI/poDUoIf8akGbf9cIyhd4JEUAJW/IkI0dg","previousCounter":0,"rootKey":"KW8Wxw9PjxHHoWt+qdVdWeBR7XdQ/G4NIm1+IyJ4t+I="},"indexInfo":{"baseKey":"BSJL32FCBej3TWToTA5vRJKnvDEeZtyYnkRvhh/jwPZp","baseKeyType":1,"closed":-1,"used":1684254362376,"created":1684254362376,"remoteIdentityKey":"BZH+HucBhePdhGMNBWNWSaIgwCirXLUatp4QaEDD2pV9"},"_chains":{"BQsOrpxDjwxTFTiImrb1olSSeG3mFPj5Qsfl6PHZGH18":{"chainKey":{"counter":6,"key":"3gQ1LpztDpTpNH236/lmCtytcSnInhyJDaspW9dgJaI="},"chainType":1,"messageKeys":{}}},"pendingPreKey":{"signedKeyId":11,"baseKey":"BSJL32FCBej3TWToTA5vRJKnvDEeZtyYnkRvhh/jwPZp","preKeyId":6406432}}},"version":"v1"}