{"_sessions":{"BRDNj7puGry5AglX+cH2XAqnZdY7F7trRkepVhm2BwkD":{"registrationId":1067078090,"currentRatchet":{"ephemeralKeyPair":{"pubKey":"BTW6n0yhsDozCMYwY0+y9VyL8gYpWUTiDqeAsk1qoqAK","privKey":"uKHz/FplJ9r0zqXPazZS9l7NCI+/ctXXWo2tTFTZzGY="},"lastRemoteEphemeralKey":"BXbk9qL5KieVvx1RvLuHZqbkSlWKWDjP6NkY3Lm7Inh+","previousCounter":0,"rootKey":"w2lQEdhZhrhHik/Z55HspzKFCHU3iEo+bfwBLiHqUQM="},"indexInfo":{"baseKey":"BRDNj7puGry5AglX+cH2XAqnZdY7F7trRkepVhm2BwkD","baseKeyType":1,"closed":-1,"used":1684320407224,"created":1684320407224,"remoteIdentityKey":"BQWaNkSTudzw4K3CT0gy8cUoexOEiyaLnZNDGnum2FxN"},"_chains":{"BTW6n0yhsDozCMYwY0+y9VyL8gYpWUTiDqeAsk1qoqAK":{"chainKey":{"counter":0,"key":"DKbXtZBYz2O6anbLsR3FZAH13yMsCrrWoc5HflzRf5U="},"chainType":1,"messageKeys":{}}},"pendingPreKey":{"signedKeyId":5,"baseKey":"BRDNj7puGry5AglX+cH2XAqnZdY7F7trRkepVhm2BwkD","preKeyId":2750375}}},"version":"v1"}