{"_sessions":{"BWqFP644BmOUzmajyEnpGa3GJ2nIpAWuAmC5h5xP8AMl":{"registrationId":714796194,"currentRatchet":{"ephemeralKeyPair":{"pubKey":"BcUNy3jBlciH1ViR+jAiMqkzk+kKoXt5mMnWw2bCd+Jz","privKey":"KPpiYPXc5p47rZX61Zjo3iIIY5WL1aanes1iZdzvTVY="},"lastRemoteEphemeralKey":"BdPIoImNEk9imBCcCXP4LjhAUEiQ4qXXS+Aw/WSHeoUW","previousCounter":0,"rootKey":"9d+NoEQUXX5Aj6saKccRwjkOVI8dVJka52T8bIPA8Bc="},"indexInfo":{"baseKey":"BWqFP644BmOUzmajyEnpGa3GJ2nIpAWuAmC5h5xP8AMl","baseKeyType":1,"closed":-1,"used":1684320406770,"created":1684320406770,"remoteIdentityKey":"BeQsNwSLScndqSsR8lhya9BYfeCOEpbPdTasifF3GeQe"},"_chains":{"BcUNy3jBlciH1ViR+jAiMqkzk+kKoXt5mMnWw2bCd+Jz":{"chainKey":{"counter":0,"key":"15/nDD3vnlBfd88t6HQ/zdQcZ4T9vE+yc/HWAu4CgjU="},"chainType":1,"messageKeys":{}}},"pendingPreKey":{"signedKeyId":1,"baseKey":"BWqFP644BmOUzmajyEnpGa3GJ2nIpAWuAmC5h5xP8AMl","preKeyId":1487393}}},"version":"v1"}