{"_sessions":{"BRnd3yfPdxLOf4CVIZeuzE4oVjsncj2gxU0VZDtP5ypX":{"registrationId":276248713,"currentRatchet":{"ephemeralKeyPair":{"pubKey":"BW543r1Y7VRBXwWWSbAfQOHGQXfqmjzQEcMrGx3UloYD","privKey":"6Hx1YpVrG8c1HlYlk1bN9WRot2ubhArQsmcNX5XrjGM="},"lastRemoteEphemeralKey":"BWZSZj/1lOv0hDSh1wDEdNO65NgiMTH9g5MtpsAbaNw8","previousCounter":0,"rootKey":"QQ7eYH3EICQ7Chl9LCZl5765uQYaBMHM6yKaT3yWqOQ="},"indexInfo":{"baseKey":"BRnd3yfPdxLOf4CVIZeuzE4oVjsncj2gxU0VZDtP5ypX","baseKeyType":1,"closed":-1,"used":1684320407203,"created":1684320407203,"remoteIdentityKey":"BQNpF27wxHMOjZO1/GwcpN18puMZ5URDHu0EfPxWkI1O"},"_chains":{"BW543r1Y7VRBXwWWSbAfQOHGQXfqmjzQEcMrGx3UloYD":{"chainKey":{"counter":0,"key":"eRnVMxETLLpkhEcxLrU8hLIv8XmeN/Ao8uTBluttp7M="},"chainType":1,"messageKeys":{}}},"pendingPreKey":{"signedKeyId":7,"baseKey":"BRnd3yfPdxLOf4CVIZeuzE4oVjsncj2gxU0VZDtP5ypX","preKeyId":10754405}}},"version":"v1"}