{"_sessions":{"BX+l1KGi5st897nWDJjVQHUiHzqciQyzfvXjcWwyjmdg":{"registrationId":1754706817,"currentRatchet":{"ephemeralKeyPair":{"pubKey":"Bf7IdLGOZ1at6tULc9zLgF+ujSHxWPoG1Y8iQ6xQLb9M","privKey":"eLnzZMSBF2yFYjWMoa9qg1TVqcUnwQVzR6P5yff1qmI="},"lastRemoteEphemeralKey":"BTih7OAjLjER7nSlqJQzDzuxbEVoQ5CEkoOZVqB3fYNZ","previousCounter":0,"rootKey":"62wEaWmYDHi9OBE0DRHk/RmqXkB1UejKMqpx9dzi24c="},"indexInfo":{"baseKey":"BX+l1KGi5st897nWDJjVQHUiHzqciQyzfvXjcWwyjmdg","baseKeyType":1,"closed":-1,"used":1684254362108,"created":1684254362108,"remoteIdentityKey":"Bcn5Aczfp7MtQBA1z9b4MqO0u/j4QkCys8jORRthRbV+"},"_chains":{"Bf7IdLGOZ1at6tULc9zLgF+ujSHxWPoG1Y8iQ6xQLb9M":{"chainKey":{"counter":6,"key":"CIfDqgMbnADaC75vnssC65qNiIJB0J1kc6wcht0s1KQ="},"chainType":1,"messageKeys":{}}},"pendingPreKey":{"signedKeyId":4,"baseKey":"BX+l1KGi5st897nWDJjVQHUiHzqciQyzfvXjcWwyjmdg"}}},"version":"v1"}