{"_sessions":{"BUyBQBLN94McDUOm5FFT0ugKgiBznRFl+BPoukMjDjlI":{"registrationId":2089454269,"currentRatchet":{"ephemeralKeyPair":{"pubKey":"BXkeEjDP62bHhJ4guX3B+yk8c5DTG92aki/IsAU/aUp8","privKey":"+NRhj7508Q4VsZJM6ld8Zfy5YqTnByYkaOw5VZOVdm8="},"lastRemoteEphemeralKey":"BSbQn5G1+JYsy/4J7nVWb4pIVZVhcwtQlXQTPHvgoO0z","previousCounter":0,"rootKey":"Jrx8kaC/g/ZrnVXTyNBlmewbvdlsPQVYxhLM5+RMrvM="},"indexInfo":{"baseKey":"BUyBQBLN94McDUOm5FFT0ugKgiBznRFl+BPoukMjDjlI","baseKeyType":1,"closed":-1,"used":1684254362438,"created":1684254362438,"remoteIdentityKey":"BbBBzcbwv0hzWtHPTpEJKnCLRJLPC3nE7iyI8wHibzVQ"},"_chains":{"BXkeEjDP62bHhJ4guX3B+yk8c5DTG92aki/IsAU/aUp8":{"chainKey":{"counter":6,"key":"vzYoThnJNtF+RPSOdeUAmrJw7IgoR0LvxrDC87wxVUA="},"chainType":1,"messageKeys":{}}},"pendingPreKey":{"signedKeyId":28,"baseKey":"BUyBQBLN94McDUOm5FFT0ugKgiBznRFl+BPoukMjDjlI","preKeyId":323741}}},"version":"v1"}