{"_sessions":{"BREdQFnSVIazS4Cli9buKj4xxOr1FFkgfvjCwPAWMrwu":{"registrationId":1134366283,"currentRatchet":{"ephemeralKeyPair":{"pubKey":"BSLFOCQUwFfUTCulPTdByqmDIKFQyRR2Ct5QFeKxgadj","privKey":"wAU1CVbYkq7WK4Z0Em2MjGNhPT/c20Zyr+bY3UTRmX0="},"lastRemoteEphemeralKey":"BYyZYl4V7TMaJPXSrbKOPXnzQwN2ufaSwkPSnbXfmt0h","previousCounter":0,"rootKey":"l7/OvFxPVaKdJYUasBXqSEjqBvKUwOegUja10QeGsbA="},"indexInfo":{"baseKey":"BREdQFnSVIazS4Cli9buKj4xxOr1FFkgfvjCwPAWMrwu","baseKeyType":1,"closed":-1,"used":1684254362246,"created":1684254362246,"remoteIdentityKey":"BRv4pzeDVb8U96PaAZOXGArvkYPZ0TIih1t32EaQh0Q6"},"_chains":{"BSLFOCQUwFfUTCulPTdByqmDIKFQyRR2Ct5QFeKxgadj":{"chainKey":{"counter":6,"key":"jWwrQSFKytTK5lJMnMPU4AbWS/jE6rFVONdwrY9BVBk="},"chainType":1,"messageKeys":{}}},"pendingPreKey":{"signedKeyId":15,"baseKey":"BREdQFnSVIazS4Cli9buKj4xxOr1FFkgfvjCwPAWMrwu","preKeyId":9145265}}},"version":"v1"}