{"_sessions":{"BXi5Q6QHVf49ySjXsBtBmJKTefzHBWQGnRBEyL4WsQUQ":{"registrationId":1824554861,"currentRatchet":{"ephemeralKeyPair":{"pubKey":"BXY/Nv3dDowKV+VltL/V6moBsZs7ddkA3J0xaGZkYud4","privKey":"0D9ANeIABD4hDUH6zPGNKHMmTgB+R9AkiNycawjX628="},"lastRemoteEphemeralKey":"BaM/tmh/Bd19l4SmdpPnafs22zetiFMY44czEnkhAuQg","previousCounter":0,"rootKey":"cxsBCYfdNE7agzpdZuGR8iRJplWpcP8mcqHEdOlBSZM="},"indexInfo":{"baseKey":"BXi5Q6QHVf49ySjXsBtBmJKTefzHBWQGnRBEyL4WsQUQ","baseKeyType":1,"closed":-1,"used":1684320406924,"created":1684320406924,"remoteIdentityKey":"Ba201TKMUucm4WkFx6jFQqnKdMl1+3lalnmgjRu1D7oS"},"_chains":{"BXY/Nv3dDowKV+VltL/V6moBsZs7ddkA3J0xaGZkYud4":{"chainKey":{"counter":0,"key":"2iOeW5UI2OZIg/0f7pQrJtXJbALicxO2idbUgpR6YJU="},"chainType":1,"messageKeys":{}}},"pendingPreKey":{"signedKeyId":1,"baseKey":"BXi5Q6QHVf49ySjXsBtBmJKTefzHBWQGnRBEyL4WsQUQ","preKeyId":15145032}}},"version":"v1"}