{"_sessions":{"BSw80hio2HabRrpCoeOBB7b3PupGAMD8lzQRGarXzp14":{"registrationId":1680379529,"currentRatchet":{"ephemeralKeyPair":{"pubKey":"BVMzQaTd19zP6HATF6Kk8F1LGSJiOy13KP9lw/omxR98","privKey":"AA4OUXB3PNyH9spulyRG4UMgiG/P9GK2jw8HaR2kc00="},"lastRemoteEphemeralKey":"BafwKZj9xDXeTItaTSZr3sEkz0qevYDDX9OMJ1kYlMc0","previousCounter":0,"rootKey":"f3Yd4YOMf3G4WSnH17nEu3jcFOocbNQGtf3i4nad9Qw="},"indexInfo":{"baseKey":"BSw80hio2HabRrpCoeOBB7b3PupGAMD8lzQRGarXzp14","baseKeyType":1,"closed":-1,"used":1684320406586,"created":1684320406586,"remoteIdentityKey":"BXs5Rg3DvfZcPaE0vOCoSmqsKJ9BU4qdIsh8gl/2sPpn"},"_chains":{"BVMzQaTd19zP6HATF6Kk8F1LGSJiOy13KP9lw/omxR98":{"chainKey":{"counter":0,"key":"iYEMpA7zbE5xfl5k0UfeZMv/kXcY61mTQDipi1T9Od0="},"chainType":1,"messageKeys":{}}},"pendingPreKey":{"signedKeyId":1,"baseKey":"BSw80hio2HabRrpCoeOBB7b3PupGAMD8lzQRGarXzp14"}}},"version":"v1"}