{"_sessions":{"BWDrAarEqoa8VCTh+9ujVZdl3Lap2aAxOlX2lKHRZ01V":{"registrationId":1152099485,"currentRatchet":{"ephemeralKeyPair":{"pubKey":"BWHa0z+Ly806TTheAyWBYMMAByDTvRJvpxsbcCFRJi4c","privKey":"EIANIDDLJY4sbciYme+nTmCDQBVEncUZrfpBZOK7s04="},"lastRemoteEphemeralKey":"Bel5QUtr28r04QBf1vtTGLYnq7cBoWYFncIPBi4avAR3","previousCounter":0,"rootKey":"5eqfgwx4PurMTReOVHpGk3bhSoi7CrhdHoxROuOWrEs="},"indexInfo":{"baseKey":"BWDrAarEqoa8VCTh+9ujVZdl3Lap2aAxOlX2lKHRZ01V","baseKeyType":1,"closed":-1,"used":1684320406759,"created":1684320406759,"remoteIdentityKey":"BelrozxiSobo2OpWKHrJxAJ2HVZgawpJ/YUe+MED9Dwe"},"_chains":{"BWHa0z+Ly806TTheAyWBYMMAByDTvRJvpxsbcCFRJi4c":{"chainKey":{"counter":0,"key":"M0xQZjp524C6I8iPxYyed5AxlXvamSjayRg6HfNzCLc="},"chainType":1,"messageKeys":{}}},"pendingPreKey":{"signedKeyId":8,"baseKey":"BWDrAarEqoa8VCTh+9ujVZdl3Lap2aAxOlX2lKHRZ01V","preKeyId":1506494}}},"version":"v1"}