{"_sessions":{"BV5C9yu8zTVL7QlyHwFKeRZ0sr2hkI3DJiH0LiuCfI5f":{"registrationId":1497490529,"currentRatchet":{"ephemeralKeyPair":{"pubKey":"BVl90dnI+C/rQHtWwWMco0uqIfX7euj3Mv41Kjik6zk7","privKey":"iGY/+N9xEGTlG1zlFHap6RSSRRvrC5P6FU7BcNijzlw="},"lastRemoteEphemeralKey":"BQ0/P7sy9vTcOEr+zARVkeC4YHFX3VTGQZboVByphz9C","previousCounter":0,"rootKey":"EvZlDTYnPtT5JNtE/q59wmstzyJ5iWBiDKGRr7/3ckk="},"indexInfo":{"baseKey":"BV5C9yu8zTVL7QlyHwFKeRZ0sr2hkI3DJiH0LiuCfI5f","baseKeyType":1,"closed":-1,"used":1684320407365,"created":1684320407365,"remoteIdentityKey":"BQxAbA2J1Z2LWNbY5VVXwJ+JB2FQBX0apurHWJJPqooC"},"_chains":{"BVl90dnI+C/rQHtWwWMco0uqIfX7euj3Mv41Kjik6zk7":{"chainKey":{"counter":0,"key":"EwRM4XOYVRHIW/bkcCD7F4RSof9u15LMNBlCOqPpQps="},"chainType":1,"messageKeys":{}}},"pendingPreKey":{"signedKeyId":4,"baseKey":"BV5C9yu8zTVL7QlyHwFKeRZ0sr2hkI3DJiH0LiuCfI5f","preKeyId":16563860}}},"version":"v1"}