{"_sessions":{"BWDuzNJtsM67Z4/B7Uv5CKXc/SCiDoR6/7mGBhk+cVZo":{"registrationId":437647654,"currentRatchet":{"ephemeralKeyPair":{"pubKey":"BUTI3MQHrs3FrzI+PqF5lHaYjFMlcShyUwC1pHXL9N8z","privKey":"6GFEZ4p/FptAjOEnaHdOkVVkr0v9WO0F5bWg5oo+02M="},"lastRemoteEphemeralKey":"BQ9Ubf3Gqzr+/5IUSiZaH5/nYKI1cWlhzp9YZQPL1sYh","previousCounter":0,"rootKey":"YTtaaMPZieylpkd5Sr2fAIvIxvRrcLPKEjJlQ/mxiAw="},"indexInfo":{"baseKey":"BWDuzNJtsM67Z4/B7Uv5CKXc/SCiDoR6/7mGBhk+cVZo","baseKeyType":1,"closed":-1,"used":1684320406874,"created":1684320406874,"remoteIdentityKey":"BUcYXkwGLXmhjWKlIz3OqIIUcSqZ/7izLWtU5p5DWW0C"},"_chains":{"BUTI3MQHrs3FrzI+PqF5lHaYjFMlcShyUwC1pHXL9N8z":{"chainKey":{"counter":0,"key":"+Uf17ncVfy6rjYuJOUwYrpm4lNz8WiQJzhRCgeVZMuA="},"chainType":1,"messageKeys":{}}},"pendingPreKey":{"signedKeyId":1,"baseKey":"BWDuzNJtsM67Z4/B7Uv5CKXc/SCiDoR6/7mGBhk+cVZo","preKeyId":16411414}}},"version":"v1"}