{"_sessions":{"BRAbfqjC/hJ9c2crJnjEk6jb0GrEY/Y4PQK9Bp6V7RkX":{"registrationId":1091271347,"currentRatchet":{"ephemeralKeyPair":{"pubKey":"BZgtdBGFYGllVCHfDLUu5K6d6dFNaQtnKNJ9WrZ4BLkh","privKey":"cLtBywYJ2SkkfVd5Y4fdAEC070u+bfy9uXaTPWaTR1E="},"lastRemoteEphemeralKey":"BYK+KnOthPN1km2foJBFwl2g+0ZN2a+KQyK0BA/YRsdU","previousCounter":0,"rootKey":"XKdvUTEk3iefNQ75tSuIxaQlbQjY8VoRQIzhtiKcb7A="},"indexInfo":{"baseKey":"BRAbfqjC/hJ9c2crJnjEk6jb0GrEY/Y4PQK9Bp6V7RkX","baseKeyType":1,"closed":-1,"used":1684320406943,"created":1684320406943,"remoteIdentityKey":"Bclv9OFHYujh4K07uG/tc68FJCO9Q5rUh0HK4z/1Elxk"},"_chains":{"BZgtdBGFYGllVCHfDLUu5K6d6dFNaQtnKNJ9WrZ4BLkh":{"chainKey":{"counter":0,"key":"ZYnGgxlpdBAT5+ySqfnCdJ5LK6f1qnoSTmQGdAysqAw="},"chainType":1,"messageKeys":{}}},"pendingPreKey":{"signedKeyId":10,"baseKey":"BRAbfqjC/hJ9c2crJnjEk6jb0GrEY/Y4PQK9Bp6V7RkX","preKeyId":53961}}},"version":"v1"}