{"_sessions":{"BXlYgIkP6FkdVhvhYVVc5rMXwPwlOpSAaPvsx34tYMYw":{"registrationId":1219048800,"currentRatchet":{"ephemeralKeyPair":{"pubKey":"BTUbj/4n/Ye9Fc3hYrMvWk/GqeFCQiO8dysDXnM7mvhB","privKey":"CNwZvTCELm1uOF0scxf5cOs5PIkQ+PqW3pmnIwf3dG0="},"lastRemoteEphemeralKey":"BQPtG33FO+KVoHZuTVMcH4Y7mEVjAwB6PMXbrcjuKvd6","previousCounter":0,"rootKey":"vS9sAKq+eeumQluY3rFjvjaN/p86CiHXJ09UxDoSbSE="},"indexInfo":{"baseKey":"BXlYgIkP6FkdVhvhYVVc5rMXwPwlOpSAaPvsx34tYMYw","baseKeyType":1,"closed":-1,"used":1684254362079,"created":1684254362079,"remoteIdentityKey":"Bbw0Ifez+pUrKUy/4pIZ6VLrEyScfj6pntFttRpRe+ZX"},"_chains":{"BTUbj/4n/Ye9Fc3hYrMvWk/GqeFCQiO8dysDXnM7mvhB":{"chainKey":{"counter":6,"key":"ddDBjjjHJMaxjNuuJBi57fT2MDhTmVLEyg94NC8iHl4="},"chainType":1,"messageKeys":{}}},"pendingPreKey":{"signedKeyId":4,"baseKey":"BXlYgIkP6FkdVhvhYVVc5rMXwPwlOpSAaPvsx34tYMYw","preKeyId":2631345}}},"version":"v1"}