{"_sessions":{"Bf18zdOSagAApImkwxz31MhmJsNMr1wQHK2oaj4o/sNx":{"registrationId":710250217,"currentRatchet":{"ephemeralKeyPair":{"pubKey":"BXnwxpmTpnArNy6sxvNazzoKYPuocyh7nq8PudXKBjog","privKey":"uFH5V/O7v49Z3N4A5BR5xdb+etIHm5V2wgbhcKGhFWA="},"lastRemoteEphemeralKey":"BXDPOXaPmbaq/z4RdDIvg4QOFtXOXB6meLyNKyKvJqEe","previousCounter":0,"rootKey":"44PgFnKzcjtTAWEq13Wx+ydzFAknAOQBfFRIVVzHRLk="},"indexInfo":{"baseKey":"Bf18zdOSagAApImkwxz31MhmJsNMr1wQHK2oaj4o/sNx","baseKeyType":1,"closed":-1,"used":1684254362558,"created":1684254362558,"remoteIdentityKey":"BRSIz9BE810XR6DaecM0X12F1Ik2s02ngxCruFq0HVtK"},"_chains":{"BXnwxpmTpnArNy6sxvNazzoKYPuocyh7nq8PudXKBjog":{"chainKey":{"counter":6,"key":"FVL1TYearNUn+v73PPi3RjZ8+Ztfel7ILiMpDaggv20="},"chainType":1,"messageKeys":{}}},"pendingPreKey":{"signedKeyId":46,"baseKey":"Bf18zdOSagAApImkwxz31MhmJsNMr1wQHK2oaj4o/sNx","preKeyId":11394815}}},"version":"v1"}