{"_sessions":{"BbTgvjmHHiMs94bbwrfxSF5cAq7aA0uPGEmQOVCJLEh1":{"registrationId":1649188255,"currentRatchet":{"ephemeralKeyPair":{"pubKey":"BT21XQ/fZ0unRWRerYyM28QZEuH2vEWg2g7YCgboCrBK","privKey":"wL8yjLlIC8RTHZVsgvZaekyh0TQyW8Tn9agVF6o750k="},"lastRemoteEphemeralKey":"BRvVmX5Cbn1HOk4TT9a9074P+PlW4XE/jtd8uD1ow583","previousCounter":0,"rootKey":"oruxOwIjTw3jq8JnuCsmKD7S3XJoa77dN6qqGTmmOjI="},"indexInfo":{"baseKey":"BbTgvjmHHiMs94bbwrfxSF5cAq7aA0uPGEmQOVCJLEh1","baseKeyType":1,"closed":-1,"used":1684320407430,"created":1684320407430,"remoteIdentityKey":"Bbs8nF5NGhunfcY06mQvo/s2Lr/Ry1JovSq6vFprYAc4"},"_chains":{"BT21XQ/fZ0unRWRerYyM28QZEuH2vEWg2g7YCgboCrBK":{"chainKey":{"counter":0,"key":"1v1j3DoY79ZG4lPes/dfMmLP2YDKSvCwWHhHnCTSTIQ="},"chainType":1,"messageKeys":{}}},"pendingPreKey":{"signedKeyId":3,"baseKey":"BbTgvjmHHiMs94bbwrfxSF5cAq7aA0uPGEmQOVCJLEh1","preKeyId":13079745}}},"version":"v1"}