{"_sessions":{"BZyImxpoLM/tIP7yo0aTNoI8hVx2fiqTzXH3YCCtz5p+":{"registrationId":916615771,"currentRatchet":{"ephemeralKeyPair":{"pubKey":"BbJhhsGH0K3r24Ot1w1nfVxZKD1MIJYZM5a8d9KIbqAt","privKey":"8CCpcMCQhhEdHuZKqPJ4ie3AzTD5WUptKpi08BWJjE4="},"lastRemoteEphemeralKey":"BRWZUF0/75yamSmxnekYN6ZB6CDq5mKOPF8yWXJmtt8d","previousCounter":0,"rootKey":"0IwVxOCVPynLAOYdlAbzZ2UDj1hQxlBEowYraAyXDfg="},"indexInfo":{"baseKey":"BZyImxpoLM/tIP7yo0aTNoI8hVx2fiqTzXH3YCCtz5p+","baseKeyType":1,"closed":-1,"used":1684320406627,"created":1684320406627,"remoteIdentityKey":"Bad8NetZ/otXmHfCy3f2Yus7ddAz6FHJtQpYnkH4mNk9"},"_chains":{"BbJhhsGH0K3r24Ot1w1nfVxZKD1MIJYZM5a8d9KIbqAt":{"chainKey":{"counter":0,"key":"7qmo3SBn1NSk51FHFhvkcL32zvMXF8S9kMCJlv8GCT8="},"chainType":1,"messageKeys":{}}},"pendingPreKey":{"signedKeyId":9,"baseKey":"BZyImxpoLM/tIP7yo0aTNoI8hVx2fiqTzXH3YCCtz5p+","preKeyId":9571276}}},"version":"v1"}