{"_sessions":{"BRnHKSeNVRtPC0H/ncFbN0vyfqc/48aKOXhrGKToVlxR":{"registrationId":927660665,"currentRatchet":{"ephemeralKeyPair":{"pubKey":"Bcf7rOpc6v2AJ5wlVla90mF3cKGkQ5SaemYhxFmtwK5L","privKey":"SAqPjE/Oa2si4HSY0ShFRIw/SCDkMZ6q3HzBu8GWTEQ="},"lastRemoteEphemeralKey":"BYXTDPP0/CV8qgckq2h3iwadZRcoS+C0OGuFg3YQhQ8k","previousCounter":0,"rootKey":"w9a+oIINpR966afFHrb5jToRQpbY69Pe5f1ABsf3on0="},"indexInfo":{"baseKey":"BRnHKSeNVRtPC0H/ncFbN0vyfqc/48aKOXhrGKToVlxR","baseKeyType":1,"closed":-1,"used":1684320406617,"created":1684320406617,"remoteIdentityKey":"BZt7dYcN2D38qqKNJ6zfDfpSEP1p/ee6jdmVVvMi34Uw"},"_chains":{"Bcf7rOpc6v2AJ5wlVla90mF3cKGkQ5SaemYhxFmtwK5L":{"chainKey":{"counter":0,"key":"RxY/oNSM6xCCxw8QKAJT+vr2isM8AIIIF0cTmUfU+KM="},"chainType":1,"messageKeys":{}}},"pendingPreKey":{"signedKeyId":16,"baseKey":"BRnHKSeNVRtPC0H/ncFbN0vyfqc/48aKOXhrGKToVlxR","preKeyId":16595072}}},"version":"v1"}