{"_sessions":{"BTrlZGz2DgxxK7Njt1e8NHEavIJIu9MW31+S8o9rxJdO":{"registrationId":1493454900,"currentRatchet":{"ephemeralKeyPair":{"pubKey":"BUve56aPMqW5m5BjfrOdCa8LPRJSj8cOhG4uX3hjWTBT","privKey":"iKniLgUQthnwwJmoTVawPhR+bu7WQssObtAUTGUxLWk="},"lastRemoteEphemeralKey":"BfMALytwB+vM3/Bds+tW9SQbOUrmFOU/78wHLVXSCzxv","previousCounter":0,"rootKey":"FEq+ZM1rbWrvmC1YtBwi5ioVMkMrZopSTSt/jCOcFKc="},"indexInfo":{"baseKey":"BTrlZGz2DgxxK7Njt1e8NHEavIJIu9MW31+S8o9rxJdO","baseKeyType":1,"closed":-1,"used":1684254362336,"created":1684254362336,"remoteIdentityKey":"BZRnnIWZmrKSWWQ8QGJn6fmTD2ZetQLAXq/shNRE/Vcd"},"_chains":{"BUve56aPMqW5m5BjfrOdCa8LPRJSj8cOhG4uX3hjWTBT":{"chainKey":{"counter":6,"key":"YW4xpU6jyJ0ADbOWFXtfcYZSNjiWXhrs0Q30HKZCnuA="},"chainType":1,"messageKeys":{}}},"pendingPreKey":{"signedKeyId":14,"baseKey":"BTrlZGz2DgxxK7Njt1e8NHEavIJIu9MW31+S8o9rxJdO","preKeyId":11434835}}},"version":"v1"}