{"_sessions":{"Bc42Fhvb5yRKRrQR8p7tDaZMrDeW2mnjLojZ3xyNcthN":{"registrationId":414880312,"currentRatchet":{"ephemeralKeyPair":{"pubKey":"BXp/2Cv5WcQvKsxMl6lc0HQCwIRwIq71Qigi3tlHxOg7","privKey":"yAm/1Y6Xt1YppvQwaoS9n3gzsr7Z8cduFLX6BPXIWGw="},"lastRemoteEphemeralKey":"BUYlU7bsG/EfVKueIv16ctdpPIfJ3/iJTZXfNQ3HNJxZ","previousCounter":0,"rootKey":"VjiGnSB8uTImiHPUCeg4scwKXG/ta9+15RAa0bAdQQo="},"indexInfo":{"baseKey":"Bc42Fhvb5yRKRrQR8p7tDaZMrDeW2mnjLojZ3xyNcthN","baseKeyType":1,"closed":-1,"used":1684320407280,"created":1684320407280,"remoteIdentityKey":"BQ+yaCexOapINgUo4XbFr8+Ze6unMtaem/HWkW0kXv87"},"_chains":{"BXp/2Cv5WcQvKsxMl6lc0HQCwIRwIq71Qigi3tlHxOg7":{"chainKey":{"counter":0,"key":"eGoxnOE43j6xmwJl+Djvm23djURO1UsoolS+tJwardQ="},"chainType":1,"messageKeys":{}}},"pendingPreKey":{"signedKeyId":5,"baseKey":"Bc42Fhvb5yRKRrQR8p7tDaZMrDeW2mnjLojZ3xyNcthN","preKeyId":12130794}}},"version":"v1"}