{"_sessions":{"BQSVdpbvbqjEpkaDdjnD6v6cvFcxRX6BlkkqfOdZ4Mw5":{"registrationId":816174816,"currentRatchet":{"ephemeralKeyPair":{"pubKey":"BfPRrcYwC7ptdPlBS4bXRfqTAUKa+8M+k4DFM99qCFBT","privKey":"GI5R4xEt/3ercB/jIFxWEzyBdrR00okXs6DfUnhC2X8="},"lastRemoteEphemeralKey":"BePV9psXhvxww9WRO74JBvtuHFRG/UUiO+Jzr74j0foH","previousCounter":0,"rootKey":"iqIo0KPzGBcqRo1Ce+z+ayCTGpTa7utDXdqLnRKjepY="},"indexInfo":{"baseKey":"BQSVdpbvbqjEpkaDdjnD6v6cvFcxRX6BlkkqfOdZ4Mw5","baseKeyType":1,"closed":-1,"used":1684320406779,"created":1684320406779,"remoteIdentityKey":"BfN6K5YS6YOs+qmgK8L1zYnafi3OORJcXjn0BLxXKAYf"},"_chains":{"BfPRrcYwC7ptdPlBS4bXRfqTAUKa+8M+k4DFM99qCFBT":{"chainKey":{"counter":0,"key":"L8fZR/45iIELd/eEBB6LsGnOy30WTjsCfYP2AT8rEpU="},"chainType":1,"messageKeys":{}}},"pendingPreKey":{"signedKeyId":0,"baseKey":"BQSVdpbvbqjEpkaDdjnD6v6cvFcxRX6BlkkqfOdZ4Mw5","preKeyId":5905030}}},"version":"v1"}