{"_sessions":{"BV9anyhMDlQzUgkJDMdwgDVgz/anfp8LTZI3i8eLECYR":{"registrationId":11848713,"currentRatchet":{"ephemeralKeyPair":{"pubKey":"BQIzAze6JLuL7tbmDw6nJETz81CLDhnfmYrRAU/4Ikk1","privKey":"qEsoRUuurK8jKbzLb58PY9/gtHOrPhlkHugwW4EcqVU="},"lastRemoteEphemeralKey":"BYruKfnJ138ILoc4TfXURb7MBXFmVkg1W3V7TT19cTtq","previousCounter":0,"rootKey":"bWuu4giLj5peJM+UDPYPeIvZdZkvoKYJhKSywONDHPE="},"indexInfo":{"baseKey":"BV9anyhMDlQzUgkJDMdwgDVgz/anfp8LTZI3i8eLECYR","baseKeyType":1,"closed":-1,"used":1684254362683,"created":1684254362683,"remoteIdentityKey":"BS6UBz76xLcF3IXOhoqznTzJc5bXWeLMa25+VoIK/Ocl"},"_chains":{"BQIzAze6JLuL7tbmDw6nJETz81CLDhnfmYrRAU/4Ikk1":{"chainKey":{"counter":6,"key":"Weyl/4JOFXJgufCuWsBkbXYsSn/elLBEIq8s9sUhaCk="},"chainType":1,"messageKeys":{}}},"pendingPreKey":{"signedKeyId":13,"baseKey":"BV9anyhMDlQzUgkJDMdwgDVgz/anfp8LTZI3i8eLECYR","preKeyId":12077560}}},"version":"v1"}