{"_sessions":{"BeGjsVMeK4t8LTG8fn9yqwU4JQ+jB4aiiIDpQY7nKORQ":{"registrationId":20384853,"currentRatchet":{"ephemeralKeyPair":{"pubKey":"BT17B5yzJhfDk3koAyrMuSyNEbf3CyXv+c5NWVy6S9sg","privKey":"eNhH8lSroZl9Eyl+wMIJqNvTBe2UZxfpPKUGODjyG1o="},"lastRemoteEphemeralKey":"BZGukznIPPRLka8UJ9dyeIORZyVu6gSW9GY5pwK5YkRw","previousCounter":0,"rootKey":"gnZT0jaBIx5/gXXDm1uLm/R/WCvnrlUmAdsRSWLtLok="},"indexInfo":{"baseKey":"BeGjsVMeK4t8LTG8fn9yqwU4JQ+jB4aiiIDpQY7nKORQ","baseKeyType":1,"closed":-1,"used":1684320406286,"created":1684320406286,"remoteIdentityKey":"BWYnlL5f3CEmdLqfH13BT42/O6zViniMPSwzlFAFb7Vu"},"_chains":{"BT17B5yzJhfDk3koAyrMuSyNEbf3CyXv+c5NWVy6S9sg":{"chainKey":{"counter":0,"key":"yWzoH3j6ou/VKYlg62fZRWOUOOkXL0m3Q0XU3pxELKs="},"chainType":1,"messageKeys":{}}},"pendingPreKey":{"signedKeyId":11,"baseKey":"BeGjsVMeK4t8LTG8fn9yqwU4JQ+jB4aiiIDpQY7nKORQ","preKeyId":5301373}}},"version":"v1"}