{"_sessions":{"BSx5y+Ega9j3QMnDe+ilpFtr91sZ7WOVHFJxElMolq8u":{"registrationId":470467980,"currentRatchet":{"ephemeralKeyPair":{"pubKey":"BfG3E8Ovm1lsdIjqUU/sG2M0yzLNYdFQiUuQCBzyj20/","privKey":"2CzmHEltLI7JW21DzMrHAsYvFZyMANlKIU43C/qsLkI="},"lastRemoteEphemeralKey":"BdynPeP96unpchkcMqVPjf2f8XwHjKQUqgcj1Bizll47","previousCounter":0,"rootKey":"1zXCsGgTFwoohNatsoy8cwReBy7s5+Bkq8xXsfuN1KQ="},"indexInfo":{"baseKey":"BSx5y+Ega9j3QMnDe+ilpFtr91sZ7WOVHFJxElMolq8u","baseKeyType":1,"closed":-1,"used":1684254362521,"created":1684254362521,"remoteIdentityKey":"BfWi6DBp4IYzmnQyeGURbh1rqEMEEx8+qN76FMTmAPdN"},"_chains":{"BfG3E8Ovm1lsdIjqUU/sG2M0yzLNYdFQiUuQCBzyj20/":{"chainKey":{"counter":6,"key":"a+dkTwIKP7bS7lXZ10ek+Cg45J73UYeU6l4esl3DexQ="},"chainType":1,"messageKeys":{}}},"pendingPreKey":{"signedKeyId":6,"baseKey":"BSx5y+Ega9j3QMnDe+ilpFtr91sZ7WOVHFJxElMolq8u","preKeyId":3991196}}},"version":"v1"}