{"_sessions":{"BWbC2D0cY/Lu1XvFNuiUzPFD3YmluhWXT8B0CbuswYAP":{"registrationId":2081730703,"currentRatchet":{"ephemeralKeyPair":{"pubKey":"BdThYM4ZlCRL+z5vbHn5iCG08na/9PkjIv9pkngxZFFZ","privKey":"+AR9qS4SkQhXo3KuH6i2ywdv03drTX7/gmU1muvD/Fs="},"lastRemoteEphemeralKey":"BSYzRa89WBE+qoVu+I8d/KyiHRrznUr1qHCFQ3HnDtJI","previousCounter":0,"rootKey":"9+ExrbnXNJzLyEUSAl6AZgSPedzsAmzo2JnD2eOJVkE="},"indexInfo":{"baseKey":"BWbC2D0cY/Lu1XvFNuiUzPFD3YmluhWXT8B0CbuswYAP","baseKeyType":1,"closed":-1,"used":1684254362286,"created":1684254362286,"remoteIdentityKey":"BWJhIx2Z5cO5X1sbZ/rVuH8ddYFn6lAn24FgvY4TZMoh"},"_chains":{"BdThYM4ZlCRL+z5vbHn5iCG08na/9PkjIv9pkngxZFFZ":{"chainKey":{"counter":6,"key":"0cnTkWTQC64CHDZPRD+GaqAJUV6fF+qrjH8ee76mfF0="},"chainType":1,"messageKeys":{}}},"pendingPreKey":{"signedKeyId":1,"baseKey":"BWbC2D0cY/Lu1XvFNuiUzPFD3YmluhWXT8B0CbuswYAP"}}},"version":"v1"}