{"_sessions":{"BbT52MkmQ9A/brsTLGBTmQxugVRqLYcLLsksXGqYsv4N":{"registrationId":1466362551,"currentRatchet":{"ephemeralKeyPair":{"pubKey":"BUfnIdednQAjqnTxpIrxTsrT2wIgdcRGWxsHRHGmuFlv","privKey":"YEG6i5+eES9rAC3542imS5c6LYzFC2qsYaLJAe72k1M="},"lastRemoteEphemeralKey":"BUEwoJ1O+GL56BuJDt/op10CNO1Out6CvlTpPwz+E6xK","previousCounter":0,"rootKey":"G/31ky3MiKmtaPhYW0ZsChHlqVvMdmJ7O1qGy9t750g="},"indexInfo":{"baseKey":"BbT52MkmQ9A/brsTLGBTmQxugVRqLYcLLsksXGqYsv4N","baseKeyType":1,"closed":-1,"used":1684254362570,"created":1684254362570,"remoteIdentityKey":"BaVmbUlug4nomudOEiSI5qLx9IIecqyzAwXlvCbkMzto"},"_chains":{"BUfnIdednQAjqnTxpIrxTsrT2wIgdcRGWxsHRHGmuFlv":{"chainKey":{"counter":6,"key":"lY+1RHxn9/R+khEWFUWKcQe9XQj3/fjdx8AB4eioiBc="},"chainType":1,"messageKeys":{}}},"pendingPreKey":{"signedKeyId":22,"baseKey":"BbT52MkmQ9A/brsTLGBTmQxugVRqLYcLLsksXGqYsv4N","preKeyId":11324417}}},"version":"v1"}