{"_sessions":{"BecvoMJPYy4WkWVDnlfuXcx7aa4SMLsBd4bYt1/3/PBU":{"registrationId":1051553351,"currentRatchet":{"ephemeralKeyPair":{"pubKey":"BXs2qO/L3yuHOAx6WOGocnvpjD+bb3EXKC2qe3RcXnxE","privKey":"CD1bK4r1SfyoTDaWkJHlh/rpwqEynwVu4auVjc5pc3o="},"lastRemoteEphemeralKey":"Bb4kpXMeljKd8AB+nmKrH6hufBoDhdNqdL1HfgMzQttc","previousCounter":0,"rootKey":"hfZTzKesS27D9/a+C5hiMwJs2htaaPqQtlJEgcnNCyw="},"indexInfo":{"baseKey":"BecvoMJPYy4WkWVDnlfuXcx7aa4SMLsBd4bYt1/3/PBU","baseKeyType":1,"closed":-1,"used":1684320406256,"created":1684320406256,"remoteIdentityKey":"BQn734qATLJSva5WtsTp2TX4nj3jw49zT4gHlK31LGI7"},"_chains":{"BXs2qO/L3yuHOAx6WOGocnvpjD+bb3EXKC2qe3RcXnxE":{"chainKey":{"counter":0,"key":"f4JcBq8wfkORWWTxYlm8NGxAD5pxVcCYSHpHvCiwhlM="},"chainType":1,"messageKeys":{}}},"pendingPreKey":{"signedKeyId":10,"baseKey":"BecvoMJPYy4WkWVDnlfuXcx7aa4SMLsBd4bYt1/3/PBU","preKeyId":12495159}}},"version":"v1"}