{"_sessions":{"BQR37e7edzjGOjjP0oNsy5BBSP4Gv729Jud5n0lxCXkb":{"registrationId":1357905196,"currentRatchet":{"ephemeralKeyPair":{"pubKey":"BaW+EU9suo3VnjVOKzIO300IBuxCIdaSLWui8OIsw05D","privKey":"QKDahroYQYvcNXP5gFGbGL7sGJ6vDkOi711Hsl2GTkg="},"lastRemoteEphemeralKey":"BdnLQQDvj3hhbMzEfdH4uqMvtvoy6MBWyiKvMXdToz19","previousCounter":0,"rootKey":"S7lNhpOr4TWHhr4T/ghs2YVUHhZXiectIEAZqyOuY4Q="},"indexInfo":{"baseKey":"BQR37e7edzjGOjjP0oNsy5BBSP4Gv729Jud5n0lxCXkb","baseKeyType":2,"closed":-1,"used":1684320354773,"created":1684320354773,"remoteIdentityKey":"BY1So3PRzAk+wgXcvmqsfGy1SXZuLkmh0iGqpbFaQu0j"},"_chains":{"BdnLQQDvj3hhbMzEfdH4uqMvtvoy6MBWyiKvMXdToz19":{"chainKey":{"counter":1,"key":"dGQZunTs5Z0heNNV+NOwEQ/JfsYsbdGBNC2rfCMxRcw="},"chainType":2,"messageKeys":{}},"BaW+EU9suo3VnjVOKzIO300IBuxCIdaSLWui8OIsw05D":{"chainKey":{"counter":0,"key":"Gf5gPwPrVbNwBlbcwAF+6hD4/jPdta5NzHAPkfnXlIk="},"chainType":1,"messageKeys":{}}}}},"version":"v1"}