{"_sessions":{"BVaLXABfqMJBqws9eDPoF6bGOufTF6wuSm3kILxxg0V7":{"registrationId":1500464797,"currentRatchet":{"ephemeralKeyPair":{"pubKey":"BZJ6P6dVQS0LNyooQOdNOT2EY8wR9O8RTPqcCcw35TYx","privKey":"gIZ6ZorelCh8L9CaZoy60+fxuWE8cz10bhiwYXF8K3I="},"lastRemoteEphemeralKey":"BfGZwAxdDip83vQF4DkxEKMC13JxnvZzDfQAnonND8VU","previousCounter":0,"rootKey":"fYwhX30NqpkWIC+i2XB8iq13HIERannFSG0lMLtUGew="},"indexInfo":{"baseKey":"BVaLXABfqMJBqws9eDPoF6bGOufTF6wuSm3kILxxg0V7","baseKeyType":1,"closed":-1,"used":1684320407116,"created":1684320407116,"remoteIdentityKey":"BeS1DlPCmyEc82vPNZA0qJVfPr6ZsynSGc5sODAK2DJe"},"_chains":{"BZJ6P6dVQS0LNyooQOdNOT2EY8wR9O8RTPqcCcw35TYx":{"chainKey":{"counter":0,"key":"Bea7slAd4bsDwyXbA70XRepc+ss+lzMcg6qEP0hH63Q="},"chainType":1,"messageKeys":{}}},"pendingPreKey":{"signedKeyId":42,"baseKey":"BVaLXABfqMJBqws9eDPoF6bGOufTF6wuSm3kILxxg0V7","preKeyId":5225209}}},"version":"v1"}