{"_sessions":{"BTdcPbfPsxw2lIcEYW+qH/GBMCLP2Uv6K/OrpMTd1DJM":{"registrationId":1533804057,"currentRatchet":{"ephemeralKeyPair":{"pubKey":"BcIATZ++F9s4TQVSGc7IeWjW7rFnCmyZFQCzzJSaZeEs","privKey":"cKPXty17XsJ5GCJMieUuO90kPpYujRlTMboowrU6KHU="},"lastRemoteEphemeralKey":"BQ+nNJvB6SvEqFl7OLvtLgHjIiPg5Eu712MAiaBjrboD","previousCounter":0,"rootKey":"rEuxfty+5x5Z3dCJSkk6aSABUiPf2ZQodQWxycX1efg="},"indexInfo":{"baseKey":"BTdcPbfPsxw2lIcEYW+qH/GBMCLP2Uv6K/OrpMTd1DJM","baseKeyType":1,"closed":-1,"used":1684256055271,"created":1684256055271,"remoteIdentityKey":"BZl1zT52r7M4y9JD/RiaTPVSIXGWCAXokAzh0573+xx3"},"_chains":{"BcIATZ++F9s4TQVSGc7IeWjW7rFnCmyZFQCzzJSaZeEs":{"chainKey":{"counter":1,"key":"LclKU+eJPpIF9AkvTF0O4tZgjxiFQyBUNPRwvik9bM0="},"chainType":1,"messageKeys":{}}},"pendingPreKey":{"signedKeyId":0,"baseKey":"BTdcPbfPsxw2lIcEYW+qH/GBMCLP2Uv6K/OrpMTd1DJM","preKeyId":2426751}}},"version":"v1"}