{"_sessions":{"BV/RpbyEGmXpmCwvmkzRCgZ+0WBBKXzUXbPm5tmkDjga":{"registrationId":1525101345,"currentRatchet":{"ephemeralKeyPair":{"pubKey":"BaO0JTVvVpB7poqO4kUIZ3ffcRON7XM0TipojXA6Z6xk","privKey":"CMUcgXZD4P8gXnQGugPTWZP2X5O54AYzSTDkJaQf7lM="},"lastRemoteEphemeralKey":"Beu569tknxjFXOUbIo4MliHaV4mlNlgE1mhWVQ3C6iZn","previousCounter":0,"rootKey":"v9FX2CSiz3p4GTmNDxPUCOM5EU5HLJRc7jpVmde1Olk="},"indexInfo":{"baseKey":"BV/RpbyEGmXpmCwvmkzRCgZ+0WBBKXzUXbPm5tmkDjga","baseKeyType":1,"closed":-1,"used":1684320406576,"created":1684320406576,"remoteIdentityKey":"BXrForwgPC0YXAMJK98zOYOMDUdaZrHJ6oI13aPVNK9U"},"_chains":{"BaO0JTVvVpB7poqO4kUIZ3ffcRON7XM0TipojXA6Z6xk":{"chainKey":{"counter":0,"key":"2n+jbO5PSWpD5NFZZC2Z+sLxwAkgLPjv6Im9VG9UK2g="},"chainType":1,"messageKeys":{}}},"pendingPreKey":{"signedKeyId":0,"baseKey":"BV/RpbyEGmXpmCwvmkzRCgZ+0WBBKXzUXbPm5tmkDjga","preKeyId":10230257}}},"version":"v1"}