{"_sessions":{"BQ+A8xki3Oq6LJA57VshvhPCh0oxOlRoIm5m/gVlAW1E":{"registrationId":468804047,"currentRatchet":{"ephemeralKeyPair":{"pubKey":"BTGOTJpx7i1c6xBjV3+3dD37D658e9ptMV1LRtJooLt6","privKey":"cFrgLPfHre4rxDI2i7QWeuWgRZS738obnavj69fLQ0Q="},"lastRemoteEphemeralKey":"BSzFLvpsbHMRonI77Z+x1l47v9Rocig1cdRSMkzSWEtK","previousCounter":0,"rootKey":"yUCFh4LgmAIBaG97YyaZbolkJ1R8hqGu+A1mKcfSXYQ="},"indexInfo":{"baseKey":"BQ+A8xki3Oq6LJA57VshvhPCh0oxOlRoIm5m/gVlAW1E","baseKeyType":1,"closed":-1,"used":1684320406386,"created":1684320406386,"remoteIdentityKey":"BWVpu0s9szTtuZDeDDRUIMUib0ZcUxJpbBW0xPDtq0tJ"},"_chains":{"BTGOTJpx7i1c6xBjV3+3dD37D658e9ptMV1LRtJooLt6":{"chainKey":{"counter":0,"key":"dUf1kOijfjYOJHi9dAmhIbPTemS3HXV6RJ9wRabaUQU="},"chainType":1,"messageKeys":{}}},"pendingPreKey":{"signedKeyId":9326305,"baseKey":"BQ+A8xki3Oq6LJA57VshvhPCh0oxOlRoIm5m/gVlAW1E","preKeyId":2150}}},"version":"v1"}