{"_sessions":{"BTkpdhuEqi30IARD2hmI2SMrBm8ygI5QTIr9lF1nUqdC":{"registrationId":275652631,"currentRatchet":{"ephemeralKeyPair":{"pubKey":"BR+jJPus2jgbKgfCEniCC30uJUO1UkjMgZ/9oyi3Q+Uf","privKey":"8N4E+xjfrB6QZE4IK1IkI6xbPcJOarF/yZUxYNarhVg="},"lastRemoteEphemeralKey":"BXqunGriNlE0uYdSz7H+eYahD88BmvLyfF+MqZrzAEZK","previousCounter":0,"rootKey":"oJtdZg0BCftnCRZM6IqyAwFuViqX5wqj74+o4vNDrDA="},"indexInfo":{"baseKey":"BTkpdhuEqi30IARD2hmI2SMrBm8ygI5QTIr9lF1nUqdC","baseKeyType":1,"closed":-1,"used":1684254361990,"created":1684254361990,"remoteIdentityKey":"BZ5r/ARno802tvEwlMiRih9sMT7x8a0MutS1c/rxPtRi"},"_chains":{"BR+jJPus2jgbKgfCEniCC30uJUO1UkjMgZ/9oyi3Q+Uf":{"chainKey":{"counter":6,"key":"Irur96ndeKgpkZV59hieyEYOFRv7RkXIG5tmR2u3fyA="},"chainType":1,"messageKeys":{}}},"pendingPreKey":{"signedKeyId":7,"baseKey":"BTkpdhuEqi30IARD2hmI2SMrBm8ygI5QTIr9lF1nUqdC"}}},"version":"v1"}