{"_sessions":{"BfJIsXxKx9JICwJ6E98yeyAXokL/ugcsRfSecGUzQ4RH":{"registrationId":268972392,"currentRatchet":{"ephemeralKeyPair":{"pubKey":"BZ8trO2qt0gk0vka09UKu200FWhNPM90G7McGxBstN5Z","privKey":"YBCcYKcVUN2hyCo1t23ugEMHxpsTTAaVSWM3ZcLU6EQ="},"lastRemoteEphemeralKey":"Ba7DidxhVwOlIMtL2DEf0m1XFKTOVQ+f6ZPZSGzYrz85","previousCounter":0,"rootKey":"YpbZ1lFrVD2wcG9ZXVKLTjoJwEu6Qa6mZALtmMZdNBA="},"indexInfo":{"baseKey":"BfJIsXxKx9JICwJ6E98yeyAXokL/ugcsRfSecGUzQ4RH","baseKeyType":1,"closed":-1,"used":1684320407402,"created":1684320407402,"remoteIdentityKey":"BckH9HRGIIXbt4mX5C1i9DeEldxplJGU3r4fBkV11p9U"},"_chains":{"BZ8trO2qt0gk0vka09UKu200FWhNPM90G7McGxBstN5Z":{"chainKey":{"counter":0,"key":"YvCJFbEZ8gTczRnQ7zEUVyECr3SpuCmoafuhJzZwd6s="},"chainType":1,"messageKeys":{}}},"pendingPreKey":{"signedKeyId":4,"baseKey":"BfJIsXxKx9JICwJ6E98yeyAXokL/ugcsRfSecGUzQ4RH","preKeyId":12465656}}},"version":"v1"}