{"_sessions":{"BUcDRZSjHTTDvYGYrDBWMSlOhKl/beDId9Rk54wOXB4Z":{"registrationId":121106583,"currentRatchet":{"ephemeralKeyPair":{"pubKey":"BfKudLbL4xHZRGMKQvDgd2KjpdARdmp6jnhHXGJmmbIk","privKey":"SHK8Ey+W+b1iBvlTlUZ0INMhownafgM4AZc/lQivx2o="},"lastRemoteEphemeralKey":"BTDywGxtyavF0aNWRYhpKxcF1Jg7DFTht6HCyADRAcsw","previousCounter":0,"rootKey":"/mnr+v7ui0jdopuofnlvQI1ThCvwOg9HnV53bEGK2HE="},"indexInfo":{"baseKey":"BUcDRZSjHTTDvYGYrDBWMSlOhKl/beDId9Rk54wOXB4Z","baseKeyType":1,"closed":-1,"used":1684320407336,"created":1684320407336,"remoteIdentityKey":"BaqpYCdqqCXQi5hW5wBDVHun9yjLJjUiPna9W2Mxi9kV"},"_chains":{"BfKudLbL4xHZRGMKQvDgd2KjpdARdmp6jnhHXGJmmbIk":{"chainKey":{"counter":0,"key":"0ITQHfUDfgt9gBRSiLjD2+MpaNijfWwPld4HBN3uX7s="},"chainType":1,"messageKeys":{}}},"pendingPreKey":{"signedKeyId":2,"baseKey":"BUcDRZSjHTTDvYGYrDBWMSlOhKl/beDId9Rk54wOXB4Z","preKeyId":7575551}}},"version":"v1"}