{"_sessions":{"BfmHqo5eHEF0HEgjhk4Dbu9VrHEEzQdpaoEfHbONeA9V":{"registrationId":818453573,"currentRatchet":{"ephemeralKeyPair":{"pubKey":"BVjjkVLPHbSkmFNbAW5S3PirdIayhUojJYOEWLwsFQ5Z","privKey":"eO7CJGbG3iBeUup7NDgOvKWua+BLIxpU2Wu96T4xsHY="},"lastRemoteEphemeralKey":"Bf/6OjTV17HFC71vhOxvJd0TGfNqMBewVQ0cxIwD+KZv","previousCounter":0,"rootKey":"xuYLD4oVb32TrOOvTmC/wvNXH8UlsArCovGpX1CZ/SU="},"indexInfo":{"baseKey":"BfmHqo5eHEF0HEgjhk4Dbu9VrHEEzQdpaoEfHbONeA9V","baseKeyType":1,"closed":-1,"used":1684254362030,"created":1684254362030,"remoteIdentityKey":"BaJ+6aPJ4Ac9seIPbLAZLICqUbGge7XFlO2iBfLc7J4B"},"_chains":{"BVjjkVLPHbSkmFNbAW5S3PirdIayhUojJYOEWLwsFQ5Z":{"chainKey":{"counter":6,"key":"l7j0kDOa3hbN2RAedjkZJr3EVsSJEiBgmORTxsJE5pI="},"chainType":1,"messageKeys":{}}},"pendingPreKey":{"signedKeyId":14,"baseKey":"BfmHqo5eHEF0HEgjhk4Dbu9VrHEEzQdpaoEfHbONeA9V","preKeyId":4249333}}},"version":"v1"}