{"_sessions":{"BUjJ7KTW7gfuqPygPsGloxAiZPC141v35j0DkOa1yNMk":{"registrationId":1633175542,"currentRatchet":{"ephemeralKeyPair":{"pubKey":"BVgYgWDvlQeGgl+ih+c3EIIPR1BBSclhPgIFlyeN2NQy","privKey":"UERVeQwpbU7nEJgqUiDS3Ul7l0Qe/663epJy6FpLvmQ="},"lastRemoteEphemeralKey":"BRqaw6kYON5S1/W298BGJN9j659C9+zRMx9q2BP79Rp5","previousCounter":0,"rootKey":"ujp98/Vm/8Ro0zrXuQOT77z8sO6/yALncymbrqJxhXM="},"indexInfo":{"baseKey":"BUjJ7KTW7gfuqPygPsGloxAiZPC141v35j0DkOa1yNMk","baseKeyType":1,"closed":-1,"used":1684320407355,"created":1684320407355,"remoteIdentityKey":"BegO9LkGEiMQek4TS0xBe+ovtXWvyavLAniOckXZiMx7"},"_chains":{"BVgYgWDvlQeGgl+ih+c3EIIPR1BBSclhPgIFlyeN2NQy":{"chainKey":{"counter":0,"key":"V494yZgHN3cuEkpAlvugvfu56AlqHgzriUVI90PDtL8="},"chainType":1,"messageKeys":{}}},"pendingPreKey":{"signedKeyId":3,"baseKey":"BUjJ7KTW7gfuqPygPsGloxAiZPC141v35j0DkOa1yNMk","preKeyId":3149981}}},"version":"v1"}