{"_sessions":{"BZPjRMdCddN3inpe9VyzO+pFZGgasDXZFIxchrNdbAsz":{"registrationId":1375778630,"currentRatchet":{"ephemeralKeyPair":{"pubKey":"BTtr2oIBHIFpiwpcXollD5qCT9yLGvedp7m/U0TMg0BR","privKey":"AJpnyAwfGSkkljfpSPyTzimJK2yyXtP/7D+Pa/nEgHU="},"lastRemoteEphemeralKey":"BfIhe1PYez4UiINdX6FeR1eWBo492pUqrSDnUfZBFocS","previousCounter":0,"rootKey":"V2Se4RLzb88zGr9qC3X3thLgm6+1Zl2Vl5oNVPtLqLM="},"indexInfo":{"baseKey":"BZPjRMdCddN3inpe9VyzO+pFZGgasDXZFIxchrNdbAsz","baseKeyType":1,"closed":-1,"used":1684254361917,"created":1684254361917,"remoteIdentityKey":"BR5dSVK54EURluYzS1eJSy2iFIS5FfiG2kA/DN5yzRcI"},"_chains":{"BTtr2oIBHIFpiwpcXollD5qCT9yLGvedp7m/U0TMg0BR":{"chainKey":{"counter":6,"key":"AT8yu1Zi+RpCdF9ihoX7ULx9r/WeT90zcuoTeFyRx74="},"chainType":1,"messageKeys":{}}},"pendingPreKey":{"signedKeyId":3,"baseKey":"BZPjRMdCddN3inpe9VyzO+pFZGgasDXZFIxchrNdbAsz","preKeyId":5182926}}},"version":"v1"}