{"_sessions":{"BRN/DXhznuGdh7CutIK3zkoN7p5GQcWKMtPaND/u5GUC":{"registrationId":522324866,"currentRatchet":{"ephemeralKeyPair":{"pubKey":"BfgsVWOAqILoPgT8RdmfSXR8EEvyfkdT3gRxxF6wi3wU","privKey":"4OGn4w+clgLkfiuC8CPbtp4y66V/klEyvBdnJN+6ZFY="},"lastRemoteEphemeralKey":"BdKQkdi1n3OWiS+otV8khElF2z6k8eRCvgKPXbEUBnE2","previousCounter":0,"rootKey":"1nVY4RodPPL9Z+zWSekSryjBL7ROKulzzCeyiVGJiPA="},"indexInfo":{"baseKey":"BRN/DXhznuGdh7CutIK3zkoN7p5GQcWKMtPaND/u5GUC","baseKeyType":1,"closed":-1,"used":1684254362590,"created":1684254362590,"remoteIdentityKey":"BUscaxhrQYN+wG7XNKPziBe+5Zj7oUavXSoGEVfY4sRW"},"_chains":{"BfgsVWOAqILoPgT8RdmfSXR8EEvyfkdT3gRxxF6wi3wU":{"chainKey":{"counter":6,"key":"VmN0czdUhNPGx/xBS7anWMG1J+ckVe8bfVMJsf7t2eU="},"chainType":1,"messageKeys":{}}},"pendingPreKey":{"signedKeyId":7,"baseKey":"BRN/DXhznuGdh7CutIK3zkoN7p5GQcWKMtPaND/u5GUC","preKeyId":14388276}}},"version":"v1"}