{"_sessions":{"BbTY+VfJuTDb0zHB/Ou39C2VpuRv5ofZirb5wltmIApz":{"registrationId":1904721409,"currentRatchet":{"ephemeralKeyPair":{"pubKey":"BViIvXq9MYBLv7rgowcWY/wWP9nBhaTytkdN6wLzrdNr","privKey":"KBCZykubvxL0xCp/xIP8VSAszm4iT9tXob/g7Zu52Gw="},"lastRemoteEphemeralKey":"BW56yJRBgDoH4PvmUf5ysLbNSnMz4A3mwKXLSYqXrFtB","previousCounter":0,"rootKey":"va7/77T+2O5gl3WLQlIb8qERqdDMCkGpUzstfpUlEVA="},"indexInfo":{"baseKey":"BbTY+VfJuTDb0zHB/Ou39C2VpuRv5ofZirb5wltmIApz","baseKeyType":2,"closed":-1,"used":1684321378643,"created":1684321378642,"remoteIdentityKey":"BU/rHUsXTxTocwPwmk9HMOZa+xhLOz13LbppnOV1nUdm"},"_chains":{"BW56yJRBgDoH4PvmUf5ysLbNSnMz4A3mwKXLSYqXrFtB":{"chainKey":{"counter":0,"key":"bJVa/HhlZ+khQggqugaqcwiJm85SFm9BIpqMcBHUXXk="},"chainType":2,"messageKeys":{}},"BViIvXq9MYBLv7rgowcWY/wWP9nBhaTytkdN6wLzrdNr":{"chainKey":{"counter":0,"key":"fCSNdZFFHArB1AT26HmanFM+YMm4ikVwnUyNneIoSPw="},"chainType":1,"messageKeys":{}}}}},"version":"v1"}