{"_sessions":{"BXVAdmvlNQ3mwXqlRuR3bhGDAZDNRIBAsgpLYm4AOgtc":{"registrationId":1280389263,"currentRatchet":{"ephemeralKeyPair":{"pubKey":"BTM+DyscGHW271a6gy5WretKBMNrCjT2oGanzDihl+Nx","privKey":"IJfa+dq0lhT/FfKJ9L8SyMoKIVa7y8aULI3ULEAEfFA="},"lastRemoteEphemeralKey":"BbwoUSDVRKWvzjB5qcGAr4moVcawB8ZlF0k36Kymc7Ng","previousCounter":0,"rootKey":"Pyr4bPstwXBZ2Mp2X/Tck1EE+9lJWLuMInSq5MCrVlw="},"indexInfo":{"baseKey":"BXVAdmvlNQ3mwXqlRuR3bhGDAZDNRIBAsgpLYm4AOgtc","baseKeyType":1,"closed":-1,"used":1684320407253,"created":1684320407253,"remoteIdentityKey":"BbJtG+izaTB/t/1FkR2hRcCTmyrHo7EYJ++gGZi07r1t"},"_chains":{"BTM+DyscGHW271a6gy5WretKBMNrCjT2oGanzDihl+Nx":{"chainKey":{"counter":0,"key":"0uDOSNxqhvs+3bwldysUw9kS9rR7l1srEEEcBA1wW9g="},"chainType":1,"messageKeys":{}}},"pendingPreKey":{"signedKeyId":6,"baseKey":"BXVAdmvlNQ3mwXqlRuR3bhGDAZDNRIBAsgpLYm4AOgtc","preKeyId":10683512}}},"version":"v1"}