{"_sessions":{"BVqe1bqBuanjQ1sPtiaF7bxR/t1wyufNMhrdIGYJpt1B":{"registrationId":217351949,"currentRatchet":{"ephemeralKeyPair":{"pubKey":"BXQ9RpeM1MUXNVhvHgi62oTHDJXB3NGN0KxfDqbIw7Ed","privKey":"cNVQ+j7gyY/+asrtrzZyK1+AZJ6L+4viGedi+FdLu0U="},"lastRemoteEphemeralKey":"BXcdNavQoQI+WKJubNt6HACpcYEjBHtj0HnlEl7PvWhW","previousCounter":0,"rootKey":"B+v1Yh7OAmdaU4TCwiJ021wAaealODYYLOa/ydeEoMY="},"indexInfo":{"baseKey":"BVqe1bqBuanjQ1sPtiaF7bxR/t1wyufNMhrdIGYJpt1B","baseKeyType":1,"closed":-1,"used":1684320907814,"created":1684320407164,"remoteIdentityKey":"BcUXUrC4yyk9gIRiJI2agxaIMexO1jH62kv8x11TeTop"},"_chains":{"BXcdNavQoQI+WKJubNt6HACpcYEjBHtj0HnlEl7PvWhW":{"chainKey":{"counter":0,"key":"+Ba0hlXrFoAPvPHa0AnNwAD9vV64Y+1T5aELjUCQVvU="},"chainType":2,"messageKeys":{}},"BXQ9RpeM1MUXNVhvHgi62oTHDJXB3NGN0KxfDqbIw7Ed":{"chainKey":{"counter":-1,"key":"2I7l0BMFVi8w0bXzfesBs/3guwwWAxvc9nhgNH6/6Rw="},"chainType":1,"messageKeys":{}}}}},"version":"v1"}