{"_sessions":{"BRTAHWNe/l1fy9mwhtQ0f88mZjabef3aVS5cVf6vtc0j":{"registrationId":1344882171,"currentRatchet":{"ephemeralKeyPair":{"pubKey":"BXa8b4Y+q/MizzLQPTlWevtfRUOzE+o5k58ixj322WIE","privKey":"UEpSjPvzScmiESd7QsT+4DTJQ0kWF6IC7XM+fr0ux0M="},"lastRemoteEphemeralKey":"BfrPWIhrKjTIGkK0IH6W+SXr+8+lsvmLCRb+/odNpU5K","previousCounter":0,"rootKey":"obD5j8o8DnBYRydzKsHjdbGoyYbla7oAJF+BBuqAXKc="},"indexInfo":{"baseKey":"BRTAHWNe/l1fy9mwhtQ0f88mZjabef3aVS5cVf6vtc0j","baseKeyType":1,"closed":-1,"used":1684254362355,"created":1684254362355,"remoteIdentityKey":"BSs9ua027slGCqGM1MQPn+1rtjW4Sl6uhKVfRxqP9w5S"},"_chains":{"BXa8b4Y+q/MizzLQPTlWevtfRUOzE+o5k58ixj322WIE":{"chainKey":{"counter":6,"key":"dJTBKXzrIjf4VXje3boykpYNru0syt3hFS/2pe6xGBo="},"chainType":1,"messageKeys":{}}},"pendingPreKey":{"signedKeyId":12,"baseKey":"BRTAHWNe/l1fy9mwhtQ0f88mZjabef3aVS5cVf6vtc0j","preKeyId":5356899}}},"version":"v1"}