{"_sessions":{"BcQ6OQx+kXlona7Jq7zdZ8sjg+CYNtnDD/dGFIxSr45q":{"registrationId":2045396892,"currentRatchet":{"ephemeralKeyPair":{"pubKey":"BYIvv2nvrGOHWdA+Y1JucHtsg5SyJmsssMNEakJFBXRC","privKey":"+F+0VH5dvlpB2OVSkTsrevxProVHqZeut444eSsDsH8="},"lastRemoteEphemeralKey":"BfDFV4EnmTX5qvhCUJWgGodElmc/o3Y3wG8zynOuMjFk","previousCounter":0,"rootKey":"y/97oZ9K83ACycg30bxY3j3KjBeW1Pg2XANGf7ZqrBk="},"indexInfo":{"baseKey":"BcQ6OQx+kXlona7Jq7zdZ8sjg+CYNtnDD/dGFIxSr45q","baseKeyType":1,"closed":-1,"used":1684320407135,"created":1684320407135,"remoteIdentityKey":"BZr9MdU6bIu5Ch3IsOEXaPZjCfwd7DGezfMiwMimpk4X"},"_chains":{"BYIvv2nvrGOHWdA+Y1JucHtsg5SyJmsssMNEakJFBXRC":{"chainKey":{"counter":0,"key":"pSgrQN3MMTQ96oYi8CVEDVxTZmX6SdLQLXW1xZm0baE="},"chainType":1,"messageKeys":{}}},"pendingPreKey":{"signedKeyId":9,"baseKey":"BcQ6OQx+kXlona7Jq7zdZ8sjg+CYNtnDD/dGFIxSr45q","preKeyId":6446707}}},"version":"v1"}