{"_sessions":{"BfDNMOWUNjDO07Ux+rDMxW5QvrGP7Z+aOM61B1DHJfhQ":{"registrationId":1685600436,"currentRatchet":{"ephemeralKeyPair":{"pubKey":"BT5rMSwl26F49d5tJqViJgUd7oq/xUpkS6Atrj8o1R5y","privKey":"YIgnSIWdFZMPsswANghcZaB95bI/1cYu6aktP68aklI="},"lastRemoteEphemeralKey":"BXgw94OKGqalIvFftWqRsv8AnZ6D6+XpWAk0/LnfloE6","previousCounter":0,"rootKey":"Ymw3zFN+6/LwwLqftFY4Cai3wNyKRzO4qlU3t8C5K3s="},"indexInfo":{"baseKey":"BfDNMOWUNjDO07Ux+rDMxW5QvrGP7Z+aOM61B1DHJfhQ","baseKeyType":1,"closed":-1,"used":1684320407193,"created":1684320407193,"remoteIdentityKey":"BeFpd0Ki+ikQKAnkF2bE5xnkTTEQyTuTVGy+QAR0/tF5"},"_chains":{"BT5rMSwl26F49d5tJqViJgUd7oq/xUpkS6Atrj8o1R5y":{"chainKey":{"counter":0,"key":"GDlK3dps3wM12zwidTJZqZdxFcjNUg2MomPeoH6BzAQ="},"chainType":1,"messageKeys":{}}},"pendingPreKey":{"signedKeyId":4,"baseKey":"BfDNMOWUNjDO07Ux+rDMxW5QvrGP7Z+aOM61B1DHJfhQ","preKeyId":11744967}}},"version":"v1"}