{"_sessions":{"BciGY9B+Moy6p7d6ytJRXPTxnm3pYnz6QhtT8A3tMhRq":{"registrationId":1590463586,"currentRatchet":{"ephemeralKeyPair":{"pubKey":"BaRuFPoBdXBkYx4jddiFLHoGMe9GjLdbYvzmbGbtMbBj","privKey":"WCeO7jrbgsqXscXKagCHEFkXxcdNZqKFOPkzb0tpmkU="},"lastRemoteEphemeralKey":"BcXseJrDacQlonRKG4DQDWzW2b9wT8vDKZKI7Ca6XuBW","previousCounter":0,"rootKey":"zYCrEl+PO95vekT55t6HeGPfeU+hGSbFgGmwdAtoJJI="},"indexInfo":{"baseKey":"BciGY9B+Moy6p7d6ytJRXPTxnm3pYnz6QhtT8A3tMhRq","baseKeyType":1,"closed":-1,"used":1684320406678,"created":1684320406678,"remoteIdentityKey":"BVh5zoxMjz2Gc6LiPH8U0zwblwkGDMqwwmI+AVZsQ00r"},"_chains":{"BaRuFPoBdXBkYx4jddiFLHoGMe9GjLdbYvzmbGbtMbBj":{"chainKey":{"counter":0,"key":"Q/VzkSe+1qs4K7GtFr2nCs0vo5oQSz7BMDam91C4MIs="},"chainType":1,"messageKeys":{}}},"pendingPreKey":{"signedKeyId":13,"baseKey":"BciGY9B+Moy6p7d6ytJRXPTxnm3pYnz6QhtT8A3tMhRq","preKeyId":16434926}}},"version":"v1"}