{"_sessions":{"BeuG5S9Z/tBS1JCBFCP6CQcO2VeCr8cpkZMyV9v9Hu8H":{"registrationId":161141418,"currentRatchet":{"ephemeralKeyPair":{"pubKey":"BUjgWdKAEEWbsDlDjCmhS+hl2TNK2MAY2yMWPHFwE787","privKey":"uBzBso9WlMVBBnVNfLXdSJbwJsDE0jWVPfuzyHoxgko="},"lastRemoteEphemeralKey":"BdyBkT+LprVtA1aUZYxJkoEHiowqi+BTIPp9YtOBYlxO","previousCounter":0,"rootKey":"61sbJ/6FpN1Z74z/sel86zXfTust7gbjiN9cE9dw6Sc="},"indexInfo":{"baseKey":"BeuG5S9Z/tBS1JCBFCP6CQcO2VeCr8cpkZMyV9v9Hu8H","baseKeyType":2,"closed":-1,"used":1684312498527,"created":1684312498527,"remoteIdentityKey":"BWzOfNqZdDsRJGmN+rrS2mjLEk+1aF/7scqR4/pKF1p/"},"_chains":{"BdyBkT+LprVtA1aUZYxJkoEHiowqi+BTIPp9YtOBYlxO":{"chainKey":{"counter":0,"key":"P23iPP55mD8loLah54DeYID0ovSq3/ul2IhnN43VC+I="},"chainType":2,"messageKeys":{}},"BUjgWdKAEEWbsDlDjCmhS+hl2TNK2MAY2yMWPHFwE787":{"chainKey":{"counter":-1,"key":"66IeYK07uI/AHvQs5W/Bc6VEZAJpolBZB42ujqFBBxk="},"chainType":1,"messageKeys":{}}}}},"version":"v1"}