{"_sessions":{"BTXaXewCBIAGyKX19EFo0H+PXIvY7KoaWGgHELKgOrdB":{"registrationId":389767275,"currentRatchet":{"ephemeralKeyPair":{"pubKey":"BTYjt6gHsoRDpven8lvmQPXSqlw9nvddEuXEiucZRoIM","privKey":"QMRb5NXxwwhpO8NYu+m4YTmbOoQx7xqMVwuYENNzKk4="},"lastRemoteEphemeralKey":"BYlyeuxvmErnOaS/yCUq0BxpMRUNifYtrK0mDoPW5+wA","previousCounter":0,"rootKey":"PgDAXTt4RRkaPPNLYsXO4Dx47YiI90CO5F55TFhYMHM="},"indexInfo":{"baseKey":"BTXaXewCBIAGyKX19EFo0H+PXIvY7KoaWGgHELKgOrdB","baseKeyType":1,"closed":-1,"used":1684320407374,"created":1684320407374,"remoteIdentityKey":"BW6603zglctEAPkpw3LGs+x8/3av0oFGZ6IPXRazcrNI"},"_chains":{"BTYjt6gHsoRDpven8lvmQPXSqlw9nvddEuXEiucZRoIM":{"chainKey":{"counter":0,"key":"QZxcU9r523aJp1IfSgwtZoj1sHsjhJDnPgeAPRYYkBU="},"chainType":1,"messageKeys":{}}},"pendingPreKey":{"signedKeyId":12,"baseKey":"BTXaXewCBIAGyKX19EFo0H+PXIvY7KoaWGgHELKgOrdB","preKeyId":13500190}}},"version":"v1"}