{"_sessions":{"BQUDCiClR7WCnoboUlVxDsgCaPm93PaonWluH49LcR5v":{"registrationId":1773195258,"currentRatchet":{"ephemeralKeyPair":{"pubKey":"BfKqFVa6GcCbNu8zle20gaZdlR1/EcmEODILFGQUZpd5","privKey":"8LiRn9lLWuwH4qPdpkICAo9DG2Gpgi84MPvXAgO1UU4="},"lastRemoteEphemeralKey":"BdgDa+POxyfSQ/sh2+1wdqz3MzeI7eO8p+4+K/7jiDAR","previousCounter":0,"rootKey":"HC2GHfJAb8OJL1Dj4wjBEMgggsTACDia7QoSgPjYac8="},"indexInfo":{"baseKey":"BQUDCiClR7WCnoboUlVxDsgCaPm93PaonWluH49LcR5v","baseKeyType":1,"closed":-1,"used":1684320406406,"created":1684320406406,"remoteIdentityKey":"Bf0JDe3i2u2pLz2ZXMhkEqVyfxLNhJ7O4zsVcXFL0jlz"},"_chains":{"BfKqFVa6GcCbNu8zle20gaZdlR1/EcmEODILFGQUZpd5":{"chainKey":{"counter":0,"key":"cSmh5JFHnEg/KDTnuK4Toz263bKQPHhe4sYMJ9Vu6kQ="},"chainType":1,"messageKeys":{}}},"pendingPreKey":{"signedKeyId":5,"baseKey":"BQUDCiClR7WCnoboUlVxDsgCaPm93PaonWluH49LcR5v","preKeyId":13777893}}},"version":"v1"}