{"_sessions":{"BfIeOmy8GMhN9TUDOj90cldsd9Hra1WJZrgg+7PB5vBG":{"registrationId":944375484,"currentRatchet":{"ephemeralKeyPair":{"pubKey":"BT1nxFFQFQZmPM5kbff7ovxIZ21t8QuJDf0sV2q3GFg3","privKey":"+AHWswTAuRPlEuovICNn/DZZmwg3QuoBcACRMV57k1c="},"lastRemoteEphemeralKey":"BWytV3/M8fwhog+p4uL5BrBMby0XuHQSHKKuoSB5+Yla","previousCounter":0,"rootKey":"yBYHcK7jN8WxplimJGJf0W4Rvi2vY5FMI8TBX68pTZ8="},"indexInfo":{"baseKey":"BfIeOmy8GMhN9TUDOj90cldsd9Hra1WJZrgg+7PB5vBG","baseKeyType":1,"closed":-1,"used":1684320406493,"created":1684320406493,"remoteIdentityKey":"Bei8Bx8yffkD6eMYrI7+2yeHhHK+1NgFYVz6VZd27Q5v"},"_chains":{"BT1nxFFQFQZmPM5kbff7ovxIZ21t8QuJDf0sV2q3GFg3":{"chainKey":{"counter":0,"key":"i9FA7t0blGuKK644WI/CIjUEteEwMNPN5aGjprBE9fQ="},"chainType":1,"messageKeys":{}}},"pendingPreKey":{"signedKeyId":21,"baseKey":"BfIeOmy8GMhN9TUDOj90cldsd9Hra1WJZrgg+7PB5vBG","preKeyId":13530963}}},"version":"v1"}