{"_sessions":{"Bd3w5dOtUfX1IPR5W/rYgA9bR2efdINK9S2n8OWAsWZ/":{"registrationId":1917135206,"currentRatchet":{"ephemeralKeyPair":{"pubKey":"BVatr2PeNgOgpzcML9AHIb9eE7ochL1Pm+y7LP/gf44b","privKey":"iDKud/JyNREAvCrp1dAy4zHijhFrfswfuXTb+wMoV1g="},"lastRemoteEphemeralKey":"Bbq3abTbnnUBD/u6nUx6f2GuCNxmH12uTCG5ESb1Kpks","previousCounter":0,"rootKey":"Z160rJTnpJicrySd3a1DK0Y24Xe5rPdaOwh2a0NfmUQ="},"indexInfo":{"baseKey":"Bd3w5dOtUfX1IPR5W/rYgA9bR2efdINK9S2n8OWAsWZ/","baseKeyType":1,"closed":-1,"used":1684254362479,"created":1684254362479,"remoteIdentityKey":"BenqRXwZqAyeuvwuYsUAfVt/lmYktu7wRgNP6MXq45QK"},"_chains":{"BVatr2PeNgOgpzcML9AHIb9eE7ochL1Pm+y7LP/gf44b":{"chainKey":{"counter":6,"key":"7pTbksxbZKS11cn64J7aEGIZFJgKPsFSh9qJ3gs+FqE="},"chainType":1,"messageKeys":{}}},"pendingPreKey":{"signedKeyId":14,"baseKey":"Bd3w5dOtUfX1IPR5W/rYgA9bR2efdINK9S2n8OWAsWZ/","preKeyId":1022783}}},"version":"v1"}