{"_sessions":{"BZUX+LtCxHqxfp9ricT5X8R8ZKmGeDkg6t+bvypnUe8J":{"registrationId":419546123,"currentRatchet":{"ephemeralKeyPair":{"pubKey":"BaIZrp2sAG1mWE2RsS7CQOfWD+zSlb2I9jvXJRCnqd4v","privKey":"KO/Bn9/ujjeMFUYhAZeds5QhP1QtmgyCV3eUdKe8bHw="},"lastRemoteEphemeralKey":"BY8s7g8xZ4zRXqJOz9ZcKWDNLqbjp74tAocWteG3nc13","previousCounter":0,"rootKey":"SEEsJyt/ks5pL+kwpWQY8R+n90DkMVxeBMKJtfRAAp8="},"indexInfo":{"baseKey":"BZUX+LtCxHqxfp9ricT5X8R8ZKmGeDkg6t+bvypnUe8J","baseKeyType":1,"closed":-1,"used":1684320407144,"created":1684320407144,"remoteIdentityKey":"BfWt1+5RsgP5IXfKzu1wOUFM1sIt2dtUj+6w5Z5N/HZz"},"_chains":{"BaIZrp2sAG1mWE2RsS7CQOfWD+zSlb2I9jvXJRCnqd4v":{"chainKey":{"counter":0,"key":"kokuifzBl4esuVLd2fNVMb6jUAJKfcjEcE05OITYE7s="},"chainType":1,"messageKeys":{}}},"pendingPreKey":{"signedKeyId":10,"baseKey":"BZUX+LtCxHqxfp9ricT5X8R8ZKmGeDkg6t+bvypnUe8J","preKeyId":9556888}}},"version":"v1"}