{"_sessions":{"BUyvgz1C9YcsovKnC4QvNLE6pq2aIuS2fPJyN1Y//HFW":{"registrationId":409744916,"currentRatchet":{"ephemeralKeyPair":{"pubKey":"BVkiNvSMrC41n+HYn41e8Rq5FWec4Tr8PADcyqGqfUpS","privKey":"iA+EHC+7MnqPYAMyD8p9YB2BlCvNOW3Kda44eT5HqEc="},"lastRemoteEphemeralKey":"Bb+FjaRSN5POuT1uJHe+s2qrqwt3/FRuedOqyhnYJpsX","previousCounter":0,"rootKey":"U6pdu7U3znCsHu5TJRGzwewC1ch9/Y12e+l0rXgo9K4="},"indexInfo":{"baseKey":"BUyvgz1C9YcsovKnC4QvNLE6pq2aIuS2fPJyN1Y//HFW","baseKeyType":1,"closed":-1,"used":1684254362165,"created":1684254362165,"remoteIdentityKey":"Beora2O5GJNQmh3XzcAkFB1abLrsSNWYX1qdi93nBgZY"},"_chains":{"BVkiNvSMrC41n+HYn41e8Rq5FWec4Tr8PADcyqGqfUpS":{"chainKey":{"counter":6,"key":"J7UkDbnOVN73skJtPfPWtB2+Jgk0CRixOJqAnJZDdAg="},"chainType":1,"messageKeys":{}}},"pendingPreKey":{"signedKeyId":3,"baseKey":"BUyvgz1C9YcsovKnC4QvNLE6pq2aIuS2fPJyN1Y//HFW","preKeyId":5207826}}},"version":"v1"}