{"_sessions":{"Bf/5sBkYSvfzzW4vO2GOIX9dv4Z+dhXku5GKMp51ZW4u":{"registrationId":225345419,"currentRatchet":{"ephemeralKeyPair":{"pubKey":"BVT6d3+HbS6tjlj7GeFgoD//z/lKZaCEqO7Qi5lTxjgv","privKey":"CMLnYyQAQylZU2SUWlHQks0/4jEW02RtDCImqkLlLVg="},"lastRemoteEphemeralKey":"BS6wq1gFhVKJVdazp7PKA9qqsvLEbmmlZT5SPdMBYu0E","previousCounter":0,"rootKey":"pAUpakq7S0d96NWxj3sgf5PaHrRzo3rQR2dZM7rCKHc="},"indexInfo":{"baseKey":"Bf/5sBkYSvfzzW4vO2GOIX9dv4Z+dhXku5GKMp51ZW4u","baseKeyType":2,"closed":-1,"used":1684256128500,"created":1684256128500,"remoteIdentityKey":"BfSx+9nPEQ1pxg5L4WOaIjk39vdlO+XxYdOEYzc+NFRK"},"_chains":{"BS6wq1gFhVKJVdazp7PKA9qqsvLEbmmlZT5SPdMBYu0E":{"chainKey":{"counter":0,"key":"/DFLvo5V69VueAnLgpq8sr2pUocft2g31ry/wFsSEjE="},"chainType":2,"messageKeys":{}},"BVT6d3+HbS6tjlj7GeFgoD//z/lKZaCEqO7Qi5lTxjgv":{"chainKey":{"counter":1,"key":"tNz4dyRDcAqOX2gVd6w9zXz64VDjkf/Spp+rrCk04YA="},"chainType":1,"messageKeys":{}}}}},"version":"v1"}