{"_sessions":{"BbOKNlH6ANIu2U73gWLeGqvLdXvP7dpg68X9xpxiBvdU":{"registrationId":1369880684,"currentRatchet":{"ephemeralKeyPair":{"pubKey":"BQ9vYdeVeac3S0Rjr++bOU2j6yBH4UBEROjbaa30P0U/","privKey":"oMvEjk1f70XyS/3SYPSDzKT6rjOcQt7Yq4wU1+bhe2c="},"lastRemoteEphemeralKey":"BZqKvwGPYNlPIWS6Q12sYXyjL5lczd5HpSk849yDiDc/","previousCounter":0,"rootKey":"Lm/CwJjdJ5US0YZPAQLbL+UKxC/5XaopZxGYM54dgnw="},"indexInfo":{"baseKey":"BbOKNlH6ANIu2U73gWLeGqvLdXvP7dpg68X9xpxiBvdU","baseKeyType":1,"closed":-1,"used":1684320406598,"created":1684320406598,"remoteIdentityKey":"Bbf/oMsoT9DRVlT0cPSwGqansMQ85wVgYWhC/7JIqhke"},"_chains":{"BQ9vYdeVeac3S0Rjr++bOU2j6yBH4UBEROjbaa30P0U/":{"chainKey":{"counter":0,"key":"UTpn1OGkKYDypLo4NVlADgkauUnjC8iLRqtelhoVz0s="},"chainType":1,"messageKeys":{}}},"pendingPreKey":{"signedKeyId":1,"baseKey":"BbOKNlH6ANIu2U73gWLeGqvLdXvP7dpg68X9xpxiBvdU","preKeyId":5579778}}},"version":"v1"}