{"_sessions":{"BfJ+mhU+8O1XlbLoGW2qqlehzGU0kLbtIIJzNrwvLPov":{"registrationId":1793431852,"currentRatchet":{"ephemeralKeyPair":{"pubKey":"Ba00GoKyibcATq5woste+8PWwTeZtCJuNDeKKzWKkCl6","privKey":"oC9UAx6Mp4o+/WuqiJhZDxbvl7GIa+zimCWpaObt2lY="},"lastRemoteEphemeralKey":"BfDrMl/GuZZver4QThN6/Gb5JiUqNWL2zcAI8CFIWXUM","previousCounter":0,"rootKey":"ueH+Om0k9x0obX4wkWHpRGzAgDi3QqcDQL16KOxVaaI="},"indexInfo":{"baseKey":"BfJ+mhU+8O1XlbLoGW2qqlehzGU0kLbtIIJzNrwvLPov","baseKeyType":2,"closed":-1,"used":1684321557778,"created":1684320310597,"remoteIdentityKey":"Bb4zi9cPOn8++5769EiGJBzFknrwzq0qgcvJ2HlOLW5t"},"_chains":{"BethBlHr8pjem2ok1CF1cPq4ne17u9vvF5FYXGxdynsQ":{"chainKey":{"counter":0},"chainType":2,"messageKeys":{}},"BfDrMl/GuZZver4QThN6/Gb5JiUqNWL2zcAI8CFIWXUM":{"chainKey":{"counter":1,"key":"gpa2yl+21/MXie2nkP8fhhmrLHwqPR3lQv/DrkwK9eU="},"chainType":2,"messageKeys":{}},"Ba00GoKyibcATq5woste+8PWwTeZtCJuNDeKKzWKkCl6":{"chainKey":{"counter":-1,"key":"BmFygoOmE5nDyiugV046EyYAMd8X8WHYhXIh96FDCO0="},"chainType":1,"messageKeys":{}}}}},"version":"v1"}