{"_sessions":{"Ba7Zv8QowTp63TjOeioFGOT9EjDH3qGN9j31PsO75DZN":{"registrationId":951503198,"currentRatchet":{"ephemeralKeyPair":{"pubKey":"BZA/koRQoluWpWVjV1Z5QcuqiOyMu3l5tZQQMiawVCMh","privKey":"eHk5trcy8amHDr6OVU4xGsWYimqTVAc74+Su02pbkW4="},"lastRemoteEphemeralKey":"BXXALaHwUh4wyjtgPJS0+ibIiVB7fJ5W12PPwQmov2gW","previousCounter":0,"rootKey":"O64ddZKr2YBfvi6u6GM85edXKfDDOkL95c2O/a32zHo="},"indexInfo":{"baseKey":"Ba7Zv8QowTp63TjOeioFGOT9EjDH3qGN9j31PsO75DZN","baseKeyType":1,"closed":-1,"used":1684321003496,"created":1684321003496,"remoteIdentityKey":"BQs4ez653ZYnQNFlPapBmoYL2io5sr7oe7o3+2R8EsoW"},"_chains":{"BZA/koRQoluWpWVjV1Z5QcuqiOyMu3l5tZQQMiawVCMh":{"chainKey":{"counter":0,"key":"sSU1Yh42pDYKvEJOG1H0rfeDooM/Fq33q53fQYLJwRk="},"chainType":1,"messageKeys":{}}},"pendingPreKey":{"signedKeyId":1,"baseKey":"Ba7Zv8QowTp63TjOeioFGOT9EjDH3qGN9j31PsO75DZN","preKeyId":10647234}}},"version":"v1"}