{"_sessions":{"BQpGTvBw32rl+EtzubVF3wXA90mua+KC18H3d9OsKlZg":{"registrationId":513674792,"currentRatchet":{"ephemeralKeyPair":{"pubKey":"BbDlbiZlJEhGe0alYtOffZjhA23a1UOKHwtEh1hCqqxe","privKey":"SM3NVOVv8JVf9dv30Dv4GSC3r6fU8m+tOb3B00oftHI="},"lastRemoteEphemeralKey":"BSIcD1hvhQ166NdQeNBvG6a9kau1WzOrqoUoAcblS5Fw","previousCounter":0,"rootKey":"kn3ocu8KBNygCUHal0KK1HfURO2aDImycktDhTH+EA4="},"indexInfo":{"baseKey":"BQpGTvBw32rl+EtzubVF3wXA90mua+KC18H3d9OsKlZg","baseKeyType":1,"closed":-1,"used":1684254361981,"created":1684254361981,"remoteIdentityKey":"BWI9edUE6CsEZdpwThVDwj6vgUyGtd5iAiVWir+FTLku"},"_chains":{"BbDlbiZlJEhGe0alYtOffZjhA23a1UOKHwtEh1hCqqxe":{"chainKey":{"counter":6,"key":"N6tYGNb6fi85wBZQzguBZwmXTgi4NGmJbDRcdzWa6Mk="},"chainType":1,"messageKeys":{}}},"pendingPreKey":{"signedKeyId":3,"baseKey":"BQpGTvBw32rl+EtzubVF3wXA90mua+KC18H3d9OsKlZg","preKeyId":8780255}}},"version":"v1"}