{"_sessions":{"BcDqEb3PI4mui7gacTkdRgE9+WAYbJdyTOe0mgUeaL1g":{"registrationId":1158666667,"currentRatchet":{"ephemeralKeyPair":{"pubKey":"BQhhov+8ni3KpJkcyKQJ8wLtHkRXfOo/UdNMgtlfoCAg","privKey":"AFlKQljZybgif0+npp3QdFuGVJvsvvCBA41zobV1BVo="},"lastRemoteEphemeralKey":"BRJ7HEbDHT1+XV5KezEIawhEM1iAor7SiLp2l124sIwE","previousCounter":0,"rootKey":"cP8WfKKqFDNqWWEZ5F7Jkkg1kGgZgBYh0ZXAakwfIg8="},"indexInfo":{"baseKey":"BcDqEb3PI4mui7gacTkdRgE9+WAYbJdyTOe0mgUeaL1g","baseKeyType":1,"closed":-1,"used":1684254362705,"created":1684254362705,"remoteIdentityKey":"BYaS7ad3hS2fWouPhX34WN0GtsLV/3cJdQBe4BD8MZgx"},"_chains":{"BQhhov+8ni3KpJkcyKQJ8wLtHkRXfOo/UdNMgtlfoCAg":{"chainKey":{"counter":6,"key":"mQEwaEpoK2T1dW9OQLpgI8L3UNg5lbVmlnZzDr5KTMI="},"chainType":1,"messageKeys":{}}},"pendingPreKey":{"signedKeyId":1,"baseKey":"BcDqEb3PI4mui7gacTkdRgE9+WAYbJdyTOe0mgUeaL1g","preKeyId":13905247}}},"version":"v1"}