{"_sessions":{"BUIEZy3rwbdUhRLNHzncTPz1qeazB6a1MeHLee6TODEv":{"registrationId":359616254,"currentRatchet":{"ephemeralKeyPair":{"pubKey":"BX5r5awBuOAFnE5y0PO6eTkWxj/e2RLpPQdyKwjRlL9V","privKey":"6HttU38c4xU6ked1IjM73TOhoN3QoYt7iAxCul/Sq2Q="},"lastRemoteEphemeralKey":"BfmJDD4ibeMXyWjH4+A6U7xf/89lWorIJ5KNY0B1KdVH","previousCounter":0,"rootKey":"H9AUmpaBBsWBr5HGR8ViqIXUQ1f9//+diFkklHjb1A4="},"indexInfo":{"baseKey":"BUIEZy3rwbdUhRLNHzncTPz1qeazB6a1MeHLee6TODEv","baseKeyType":1,"closed":-1,"used":1684254362277,"created":1684254362277,"remoteIdentityKey":"BUQA9133jcl4qqP0X0ginoIf/xuRUWIP6ff+6vZ3FZhK"},"_chains":{"BX5r5awBuOAFnE5y0PO6eTkWxj/e2RLpPQdyKwjRlL9V":{"chainKey":{"counter":6,"key":"hSsSwIBd0Qxm/J2w27tWyshggljjWJ4bN/5vIjSVKT4="},"chainType":1,"messageKeys":{}}},"pendingPreKey":{"signedKeyId":1,"baseKey":"BUIEZy3rwbdUhRLNHzncTPz1qeazB6a1MeHLee6TODEv","preKeyId":8786120}}},"version":"v1"}