{"_sessions":{"BQ9LeFDhil3ZWnGUpxV0SteMddvzyKEbC/9Eh5PkHxB9":{"registrationId":639550700,"currentRatchet":{"ephemeralKeyPair":{"pubKey":"Bd/qB0bgV11oiBfGynr5qVjrNqNY2pb505nl3Wn1afYo","privKey":"EJAZEAv9wAcyumjXCboHkfhbfGsGH3llmusQAwaxS2g="},"lastRemoteEphemeralKey":"BWxQWNMmR9FmYaSbCk8rha5JDsEvZF4m6701TxzcCQpZ","previousCounter":0,"rootKey":"N09hfDtczW0EqqStbkaokwyY5XtAOxs5m22CTHsrvVk="},"indexInfo":{"baseKey":"BQ9LeFDhil3ZWnGUpxV0SteMddvzyKEbC/9Eh5PkHxB9","baseKeyType":1,"closed":-1,"used":1684254362692,"created":1684254362692,"remoteIdentityKey":"BUvXS995zwj0DLbq/EYC9Tv5HvInYBVxAa06rA0R3oUc"},"_chains":{"Bd/qB0bgV11oiBfGynr5qVjrNqNY2pb505nl3Wn1afYo":{"chainKey":{"counter":6,"key":"NAlmAHT9tsYAax0GQe0nTAYTh75hsYyiCag73KUQTNY="},"chainType":1,"messageKeys":{}}},"pendingPreKey":{"signedKeyId":15,"baseKey":"BQ9LeFDhil3ZWnGUpxV0SteMddvzyKEbC/9Eh5PkHxB9","preKeyId":8233794}}},"version":"v1"}