{"_sessions":{"BUdW1eqDeJyd1EymKqf8fDrqAeCj3/QVaLKZ+N0rtFlr":{"registrationId":6033,"currentRatchet":{"ephemeralKeyPair":{"pubKey":"BWMlDKTCv5PX43mr4XAukKdJNqDJt6f30Wh1lhT8g0kf","privKey":"kFRUzCPwGcT6mPL1NdNb5mpLhRWOtMvzpH1A08iYIUo="},"lastRemoteEphemeralKey":"BdlF8UZ6ndGPoqCdhuK+fXew0R6zVhrX30asJeG4/Qx1","previousCounter":0,"rootKey":"WrEccjhYmp7kpmfn0hCoFV5MCBoRIrUtOSJnD1YKwKI="},"indexInfo":{"baseKey":"BUdW1eqDeJyd1EymKqf8fDrqAeCj3/QVaLKZ+N0rtFlr","baseKeyType":1,"closed":1684312498419,"used":1684254361831,"created":1684254361831,"remoteIdentityKey":"BS0Y2kt1Qq29i53gmtNB9ncFazRuOkTLl2Tc79puToY1"},"_chains":{"BWMlDKTCv5PX43mr4XAukKdJNqDJt6f30Wh1lhT8g0kf":{"chainKey":{"counter":5,"key":"bZfUyTn0F+meaPS3J5z3It2l1EK1IeLJw2Axj0ZtfWc="},"chainType":1,"messageKeys":{}}},"pendingPreKey":{"signedKeyId":4,"baseKey":"BUdW1eqDeJyd1EymKqf8fDrqAeCj3/QVaLKZ+N0rtFlr","preKeyId":2643}},"BTCUcb9h+dVyhmk2qX9Q/dEVGc4ypz6XoQIPdiI/rTcz":{"registrationId":6033,"currentRatchet":{"ephemeralKeyPair":{"pubKey":"BfJ3MItARF3vWOMsiJQZV2vd6M4CaRL08/SUOarFJt4Y","privKey":"oIDOynl7ih9DxZ7yOEsoQwDdL8p8/RPa0YkZJogAbWE="},"lastRemoteEphemeralKey":"BTN4NC40+9u9ZdTdY5fMATXIiejLTUjlp6rrLHAgCNB1","previousCounter":0,"rootKey":"hy5iVM0Wjb/M/2Jmw6/Rajfwtfz5Mk8JFZaZw+ytz50="},"indexInfo":{"baseKey":"BTCUcb9h+dVyhmk2qX9Q/dEVGc4ypz6XoQIPdiI/rTcz","baseKeyType":2,"closed":-1,"used":1684320201335,"created":1684312498432,"remoteIdentityKey":"BS0Y2kt1Qq29i53gmtNB9ncFazRuOkTLl2Tc79puToY1"},"_chains":{"BVaBYg0/zYKbnSa7svFTy9KSn614epEHphvAGpiJuVEZ":{"chainKey":{"counter":0},"chainType":2,"messageKeys":{}},"BTN4NC40+9u9ZdTdY5fMATXIiejLTUjlp6rrLHAgCNB1":{"chainKey":{"counter":0,"key":"lAQ5x8Mc44nbw5Qivk6lPoG9p3zcYEFmoNBkKSAhE6o="},"chainType":2,"messageKeys":{}},"BfJ3MItARF3vWOMsiJQZV2vd6M4CaRL08/SUOarFJt4Y":{"chainKey":{"counter":-1,"key":"g+WTTNEAgjuzXUyQjKMprdMpNpL9hPHS1tn6R1xXFXY="},"chainType":1,"messageKeys":{}}}}},"version":"v1"}