{"_sessions":{"Bdt7kOsDXQFH6+CQPH0pSrwalcvSr00AMzN9XKj3Y/sL":{"registrationId":1885880756,"currentRatchet":{"ephemeralKeyPair":{"pubKey":"BUaJUgaB77NrRb0iK07b4VPzrUtvo6NZSeU54c8YY79k","privKey":"iGa1YhJud5CNq2d+Sz6JOIuUzJJccglXZfMJnc+ULFA="},"lastRemoteEphemeralKey":"BeqVFJpFWllf60uGBkS6BOaFpg048XBdzfLJ18lXcjR2","previousCounter":0,"rootKey":"MC4hc953DGQNDXuthdFXZT3mWd2184JdBszahn65MxE="},"indexInfo":{"baseKey":"Bdt7kOsDXQFH6+CQPH0pSrwalcvSr00AMzN9XKj3Y/sL","baseKeyType":1,"closed":-1,"used":1684320201068,"created":1684254362069,"remoteIdentityKey":"Bd06JhE2ivMAkqOB/asEdwFjoJJ7hBq0sMmGn4qU8iIP"},"_chains":{"BcOxICn5vZIYEXa3N3eIatd97XlntIZuu9VThefGosgg":{"chainKey":{"counter":0},"chainType":2,"messageKeys":{}},"BeqVFJpFWllf60uGBkS6BOaFpg048XBdzfLJ18lXcjR2":{"chainKey":{"counter":0,"key":"Z6dsddYzWMdWjyNH4K/a7Jl7op0swWNsIsBPLfEu4pY="},"chainType":2,"messageKeys":{}},"BUaJUgaB77NrRb0iK07b4VPzrUtvo6NZSeU54c8YY79k":{"chainKey":{"counter":-1,"key":"V+qGQn5S0QkU3ER3gUZ+u9kGRJ2kEQ1vbkIVKsRHblg="},"chainType":1,"messageKeys":{}}}}},"version":"v1"}