{"_sessions":{"BfZyPH1H+4Y0K3bQzQk3weAS6sj5l6hKFvsIC8k1VtFS":{"registrationId":1794950596,"currentRatchet":{"ephemeralKeyPair":{"pubKey":"BXzUNLP5Br/ZWDXMI1brlrnRvQWEmGUKOwJkQ1WyiQx3","privKey":"8JfGhg2qcKZzSEPtt65KVtj1CxKGSVkElSu53Gncxl8="},"lastRemoteEphemeralKey":"BUK3ei2zgkckOCMZPWPiVe7zDSKUbWfQBSgw+u8296Bb","previousCounter":0,"rootKey":"GfrNOLV6YESmwk8N9UCFPdAw3RmI1VCo5199xcbAtys="},"indexInfo":{"baseKey":"BfZyPH1H+4Y0K3bQzQk3weAS6sj5l6hKFvsIC8k1VtFS","baseKeyType":1,"closed":-1,"used":1684254362620,"created":1684254362620,"remoteIdentityKey":"Bf6wKc73wiQzRkeJxAuvlkxbel7Q+G35ckppvYyiF5sa"},"_chains":{"BXzUNLP5Br/ZWDXMI1brlrnRvQWEmGUKOwJkQ1WyiQx3":{"chainKey":{"counter":6,"key":"DbH59Be93dz3igIZCoIsAAg+b2/CLqlTdQ6MUfgBPJ8="},"chainType":1,"messageKeys":{}}},"pendingPreKey":{"signedKeyId":4,"baseKey":"BfZyPH1H+4Y0K3bQzQk3weAS6sj5l6hKFvsIC8k1VtFS","preKeyId":11596706}}},"version":"v1"}