{"_sessions":{"BUTc3hzW15A981HcnQt/u15eCRrFpyG4ABMa98Xx+wZT":{"registrationId":103480108,"currentRatchet":{"ephemeralKeyPair":{"pubKey":"BXP5Brus4PiSmNEROiT7JSwT8QBocfkRz75MXcPyAgZz","privKey":"SCcHbFQM7y+pguMUZQ0xx2AxG/ClqqE+DLLVrcTt9Ug="},"lastRemoteEphemeralKey":"BTMBAAcjTEygFcOEOJWMxWJCfXXj+frwSHpy61DGx8ko","previousCounter":0,"rootKey":"5g7V+E00b36zh6oWzZn4Pt1Ys1ID53vpEYBkjGZZB0w="},"indexInfo":{"baseKey":"BUTc3hzW15A981HcnQt/u15eCRrFpyG4ABMa98Xx+wZT","baseKeyType":1,"closed":-1,"used":1684320406306,"created":1684320406306,"remoteIdentityKey":"BfarVfuFdU5fk91FQGuLaMS6KVPz6Ps7UZF9ZjJeZ84g"},"_chains":{"BXP5Brus4PiSmNEROiT7JSwT8QBocfkRz75MXcPyAgZz":{"chainKey":{"counter":0,"key":"BPMfCdgtC1GDF4pRa944AOMxEH1QzyHJG9VEd4nnAmE="},"chainType":1,"messageKeys":{}}},"pendingPreKey":{"signedKeyId":6,"baseKey":"BUTc3hzW15A981HcnQt/u15eCRrFpyG4ABMa98Xx+wZT","preKeyId":15750626}}},"version":"v1"}