{"_sessions":{"BRcP4DiNIAVyiFNiH6hxq/qEdQ8dcXrK5SGCqCybmpkQ":{"registrationId":938338,"currentRatchet":{"ephemeralKeyPair":{"pubKey":"BU3HgttCNH0VfW+g2FiI6SPufnYPa6Uddf3J+eAeA948","privKey":"eAGu9aKplYJCCJGeGa4njhCF3jtqcYQJ55B+X+JCfWU="},"lastRemoteEphemeralKey":"BSOmCmWZn1UQIc0fU4lVaC6mHPQtH8d6cgH7JclqclJK","previousCounter":0,"rootKey":"EONs6tDT8s1UUF+L7mVdj/of/4e6h1IHXw8PHbddneY="},"indexInfo":{"baseKey":"BRcP4DiNIAVyiFNiH6hxq/qEdQ8dcXrK5SGCqCybmpkQ","baseKeyType":1,"closed":-1,"used":1684320406836,"created":1684320406836,"remoteIdentityKey":"BQALs618wNHd15rqw57uqBnFSuykzvDNg8nqqeEkStVA"},"_chains":{"BU3HgttCNH0VfW+g2FiI6SPufnYPa6Uddf3J+eAeA948":{"chainKey":{"counter":0,"key":"GO7UI1cAgaYXorp1cevV5DCmP7xBW6mqesUmarpskCo="},"chainType":1,"messageKeys":{}}},"pendingPreKey":{"signedKeyId":0,"baseKey":"BRcP4DiNIAVyiFNiH6hxq/qEdQ8dcXrK5SGCqCybmpkQ","preKeyId":13697155}}},"version":"v1"}