{"_sessions":{"BeKsM2ZwrflPKFkv2BHOc3e0HYgqyN40lH1c6QIxOAoG":{"registrationId":881314632,"currentRatchet":{"ephemeralKeyPair":{"pubKey":"BYJNDcscsXILymylP2Bdi0kd0PW4/lPWx4VqbZyOkA4V","privKey":"SFKzeEnV1hJWhuOpsnVnt5EA5dsJz4joONQhVdVgy18="},"lastRemoteEphemeralKey":"BfBUZcvG1iUKZqI9Qn0sB0AIAy7cRUm35hJo8ay/Q8MJ","previousCounter":0,"rootKey":"AyCdds81zd/14jyVqcsCb+CUcncqCofhvApyI3SGMY8="},"indexInfo":{"baseKey":"BeKsM2ZwrflPKFkv2BHOc3e0HYgqyN40lH1c6QIxOAoG","baseKeyType":2,"closed":-1,"used":1684312494851,"created":1684312494851,"remoteIdentityKey":"Bag6Hgyv0UOvFqV+581qa905A7avMQC8i6+mZZcckQBN"},"_chains":{"BfBUZcvG1iUKZqI9Qn0sB0AIAy7cRUm35hJo8ay/Q8MJ":{"chainKey":{"counter":0,"key":"obRKgVBMR1XEYEXv1LVz1rTg+oWoHe2lw7cmRgOhqZA="},"chainType":2,"messageKeys":{}},"BYJNDcscsXILymylP2Bdi0kd0PW4/lPWx4VqbZyOkA4V":{"chainKey":{"counter":-1,"key":"KrB74EwFzGHQepl+bP3GetaYSNxG2QqQw0ItYYx+nO0="},"chainType":1,"messageKeys":{}}}}},"version":"v1"}