{"_sessions":{"BdG4+4lJnFr8Y8g4Ji9sATUgi+Atn5cNWIBvccBh0RUa":{"registrationId":444465828,"currentRatchet":{"ephemeralKeyPair":{"pubKey":"BcYAb95hx9pSCSIc10xmybPC8iCPlF6c9NXWTF3bU9Mv","privKey":"IENBTvXKMmZkkVAbxS5vUPNN2HBDl6MttKoTR4YWw18="},"lastRemoteEphemeralKey":"Bf8W24oenqzH4MNtlhRxpH6MUcM8vuDk8ErAHg5twiJL","previousCounter":0,"rootKey":"P657vW2ItR58NKuKihrgXFF4RWbQsEPEHCy9/adV3ao="},"indexInfo":{"baseKey":"BdG4+4lJnFr8Y8g4Ji9sATUgi+Atn5cNWIBvccBh0RUa","baseKeyType":2,"closed":-1,"used":1684316024437,"created":1684316024437,"remoteIdentityKey":"Be370T+weQKySWIxZyOy1zlHk3BMKy3R5Nv51kKZTUlR"},"_chains":{"Bf8W24oenqzH4MNtlhRxpH6MUcM8vuDk8ErAHg5twiJL":{"chainKey":{"counter":0,"key":"XevTMuy9h2D+JSwH4y/zFJdRv4NsAYoGH6AUuzhBI4M="},"chainType":2,"messageKeys":{}},"BcYAb95hx9pSCSIc10xmybPC8iCPlF6c9NXWTF3bU9Mv":{"chainKey":{"counter":-1,"key":"EsAXhaGIb7DB/QZso5i/qkTkxqoaq0tRKWNVF5Wz9H8="},"chainType":1,"messageKeys":{}}}}},"version":"v1"}