{"_sessions":{"BXrM1ABIVEhFALbzBS4t0sn13SealFls/SAIf9ErsdQe":{"registrationId":7998,"currentRatchet":{"ephemeralKeyPair":{"pubKey":"BeZKw3HhAVBLZoyx+ONDByJrGUpRStyYoTBHz/FMgsJc","privKey":"YCkl3P6qb/PxuvKVSr1fpOLBQCaxkN48/b+lcaBqjUM="},"lastRemoteEphemeralKey":"BV3IMJH8YBbzQZsx2Pe52TJo82q2gSH3FGPtOe4WLuoV","previousCounter":0,"rootKey":"M7ulTSfFp/NIreBam+84pqLRmZe0gVW5xBVvPrzrgro="},"indexInfo":{"baseKey":"BXrM1ABIVEhFALbzBS4t0sn13SealFls/SAIf9ErsdQe","baseKeyType":1,"closed":-1,"used":1684320406190,"created":1684320406190,"remoteIdentityKey":"Bdha8IQ9p4sdP+kLZX9YdFWN63XllvdMmfDVDzilxmdS"},"_chains":{"BeZKw3HhAVBLZoyx+ONDByJrGUpRStyYoTBHz/FMgsJc":{"chainKey":{"counter":0,"key":"rlU264UTgMWWcuW5dYQIY5+BEGrqq8Rk4ZmaJkYVLsM="},"chainType":1,"messageKeys":{}}},"pendingPreKey":{"signedKeyId":1,"baseKey":"BXrM1ABIVEhFALbzBS4t0sn13SealFls/SAIf9ErsdQe"}}},"version":"v1"}