{"_sessions":{"BR2NPuUkyWJM6hfUhmXqvVZaCQgf4JxA5YN/Qortu9pB":{"registrationId":1717648288,"currentRatchet":{"ephemeralKeyPair":{"pubKey":"Bc0pHF6fOwThGCFF3RBY6/UckeJx6luOmb85RgryFEgj","privKey":"UPGJIh4CToXpv6nsVgrUhF9bSs5j7hltPQrA2h8kbX4="},"lastRemoteEphemeralKey":"BdROCStxDblt89gHFlarEKpS4Ng1hV2phArdZw8b9agL","previousCounter":0,"rootKey":"iK3L9EC3pPBZQOIEZYfytTe9ckmp2NGQ5fXHY4d7gN0="},"indexInfo":{"baseKey":"BR2NPuUkyWJM6hfUhmXqvVZaCQgf4JxA5YN/Qortu9pB","baseKeyType":1,"closed":-1,"used":1684320406483,"created":1684320406483,"remoteIdentityKey":"BW56NDu3pE2+6bflmJMUlKL6cfwj7srBmlSIn3M8fyd2"},"_chains":{"Bc0pHF6fOwThGCFF3RBY6/UckeJx6luOmb85RgryFEgj":{"chainKey":{"counter":0,"key":"z7PyZfO7q9tAqmgsH6RseNcpsugQDMGbvF9Lfu7WiqM="},"chainType":1,"messageKeys":{}}},"pendingPreKey":{"signedKeyId":1,"baseKey":"BR2NPuUkyWJM6hfUhmXqvVZaCQgf4JxA5YN/Qortu9pB"}}},"version":"v1"}