{"_sessions":{"Bb0HM/7sjW38FkYVLB1r8sYfrSsF3UzCXWolQYahLhIq":{"registrationId":633262036,"currentRatchet":{"ephemeralKeyPair":{"pubKey":"Balr+AtvzlixdSR2hYUBpr61LBlRacRMlXzRzrmhWFBp","privKey":"SFf7cJ44ewFNjy/+jwOYbkIo84nnPlPiIMf0jGZgz2M="},"lastRemoteEphemeralKey":"BcZe3lz9M80QJRdYCmn0+8ZvkezhbNdn53HMGpNbd4xc","previousCounter":0,"rootKey":"2QWKfb58KWbheaBAqo7uGUZPQldkBfOwD7sGTSwxW38="},"indexInfo":{"baseKey":"Bb0HM/7sjW38FkYVLB1r8sYfrSsF3UzCXWolQYahLhIq","baseKeyType":1,"closed":-1,"used":1684320407318,"created":1684320407318,"remoteIdentityKey":"BTuCx37AfLhmfo9bdXJGfwqRvUvMxNULo75fBHADm84m"},"_chains":{"Balr+AtvzlixdSR2hYUBpr61LBlRacRMlXzRzrmhWFBp":{"chainKey":{"counter":0,"key":"S16wJIIzVDosbdigVBA3qK9V19e9l8+CtgI4NrT+Gz8="},"chainType":1,"messageKeys":{}}},"pendingPreKey":{"signedKeyId":6,"baseKey":"Bb0HM/7sjW38FkYVLB1r8sYfrSsF3UzCXWolQYahLhIq","preKeyId":12612566}}},"version":"v1"}