{"_sessions":{"BXhp231WFdPt3buQvH7+ZULLrogZWRTb6HrcYEWYQuID":{"registrationId":1176035354,"currentRatchet":{"ephemeralKeyPair":{"pubKey":"BeV71qXomygavX9L/AFwFTU9eAJTvOLqQY/kZBGq7iUX","privKey":"uKK3ohZYTXJP91XGQHvIO+GH38dsdNRKuVV6tAEIqW8="},"lastRemoteEphemeralKey":"BbNMxrZcxOIBi7oJUp9mxUdkqJLuYuTxnMfEvCBWDaww","previousCounter":0,"rootKey":"6iUBgLsNpVl5kIQJTsPZGrx1keRmJpBUiEG8Z9AxO00="},"indexInfo":{"baseKey":"BXhp231WFdPt3buQvH7+ZULLrogZWRTb6HrcYEWYQuID","baseKeyType":1,"closed":-1,"used":1684254362727,"created":1684254362727,"remoteIdentityKey":"BdEWe/naP7NLLa88mV1X+QRGnUe4kw9dzK6+XYgAmLcv"},"_chains":{"BeV71qXomygavX9L/AFwFTU9eAJTvOLqQY/kZBGq7iUX":{"chainKey":{"counter":6,"key":"7lvGpGF+TknZeZRn+H+vJS0/myYYgB9Lybl+2zX5jiM="},"chainType":1,"messageKeys":{}}},"pendingPreKey":{"signedKeyId":12,"baseKey":"BXhp231WFdPt3buQvH7+ZULLrogZWRTb6HrcYEWYQuID","preKeyId":8599644}}},"version":"v1"}