{"_sessions":{"BeuQo94SvY146oFl1+WO5HvWEpTbEPDqycDToWQi4DQz":{"registrationId":1971088848,"currentRatchet":{"ephemeralKeyPair":{"pubKey":"BRZ5PwGuTZbRIpkfveOLtzAc7LaYkrRN7wc3OIuhKJMy","privKey":"+CJmklawBJ6osjung9UwU2mLegtqFq40PGV3Q7cBtnQ="},"lastRemoteEphemeralKey":"BX/OOUMOYOm1TKFFy7+SK4xm7oy/7/0Bn/mKT1cmOf8Q","previousCounter":0,"rootKey":"Y/Yk+5pPawScqvwLALpZ0yN0VtNkKenA5aQfAzz+3yg="},"indexInfo":{"baseKey":"BeuQo94SvY146oFl1+WO5HvWEpTbEPDqycDToWQi4DQz","baseKeyType":1,"closed":-1,"used":1684320407383,"created":1684320407383,"remoteIdentityKey":"BUFteFvd+OR9C38+r6vqjjJUx/NBZqWKGtRa46Z2E0R9"},"_chains":{"BRZ5PwGuTZbRIpkfveOLtzAc7LaYkrRN7wc3OIuhKJMy":{"chainKey":{"counter":0,"key":"zLzs7KyI/rGEd50Sml872G2Q3xcVRoaENTgAv0EUj9s="},"chainType":1,"messageKeys":{}}},"pendingPreKey":{"signedKeyId":4,"baseKey":"BeuQo94SvY146oFl1+WO5HvWEpTbEPDqycDToWQi4DQz","preKeyId":15252496}}},"version":"v1"}