{"_sessions":{"BZUj0OGcF6XcjjwJ84KrkFIO2mm0w5eCvT0WFuAsGnwW":{"registrationId":1472113076,"currentRatchet":{"ephemeralKeyPair":{"pubKey":"BR56ElnXxFPsJo927bEwtxpr6qfba5qp5pOaKiEXEyZu","privKey":"WGoyN2zyzHJj+Z11idcP+S2IZsia3GjwlFf6WcBa22s="},"lastRemoteEphemeralKey":"BSLtpcNCKywRcVRlEUho0NDUHOQlqZ6fQN8Mb2YXmCcd","previousCounter":2,"rootKey":"IkzHkF5BKYubSMvTEXMKfrM1EnsUDnUQUTyWxdh54vk="},"indexInfo":{"baseKey":"BZUj0OGcF6XcjjwJ84KrkFIO2mm0w5eCvT0WFuAsGnwW","baseKeyType":2,"closed":-1,"used":1684313237724,"created":1684254339031,"remoteIdentityKey":"BbbA8iAe4Lx8F/w+uQKTSd2KXyCw88ybXXMPXjL8wqJn"},"_chains":{"BR330zRW5VnjxKzDy014/3W4gHOMzbuRkQ33+Vm+rJ5a":{"chainKey":{"counter":0},"chainType":2,"messageKeys":{}},"BW0f2oTD747TYsRhC00uNPDSfU8WcaSqH9pjimb65mVz":{"chainKey":{"counter":1},"chainType":2,"messageKeys":{}},"BRMl6zuncb5/EsuIglGXWx6sHZNoZV0L1icJE5x832sv":{"chainKey":{"counter":0},"chainType":2,"messageKeys":{}},"BSLtpcNCKywRcVRlEUho0NDUHOQlqZ6fQN8Mb2YXmCcd":{"chainKey":{"counter":0,"key":"RtXYzNBWM+zR+NO7zQVHUPh1bXcefznEumGqO7OVTV4="},"chainType":2,"messageKeys":{}},"BR56ElnXxFPsJo927bEwtxpr6qfba5qp5pOaKiEXEyZu":{"chainKey":{"counter":-1,"key":"Qg2OLyg9D3lJUC31tP1GniK0FIdpHwiqA0DBINju/mo="},"chainType":1,"messageKeys":{}}}}},"version":"v1"}