{"_sessions":{"BYjIek5958WvLPNcMq4+husLz5H6AuvSwhJqAqY8hhdS":{"registrationId":1923674759,"currentRatchet":{"ephemeralKeyPair":{"pubKey":"BaqwaqbqxR1Nrb3NE5HBPeJtZsq6Fhyet6EQTD+1fgh1","privKey":"MEe51L5FYyE/UyoZOO1G8qsV1RERzO/RBMN/6Tapjnw="},"lastRemoteEphemeralKey":"BenKicGbC18O0VSwvgAX03T2W9AfjcNQCw6Zg7uS2rZt","previousCounter":0,"rootKey":"lAmslB81CUegXeIOT9fFM5nz0kNLNAJGIz6adDzk+VU="},"indexInfo":{"baseKey":"BYjIek5958WvLPNcMq4+husLz5H6AuvSwhJqAqY8hhdS","baseKeyType":1,"closed":-1,"used":1684320407393,"created":1684320407393,"remoteIdentityKey":"BROH1X7Xynh5xuh6nRjJpURG4bd8D7ThGucoVpp/AOEg"},"_chains":{"BaqwaqbqxR1Nrb3NE5HBPeJtZsq6Fhyet6EQTD+1fgh1":{"chainKey":{"counter":0,"key":"eV1FJQTeCeqiFFO5YJkHZW3GAmK9EY3RypSokW1zPZw="},"chainType":1,"messageKeys":{}}},"pendingPreKey":{"signedKeyId":0,"baseKey":"BYjIek5958WvLPNcMq4+husLz5H6AuvSwhJqAqY8hhdS","preKeyId":3792125}}},"version":"v1"}