{"_sessions":{"BaivTrPQw0IHVoa4F7guFbdH35GPWrx3Wc/V66uK2PwJ":{"registrationId":46,"currentRatchet":{"ephemeralKeyPair":{"pubKey":"BeKf6ObDzQk6m77cLSpjMyTrX3GJRBnRts7fzzdpanF+","privKey":"8PVP2LMl/Eg3rRlEqfaiYOnAvxZRLwNL1i9Xs6L6A3c="},"lastRemoteEphemeralKey":"Be64Jnh8ngY64/sHUtnIWne2o9dDGxgqvVjBKmWjU+UI","previousCounter":0,"rootKey":"7k2IdjrWXU5Qa9dl7Gl8mDaM9NSrUoldSQbEOm1G/ew="},"indexInfo":{"baseKey":"BaivTrPQw0IHVoa4F7guFbdH35GPWrx3Wc/V66uK2PwJ","baseKeyType":1,"closed":-1,"used":1684320406226,"created":1684320406226,"remoteIdentityKey":"BSGt669f0OU+YakAJBu/vWDEkt86AhU4gFnoxVWOIPAv"},"_chains":{"BeKf6ObDzQk6m77cLSpjMyTrX3GJRBnRts7fzzdpanF+":{"chainKey":{"counter":0,"key":"KrRv05/gybd47v8gxvyTXd+5kNJyDtlHviehU7lRNyg="},"chainType":1,"messageKeys":{}}},"pendingPreKey":{"signedKeyId":1,"baseKey":"BaivTrPQw0IHVoa4F7guFbdH35GPWrx3Wc/V66uK2PwJ"}}},"version":"v1"}