{"_sessions":{"BY2esmz6Icav2Wh8wgQcK4VXlqqsrLjsruay2hV7jpNO":{"registrationId":102878868,"currentRatchet":{"ephemeralKeyPair":{"pubKey":"BY0luRcCf7YCgbIqedSqbnCz1Hr/OG7Lu1a4GXlRsykb","privKey":"+D7Xoqqmb2m6hhEWXBBUbCGJUWFZ4wIaZbGWUfg63XU="},"lastRemoteEphemeralKey":"BUNzfYpNLScJlPjbmADTPsYERinPTC6AGn9RBMm3+gJ+","previousCounter":0,"rootKey":"5MbzDfmdo6YTJiH2OdKH3wd+wbT8Z/z3ECpta11XHTo="},"indexInfo":{"baseKey":"BY2esmz6Icav2Wh8wgQcK4VXlqqsrLjsruay2hV7jpNO","baseKeyType":1,"closed":-1,"used":1684254362504,"created":1684254362504,"remoteIdentityKey":"BTYmaOSR2wk+Zn7ljym9ZuF0ctRAxts1VKh+nSW/RxtE"},"_chains":{"BY0luRcCf7YCgbIqedSqbnCz1Hr/OG7Lu1a4GXlRsykb":{"chainKey":{"counter":6,"key":"3ghYW71+DN0qMyT5bGYmWecJPVFmwFGpvJh1y6t6KZE="},"chainType":1,"messageKeys":{}}},"pendingPreKey":{"signedKeyId":1,"baseKey":"BY2esmz6Icav2Wh8wgQcK4VXlqqsrLjsruay2hV7jpNO","preKeyId":4469294}}},"version":"v1"}