{"_sessions":{"BdLwjxT2KkzLyzzSmIHOACpccjNs6DzLGo/DW2808OF2":{"registrationId":1115341730,"currentRatchet":{"ephemeralKeyPair":{"pubKey":"BQ3wu5NmK3q9lqUeW+rzWz8ei8cgg+bnSyWT3U4m23J3","privKey":"iIk1ymCU6H94kUTj4/onSU8Pyy4gxxZibY7FcIqs5EU="},"lastRemoteEphemeralKey":"Bcub/tIoX4DtxBkyTa0AKw/ZMw+89CgS0ZUB3kH0SGkR","previousCounter":0,"rootKey":"qaXR9VlZgYHHZlObXHX69vU1QjZmJRIIoddyhLx6sKw="},"indexInfo":{"baseKey":"BdLwjxT2KkzLyzzSmIHOACpccjNs6DzLGo/DW2808OF2","baseKeyType":1,"closed":-1,"used":1684320406465,"created":1684320406465,"remoteIdentityKey":"BSS77E0x2BhbwXLqanC6JBc0Qeqwji9zG3vnSGdbHV9P"},"_chains":{"BQ3wu5NmK3q9lqUeW+rzWz8ei8cgg+bnSyWT3U4m23J3":{"chainKey":{"counter":0,"key":"stAQbuAQkD+m4GYzF69mX8tk56YeNz+elrGvcWm/3B8="},"chainType":1,"messageKeys":{}}},"pendingPreKey":{"signedKeyId":1678807,"baseKey":"BdLwjxT2KkzLyzzSmIHOACpccjNs6DzLGo/DW2808OF2","preKeyId":508}}},"version":"v1"}