{"_sessions":{"BaP3VKc9ZXa4jFZHHdpx3xId9tuRezhM94TKynBKdVwk":{"registrationId":1104619522,"currentRatchet":{"ephemeralKeyPair":{"pubKey":"BaP7JTGBlEvwd8XORnXnSWNoVFzheCshCPQoJDyJw3Re","privKey":"mPNc07ZcsXB/UZJafCCFXchE0MlTP1Auo1kgNkHAtVs="},"lastRemoteEphemeralKey":"BUKR6a0q9j9ZXrlUIYHassdWXvq72GtLvlfu9BivDlcL","previousCounter":0,"rootKey":"ij0/or8RTuZ6hCKojTuVeHM1zlbOfYdickIHaugH9o8="},"indexInfo":{"baseKey":"BaP3VKc9ZXa4jFZHHdpx3xId9tuRezhM94TKynBKdVwk","baseKeyType":1,"closed":-1,"used":1684254362155,"created":1684254362155,"remoteIdentityKey":"BXe2OcX7aYQHX6Dq64rFBe20SYjjfryoKotrU+QGuoZN"},"_chains":{"BaP7JTGBlEvwd8XORnXnSWNoVFzheCshCPQoJDyJw3Re":{"chainKey":{"counter":6,"key":"kbzi4w7a9lgwbj9d7dwlBKfytJ8+G2CCZybfWAresLk="},"chainType":1,"messageKeys":{}}},"pendingPreKey":{"signedKeyId":2,"baseKey":"BaP3VKc9ZXa4jFZHHdpx3xId9tuRezhM94TKynBKdVwk","preKeyId":15763573}}},"version":"v1"}