{"_sessions":{"BU6l7/+4zqAqLrY1LXWd49ZXhBLM1ZHLV2rMWyY+6Udy":{"registrationId":436047511,"currentRatchet":{"ephemeralKeyPair":{"pubKey":"BXhPTxBlxYs78BftqfCEQnzg0eOn/+sF203xjheb2TA8","privKey":"+L4C4Mev4odaCoDpxgkRObsBUB2GZFwRtJAe0NAHoF0="},"lastRemoteEphemeralKey":"BTifuL9mtu6hAb6VXs8dcyGijMbgI4qgRs+zYLiIv+9n","previousCounter":0,"rootKey":"Jzl9hRJaDhtrGW/HHnUBc6urUMtGBtCQyA2PaKzyMgg="},"indexInfo":{"baseKey":"BU6l7/+4zqAqLrY1LXWd49ZXhBLM1ZHLV2rMWyY+6Udy","baseKeyType":2,"closed":-1,"used":1684255442966,"created":1684255343755,"remoteIdentityKey":"BRrSzaWrhah9m51o95nyflz32E3CWzgqwkGoa6i53c95"},"_chains":{"BRExXfRz753MuSoxcENB4miDtqMYdv19W2IKhl+uNX5F":{"chainKey":{"counter":1},"chainType":2,"messageKeys":{}},"BesMsq262nsiqUi3qLk5Ws9gZcy3znOzNvi7UZtFgxZG":{"chainKey":{"counter":4},"chainType":2,"messageKeys":{}},"BTifuL9mtu6hAb6VXs8dcyGijMbgI4qgRs+zYLiIv+9n":{"chainKey":{"counter":0,"key":"8j7pJWhP55EcsJl5gGcrWV5btX4y6LKuBIea7I5h+C8="},"chainType":2,"messageKeys":{}},"BXhPTxBlxYs78BftqfCEQnzg0eOn/+sF203xjheb2TA8":{"chainKey":{"counter":-1,"key":"YLcKzTXqQGrQLsxH1+hFqQqxF0lxGQn9LQlhKx9bmPc="},"chainType":1,"messageKeys":{}}}}},"version":"v1"}