{"_sessions":{"BcgmgiriQRqc6RlGjm+JZNdKHpGQjSvMVbvsi3vIG65+":{"registrationId":71320361,"currentRatchet":{"ephemeralKeyPair":{"pubKey":"Bd2GHfptdnftnFFbp3YlMG/mw4Wkd4tkK7JTue66iP5v","privKey":"kEb8h6AHHOCXMiPTQWejjWceYOFs9nWm3ygkVgP5oX4="},"lastRemoteEphemeralKey":"BbeSfFqpl1kTfr13zsSCeakapCBSDdN7wS9yjrzafWpL","previousCounter":0,"rootKey":"Lq3UZERNs4qY+CmIWnreFD48VIWXWFnGzte2g914u7M="},"indexInfo":{"baseKey":"BcgmgiriQRqc6RlGjm+JZNdKHpGQjSvMVbvsi3vIG65+","baseKeyType":1,"closed":-1,"used":1684320407449,"created":1684320407449,"remoteIdentityKey":"BY+hr8DyF2XstVzWoHYEWPHp5Hju/noEX8NoSwnwd6J6"},"_chains":{"Bd2GHfptdnftnFFbp3YlMG/mw4Wkd4tkK7JTue66iP5v":{"chainKey":{"counter":0,"key":"I1/XCeEqhw4n7tVFjO80x4a5w94DRYo085/4y4alnlk="},"chainType":1,"messageKeys":{}}},"pendingPreKey":{"signedKeyId":2,"baseKey":"BcgmgiriQRqc6RlGjm+JZNdKHpGQjSvMVbvsi3vIG65+","preKeyId":13689463}}},"version":"v1"}