{"_sessions":{"BUV8KFxyfQrOwFvVHNOp3KvlIycLm9C2rDsIZbeCylgm":{"registrationId":1980587782,"currentRatchet":{"ephemeralKeyPair":{"pubKey":"BVUHe84jr/AGK3XYZST3JHALrMmszJBidr7Z4RaGnjwR","privKey":"WLRP1cQStt7qv1iUtHS9D9lHG3DAfK0wdmHSKlAiuE8="},"lastRemoteEphemeralKey":"BTWws0i6err1BDZBQKDbxt0kPdkNTwla4EzH0zzUycAC","previousCounter":0,"rootKey":"i7cQJ17EaYVDXbfRdzjGtKgVZ3uFW+jxOHfoyznmrEk="},"indexInfo":{"baseKey":"BUV8KFxyfQrOwFvVHNOp3KvlIycLm9C2rDsIZbeCylgm","baseKeyType":1,"closed":-1,"used":1684320407000,"created":1684320407000,"remoteIdentityKey":"BWO9tYAmMYHDCgkqo2FxY2a+Kz+2eyb6mOgIoXObBoNd"},"_chains":{"BVUHe84jr/AGK3XYZST3JHALrMmszJBidr7Z4RaGnjwR":{"chainKey":{"counter":0,"key":"7K7F3RiEqeU/4ugmu/VyQbJzRUsmK0VAyDhSbxR+kRI="},"chainType":1,"messageKeys":{}}},"pendingPreKey":{"signedKeyId":12,"baseKey":"BUV8KFxyfQrOwFvVHNOp3KvlIycLm9C2rDsIZbeCylgm","preKeyId":11207072}}},"version":"v1"}