{"_sessions":{"BcUIgtXB921noBpu8iyT4ELuV0yZdVC9GJkhUdr4qkQM":{"registrationId":1926879117,"currentRatchet":{"ephemeralKeyPair":{"pubKey":"BQC18+C/w7Vyqjh03q0kXBWyjmINkFzlbNZrWiLJoNUf","privKey":"qBPaO17kRuls66Fxh8nqvBhlmfwFmgESLRGUScmBzm0="},"lastRemoteEphemeralKey":"BVj4AaOeN4cyoZroVdk1lJOU4BZI8bcbELRvqy9iRxQH","previousCounter":0,"rootKey":"0tVHcqDWFkQsFq9SQhg7TITqwo7k3qCKlo0r27BsUPg="},"indexInfo":{"baseKey":"BcUIgtXB921noBpu8iyT4ELuV0yZdVC9GJkhUdr4qkQM","baseKeyType":1,"closed":-1,"used":1684320407419,"created":1684320407419,"remoteIdentityKey":"BRgkjX4i/VlTI6E6XGx2HaE1Q/jY4eOH5oK4unKSgIcA"},"_chains":{"BQC18+C/w7Vyqjh03q0kXBWyjmINkFzlbNZrWiLJoNUf":{"chainKey":{"counter":0,"key":"hVDRmVz/jLf2MEyq/BsmaCbGhSTyTjl7jHTHOISva+c="},"chainType":1,"messageKeys":{}}},"pendingPreKey":{"signedKeyId":11,"baseKey":"BcUIgtXB921noBpu8iyT4ELuV0yZdVC9GJkhUdr4qkQM","preKeyId":11373787}}},"version":"v1"}