{"_sessions":{"BdqT/eEs2PgMSiWOJb9HJiqBj4NrojBQLQb3m1ZcNV07":{"registrationId":88187471,"currentRatchet":{"ephemeralKeyPair":{"pubKey":"BZPj2i9L71RTYIcv9J4P/RyEaTzd9TZ9nzhFIyRUg54t","privKey":"8EHm75bcSSavVzfeKqNhPW1L2+ve5JVJ0E54b9C/zlc="},"lastRemoteEphemeralKey":"BVQwSoyLgEqD7jK7RkCVD89mVqEYMO+GC9XijUnJOvoc","previousCounter":0,"rootKey":"k4of+gUo0IO6GVtQeiP1MG3FlN7X4kYc7cedFddgpcM="},"indexInfo":{"baseKey":"BdqT/eEs2PgMSiWOJb9HJiqBj4NrojBQLQb3m1ZcNV07","baseKeyType":1,"closed":-1,"used":1684320407041,"created":1684320407041,"remoteIdentityKey":"BYU51q5KuouwlcvbPAQmLktrX9HWuIBDFAsRLnRrXuEh"},"_chains":{"BZPj2i9L71RTYIcv9J4P/RyEaTzd9TZ9nzhFIyRUg54t":{"chainKey":{"counter":0,"key":"3ZslCOgQm4cVBsoywj14azdXyVhb41dX8cIoxyDwhxc="},"chainType":1,"messageKeys":{}}},"pendingPreKey":{"signedKeyId":3,"baseKey":"BdqT/eEs2PgMSiWOJb9HJiqBj4NrojBQLQb3m1ZcNV07","preKeyId":4988322}}},"version":"v1"}