{"_sessions":{"BXaOGcKDEq8R4+72GFQxr+wx8sf2beYoLMUA1wwVXEgo":{"registrationId":1701798997,"currentRatchet":{"ephemeralKeyPair":{"pubKey":"BUJeNXF0pXlpdLsfLgeAMcveePESFNSGCzsRbPse0DQo","privKey":"kJavfKTzmeO5OXDA15X+XffLJA5LR3FCW4Gmy90rV2s="},"lastRemoteEphemeralKey":"BZyMHWNz4zKluVnvFat0uQLXJb/jlM8abfoB00fiX7d7","previousCounter":0,"rootKey":"A5GEJ4Jns7RvIFLWZ2S7DtCDYufMwgFus1wogHiTf6Y="},"indexInfo":{"baseKey":"BXaOGcKDEq8R4+72GFQxr+wx8sf2beYoLMUA1wwVXEgo","baseKeyType":1,"closed":-1,"used":1684320406807,"created":1684320406807,"remoteIdentityKey":"Ba3LOSz7mv61H7hDXYFlXoQC6BptLKEo0qf0pzRd2Wlz"},"_chains":{"BUJeNXF0pXlpdLsfLgeAMcveePESFNSGCzsRbPse0DQo":{"chainKey":{"counter":0,"key":"xbnkjhx3ocib0wLjaJMs5qqVb1J0VCo9lbaoD3vRgXo="},"chainType":1,"messageKeys":{}}},"pendingPreKey":{"signedKeyId":1,"baseKey":"BXaOGcKDEq8R4+72GFQxr+wx8sf2beYoLMUA1wwVXEgo","preKeyId":900270}}},"version":"v1"}