{"_sessions":{"BbGfm9f4zwpuXnHxOk+oab+fJfc4gfVp82gBOMm2BLMt":{"registrationId":1330988320,"currentRatchet":{"ephemeralKeyPair":{"pubKey":"Bfmb9+qEYyXsdTN8m48rO9hSYlRVvyMrCqkaWcmcNL05","privKey":"cEoYbjPHMrcYhJvawYDrqaz3pgbGhq6YDC+NbiKaTEc="},"lastRemoteEphemeralKey":"BRJfxKfndfQXPmetgKzCxsj51pk4CzIan5Jf01Nrge03","previousCounter":0,"rootKey":"Iqy1W5gv3IHu352kAnvQqK7teZuZGvhAFBS5hyuVAG4="},"indexInfo":{"baseKey":"BbGfm9f4zwpuXnHxOk+oab+fJfc4gfVp82gBOMm2BLMt","baseKeyType":1,"closed":-1,"used":1684320406749,"created":1684320406749,"remoteIdentityKey":"BS+O8M3nYkaLlIyKzUwXaD8NLXYyX5F/ZTQRgVAeiHoe"},"_chains":{"Bfmb9+qEYyXsdTN8m48rO9hSYlRVvyMrCqkaWcmcNL05":{"chainKey":{"counter":0,"key":"yF1G8b+qbVk462GT6MsWdP0MCQ86vWlWWBBkCWxtXsA="},"chainType":1,"messageKeys":{}}},"pendingPreKey":{"signedKeyId":11,"baseKey":"BbGfm9f4zwpuXnHxOk+oab+fJfc4gfVp82gBOMm2BLMt","preKeyId":12988316}}},"version":"v1"}