{"_sessions":{"BXWrS69rXNNrUwj8hbV7DF8vUQQwheIrP1jCZFzvVv06":{"registrationId":1763292806,"currentRatchet":{"ephemeralKeyPair":{"pubKey":"BW/XatA2jGgQsDeJvvprqveO1gLO0RvMto5NOiUCSSIh","privKey":"YErLq2cVouTEAB4uHCFiQvH9O6pRcJr0cMQgeUat808="},"lastRemoteEphemeralKey":"BVHnRPQWZ12pbDKJozcjkvBC0ZxsQnWaDvB/T4isHno+","previousCounter":0,"rootKey":"GdfNOzJFgc6qng3yKkD4hYZK+jlC652NT82XJjVIx7s="},"indexInfo":{"baseKey":"BXWrS69rXNNrUwj8hbV7DF8vUQQwheIrP1jCZFzvVv06","baseKeyType":1,"closed":-1,"used":1684320407049,"created":1684320407049,"remoteIdentityKey":"BfYKQcC8/OJBDDg60nfuMdtMLXxfndYuQawHfQZ1OzJ1"},"_chains":{"BW/XatA2jGgQsDeJvvprqveO1gLO0RvMto5NOiUCSSIh":{"chainKey":{"counter":0,"key":"Wv/ouxFvgynZs7Y7BzfAuf0oHSbyCFuxQLOOsdTb1sE="},"chainType":1,"messageKeys":{}}},"pendingPreKey":{"signedKeyId":9,"baseKey":"BXWrS69rXNNrUwj8hbV7DF8vUQQwheIrP1jCZFzvVv06","preKeyId":10856021}}},"version":"v1"}