{"_sessions":{"BedH4/z1TZRWVK1otEVYlufdyQ+xfKdEBTeLLEorbvpX":{"registrationId":875618435,"currentRatchet":{"ephemeralKeyPair":{"pubKey":"BcCMPidvndO2+pout5GAsmCy4xRPX0PRHRxV5uPYRdM+","privKey":"ABbziLSCjNNFQ/c1YlsKhnEQorOioqzNbTsvNMu4UnQ="},"lastRemoteEphemeralKey":"BeFrt6etPIgZU/oIHQPqrpFJ/U5uekuAmve91KSw0C8z","previousCounter":0,"rootKey":"7aO95X3C9bj+xz6YvTIAW9bXXS6egSJYD5DZWRbAWl4="},"indexInfo":{"baseKey":"BedH4/z1TZRWVK1otEVYlufdyQ+xfKdEBTeLLEorbvpX","baseKeyType":1,"closed":-1,"used":1684320406962,"created":1684320406962,"remoteIdentityKey":"BaRnq8k5tNYEl0kfewbSTJ3LSB/G0RCTCSkxOMryUswy"},"_chains":{"BcCMPidvndO2+pout5GAsmCy4xRPX0PRHRxV5uPYRdM+":{"chainKey":{"counter":0,"key":"ZaEK09YbtXZC919zTTgug6JfFhw1GkjNJ5rTdPl8JiY="},"chainType":1,"messageKeys":{}}},"pendingPreKey":{"signedKeyId":1758747,"baseKey":"BedH4/z1TZRWVK1otEVYlufdyQ+xfKdEBTeLLEorbvpX","preKeyId":508}}},"version":"v1"}