{"_sessions":{"BYXojsiqYatmtnikZY0ehcU5nJ1canWwef8iglmZj5sH":{"registrationId":1405341506,"currentRatchet":{"ephemeralKeyPair":{"pubKey":"BfC1y/4YGj4XVVK1qOeBw19dxqKWdl1lf/X8fnorLxUF","privKey":"WIKLxZ/V4a+8m1w413e5EoRZpNgIOs+fbixl5JWS02g="},"lastRemoteEphemeralKey":"BUiSs4UheQ5TEuY59nvPPrVpqNQqYEApAFf3p+5pv2sp","previousCounter":0,"rootKey":"663SXQj16F/NOxfZuqPbgmxT4BHeLNtrDysyStWSpR0="},"indexInfo":{"baseKey":"BYXojsiqYatmtnikZY0ehcU5nJ1canWwef8iglmZj5sH","baseKeyType":1,"closed":-1,"used":1684320406658,"created":1684320406658,"remoteIdentityKey":"BXqXi0QksOzoBme3nWShZDlhttk600STaUjaImvvSP5r"},"_chains":{"BfC1y/4YGj4XVVK1qOeBw19dxqKWdl1lf/X8fnorLxUF":{"chainKey":{"counter":0,"key":"o0+lllHhLb9bxUP/IUpVtc6o/59jzDUnsg0SxxahiMY="},"chainType":1,"messageKeys":{}}},"pendingPreKey":{"signedKeyId":2,"baseKey":"BYXojsiqYatmtnikZY0ehcU5nJ1canWwef8iglmZj5sH","preKeyId":7455670}}},"version":"v1"}