{"_sessions":{"BdEA+tF5E3e3I2K7vBBE0aBd1uNafERZppQN8LkbmX1r":{"registrationId":867589714,"currentRatchet":{"ephemeralKeyPair":{"pubKey":"BR4XX8NfmDzdX4klOlGsB5KpKF27JMiOcyECJOjArndc","privKey":"AFs2FKOQJMpo1OBB9k57g9QU7S+40XiK30JLhjfYeFQ="},"lastRemoteEphemeralKey":"BXnTJjHRYQdMAeF1fFso7Vn7r6PnyTp4sOpv15w0pX0a","previousCounter":0,"rootKey":"EgGG355FhtOrsiDRqcttdnCz7pf4h/OTjOhhF/vJEZc="},"indexInfo":{"baseKey":"BdEA+tF5E3e3I2K7vBBE0aBd1uNafERZppQN8LkbmX1r","baseKeyType":1,"closed":-1,"used":1684320406698,"created":1684320406698,"remoteIdentityKey":"BYVECcnZ7KCuq3ejgTCAb/eXd/HaPKU+UI3+H+XDzW1q"},"_chains":{"BR4XX8NfmDzdX4klOlGsB5KpKF27JMiOcyECJOjArndc":{"chainKey":{"counter":0,"key":"i25nl6Wj9CzLcZAihfogdCHcXGBEnexigK9zl0dn2fE="},"chainType":1,"messageKeys":{}}},"pendingPreKey":{"signedKeyId":15,"baseKey":"BdEA+tF5E3e3I2K7vBBE0aBd1uNafERZppQN8LkbmX1r","preKeyId":2008669}}},"version":"v1"}