{"_sessions":{"BRyNvIzz8Y0L8IxQu5ykRNVamYq4SeeiX3J8aFkuAT58":{"registrationId":1891006098,"currentRatchet":{"ephemeralKeyPair":{"pubKey":"BR36sKn+UMoAJlrfWdJQn/s82hN5eML4xUcaZxx/qdQZ","privKey":"UO8nUCXlb3/DpIP+NG1XZwSbkEQ7apDrKY7j+X6nWW0="},"lastRemoteEphemeralKey":"BePmdE4/HDN1idVaA7lAitFK5REHNbKnNTP1bqfSi3Z6","previousCounter":0,"rootKey":"CoC3X/zcSecQcd8f361Zf+pCstjbcOEp0jOIGzx07XA="},"indexInfo":{"baseKey":"BRyNvIzz8Y0L8IxQu5ykRNVamYq4SeeiX3J8aFkuAT58","baseKeyType":1,"closed":-1,"used":1684320407078,"created":1684320407078,"remoteIdentityKey":"BR4XTAuMFlvljEZiPLfe9Nm/nGoJybrUjXcPBSbd9Chx"},"_chains":{"BR36sKn+UMoAJlrfWdJQn/s82hN5eML4xUcaZxx/qdQZ":{"chainKey":{"counter":0,"key":"2nd3MLZ4Ht/P7pWWf6v3WJtA+U7OO8LGbIlT2+pBWbI="},"chainType":1,"messageKeys":{}}},"pendingPreKey":{"signedKeyId":1,"baseKey":"BRyNvIzz8Y0L8IxQu5ykRNVamYq4SeeiX3J8aFkuAT58","preKeyId":14011578}}},"version":"v1"}