{"_sessions":{"BZe0ZjF1e+EfmwQw0XMeaZBiqCQ2WzNFQ+3UWx/Lvjw1":{"registrationId":1525900203,"currentRatchet":{"ephemeralKeyPair":{"pubKey":"BW+9A7PkVjNugT+yO9f4jjreBo1KjrWzfNu53N2xknpk","privKey":"WLZ+1zRizLmekeGgo6HiyvqNGqD0LMAHAQZ/1BS8M30="},"lastRemoteEphemeralKey":"Be+gvcFPavPTGOSKXHERTM3YQW3PAo4Txy5i2KeUrYQm","previousCounter":0,"rootKey":"8MzArBNGqF9iNzj6N1Qv0BEtZItSQI8gVHtIXA3TEOc="},"indexInfo":{"baseKey":"BZe0ZjF1e+EfmwQw0XMeaZBiqCQ2WzNFQ+3UWx/Lvjw1","baseKeyType":1,"closed":-1,"used":1684320406638,"created":1684320406638,"remoteIdentityKey":"BdQex6iURW1kGE/XGhUnFn/pVzbQWhiu9y8nxydXIgIX"},"_chains":{"BW+9A7PkVjNugT+yO9f4jjreBo1KjrWzfNu53N2xknpk":{"chainKey":{"counter":0,"key":"iMBZisINHQVK/iBHai/R9somm8tjnq48HGo9ZoiPDGg="},"chainType":1,"messageKeys":{}}},"pendingPreKey":{"signedKeyId":10,"baseKey":"BZe0ZjF1e+EfmwQw0XMeaZBiqCQ2WzNFQ+3UWx/Lvjw1","preKeyId":640290}}},"version":"v1"}