{"_sessions":{"BSlUG/9iF86SqRcsvQ0TmanipgrERD5zXxVLW602hC9k":{"registrationId":1329546407,"currentRatchet":{"ephemeralKeyPair":{"pubKey":"BSNSVSTCM8GCtcuvcd0bNfXzbCSJJG0Ij3nybidjbFtN","privKey":"8EkQDoRKbJpppgtQ591cwlctFkV7XOE0shnDW0eT1Gk="},"lastRemoteEphemeralKey":"BXGkyfbfxmY9ysIFDtulQbc1QAyh3oJYA6q4iDCyJ0Yj","previousCounter":0,"rootKey":"HPlbFRhvEtV/fPSGRZOcoZOdICqvOCxkjEpgY3rNWr8="},"indexInfo":{"baseKey":"BSlUG/9iF86SqRcsvQ0TmanipgrERD5zXxVLW602hC9k","baseKeyType":1,"closed":-1,"used":1684254362295,"created":1684254362295,"remoteIdentityKey":"BZZ1KTP3kU3OXGhUSnfBtiFuuBhG6GpRlfSqiIl1KcBm"},"_chains":{"BSNSVSTCM8GCtcuvcd0bNfXzbCSJJG0Ij3nybidjbFtN":{"chainKey":{"counter":6,"key":"tQqQlgkxxvs/2k6YAe1VT8nWG0NHYl9r3gzrxL7dnyg="},"chainType":1,"messageKeys":{}}},"pendingPreKey":{"signedKeyId":17,"baseKey":"BSlUG/9iF86SqRcsvQ0TmanipgrERD5zXxVLW602hC9k","preKeyId":10632532}}},"version":"v1"}