{"_sessions":{"BehmeJb2zwakxRM0/CoKAImla3U7Qp+fqBFxzp7+3Jcg":{"registrationId":1081180233,"currentRatchet":{"ephemeralKeyPair":{"pubKey":"BZrshZGsC5YvLjlnRf47KM5WOe9vONK33Mf/bkACmsQA","privKey":"EDI0y48ie9VkCZ9Q0Kh0B2DFkm7HGP8PM90pVpkjaXY="},"lastRemoteEphemeralKey":"BRbWQR4RDmdmYO57EqkilUp01x7iZM2i2w9GhNLIGcEi","previousCounter":0,"rootKey":"hkDIHiy8n32c/p9iDxgoz2QRHAMyW22qPTE/Qp+1yzA="},"indexInfo":{"baseKey":"BehmeJb2zwakxRM0/CoKAImla3U7Qp+fqBFxzp7+3Jcg","baseKeyType":1,"closed":-1,"used":1684320406555,"created":1684320406555,"remoteIdentityKey":"BXPVkoqnbRW4ApO1ZvMfWZ4BbyqxNWKovWRB4RPVcpYM"},"_chains":{"BZrshZGsC5YvLjlnRf47KM5WOe9vONK33Mf/bkACmsQA":{"chainKey":{"counter":0,"key":"BzWnbXRudNrv4uwyV4F1bxtNUTXg1z6YpuqWv/GFeqk="},"chainType":1,"messageKeys":{}}},"pendingPreKey":{"signedKeyId":18,"baseKey":"BehmeJb2zwakxRM0/CoKAImla3U7Qp+fqBFxzp7+3Jcg","preKeyId":2376781}}},"version":"v1"}