{"_sessions":{"BXQolamgc1/ouVBtZvoQFSG2IhiWBiDhrFbjxpjskMQy":{"registrationId":1624529395,"currentRatchet":{"ephemeralKeyPair":{"pubKey":"BQxa9GEssIJXE4dA9MIHxJ98lFl9Do5jvGQ/z3AZTucT","privKey":"OLkYOdT9h/yH0dVWzZOdqRxaZqeE+200AhzA7zbxsmk="},"lastRemoteEphemeralKey":"BRdAspYTEsESF3479ie9UzvTV/hsJprbfjrTpFq6BfIP","previousCounter":0,"rootKey":"MxreL0MvvrwRirzSqerv8OfFRKwNqV9VkdVpiv458Ic="},"indexInfo":{"baseKey":"BXQolamgc1/ouVBtZvoQFSG2IhiWBiDhrFbjxpjskMQy","baseKeyType":1,"closed":-1,"used":1684320407213,"created":1684320407213,"remoteIdentityKey":"BTGgC0LoLwecH1wZSdue6W82H6JdgobQDWlpFWAtoXpD"},"_chains":{"BQxa9GEssIJXE4dA9MIHxJ98lFl9Do5jvGQ/z3AZTucT":{"chainKey":{"counter":0,"key":"kE3RpBxeRxTvB+6AwBPXIkbYL8kvc6QPs2a9y9K5Zto="},"chainType":1,"messageKeys":{}}},"pendingPreKey":{"signedKeyId":3,"baseKey":"BXQolamgc1/ouVBtZvoQFSG2IhiWBiDhrFbjxpjskMQy","preKeyId":6665600}}},"version":"v1"}