{"_sessions":{"BUo4bV/O12Zw1l3386liyISrnXAXC/kgvVvb8jwICNNS":{"registrationId":1929273294,"currentRatchet":{"ephemeralKeyPair":{"pubKey":"BT903HMDIBzMj0ATSJwigXgLlO8UWn6VrOp3Ec2K0/Jn","privKey":"wMx6XhrzrO350Gl15WVE1/fJOmj3OzLvTNvH9DTRIkI="},"lastRemoteEphemeralKey":"BZzi3xLd9Ver97bA3R/vjkhVZJ+oqOTVnFWYOV8+4xIU","previousCounter":0,"rootKey":"30JqZVjF8sgTQZEDwsOq8wdkiQnR7DJEuvxjIbHBH7c="},"indexInfo":{"baseKey":"BUo4bV/O12Zw1l3386liyISrnXAXC/kgvVvb8jwICNNS","baseKeyType":1,"closed":-1,"used":1684320407183,"created":1684320407183,"remoteIdentityKey":"BWhebIdpeHulz3UXXThbA5bKzWMm1ZZGmB6w69Z9P/cT"},"_chains":{"BT903HMDIBzMj0ATSJwigXgLlO8UWn6VrOp3Ec2K0/Jn":{"chainKey":{"counter":0,"key":"Dc20rENFLZBKcGxQQixv5xD+U7/XwkBFDG4CgKL3lL0="},"chainType":1,"messageKeys":{}}},"pendingPreKey":{"signedKeyId":2,"baseKey":"BUo4bV/O12Zw1l3386liyISrnXAXC/kgvVvb8jwICNNS","preKeyId":945814}}},"version":"v1"}