{"_sessions":{"BVcnkBsiVXAaumnqJPcHxl2v7kLdv7aWw0CwoMgx48dl":{"registrationId":1702862002,"currentRatchet":{"ephemeralKeyPair":{"pubKey":"BdkpzF+vjdimDITbbrHCDb7/oqH/w79Ui7M+vHDEUfUn","privKey":"OJYtUWOOkvmhOnEt2/BCCJkakumbBQrVWiqTmpcixUc="},"lastRemoteEphemeralKey":"BY2vFM5EKxxRweUbrNIJHztCkGarswOH4XuiNQe/+f4l","previousCounter":0,"rootKey":"bCPP2x3XKQSUVLCmEbN203uHwzqwsHKNBzUIYodn5SM="},"indexInfo":{"baseKey":"BVcnkBsiVXAaumnqJPcHxl2v7kLdv7aWw0CwoMgx48dl","baseKeyType":1,"closed":-1,"used":1684254362195,"created":1684254362195,"remoteIdentityKey":"BVeZ+b9yFJYBVWbzt53AGKXjbUXuZ62h4bR4WSlUE4Ag"},"_chains":{"BdkpzF+vjdimDITbbrHCDb7/oqH/w79Ui7M+vHDEUfUn":{"chainKey":{"counter":6,"key":"qn6aoLr5VnjnoQxOpFf7XkuPo1cQt8d0xSC6awO8/D0="},"chainType":1,"messageKeys":{}}},"pendingPreKey":{"signedKeyId":3,"baseKey":"BVcnkBsiVXAaumnqJPcHxl2v7kLdv7aWw0CwoMgx48dl","preKeyId":16294880}}},"version":"v1"}