{"_sessions":{"BfTzSWlDNfESjHZWa41h5e5ayo6QRt01T/gRBBcZdn0S":{"registrationId":2012170153,"currentRatchet":{"ephemeralKeyPair":{"pubKey":"BXP1E7VR+TRM/N68LAMAEsfoCGB7UE7HJenzSSGxIhZT","privKey":"KPrmk+ZBO20XyDJIqJ7qBbdKfvDsU9cRJJkBuANX3FU="},"lastRemoteEphemeralKey":"BWV47+n/z3wOf87BGou4BC46qnrOeLmkEGOGDlrizpNy","previousCounter":0,"rootKey":"OjBwbBVU9pITSNww6mvnagqquD8OH3Pu+hRqtrrepOo="},"indexInfo":{"baseKey":"BfTzSWlDNfESjHZWa41h5e5ayo6QRt01T/gRBBcZdn0S","baseKeyType":1,"closed":-1,"used":1684320406447,"created":1684320406447,"remoteIdentityKey":"Bf9TPbXaJYXYL+4tEUfLW8Ex2I+M+i4GxjWl0PesucoG"},"_chains":{"BXP1E7VR+TRM/N68LAMAEsfoCGB7UE7HJenzSSGxIhZT":{"chainKey":{"counter":0,"key":"p/z96pGCxY7019anmINl9mf3OdSEhuJ+lkjwqQ/T6WA="},"chainType":1,"messageKeys":{}}},"pendingPreKey":{"signedKeyId":2,"baseKey":"BfTzSWlDNfESjHZWa41h5e5ayo6QRt01T/gRBBcZdn0S","preKeyId":8751269}}},"version":"v1"}