{"_sessions":{"BW2fTLKh70c6JTwx03XbKwUXyRXIH1wooT5+qrcpUE9p":{"registrationId":1946927423,"currentRatchet":{"ephemeralKeyPair":{"pubKey":"BfltvtAqvwHFzFEu27orB6K9KEz8k33OKtJ1F7e15CkF","privKey":"KDn3lORm8/PRl5qxeEdiGceAoyURfzIbxLEcaE19d2Q="},"lastRemoteEphemeralKey":"BU7mAf0iGJD/jeAuX1Q6ldsWr1MXdGOL0NpMCG6zR6c6","previousCounter":0,"rootKey":"5UCk2w2DCYbHiFYRaGwUqdm/q/PPtowFsPx0Rjn+Z+w="},"indexInfo":{"baseKey":"BW2fTLKh70c6JTwx03XbKwUXyRXIH1wooT5+qrcpUE9p","baseKeyType":1,"closed":-1,"used":1684320406649,"created":1684320406649,"remoteIdentityKey":"BW6i41QSlycfHrFpovPOgQ87LsLvvJBskgIoOUGzGkwC"},"_chains":{"BfltvtAqvwHFzFEu27orB6K9KEz8k33OKtJ1F7e15CkF":{"chainKey":{"counter":0,"key":"p8lvT6IpcjuH7ox+x7ATZxm8xL1kzNLBNGTL3YWO4Hs="},"chainType":1,"messageKeys":{}}},"pendingPreKey":{"signedKeyId":4,"baseKey":"BW2fTLKh70c6JTwx03XbKwUXyRXIH1wooT5+qrcpUE9p","preKeyId":2128049}}},"version":"v1"}