{"_sessions":{"BW//TGHq/Pf20ezi7HRMVMpCcl42S9OvDb3sT0Hn03kQ":{"registrationId":941982102,"currentRatchet":{"ephemeralKeyPair":{"pubKey":"Bbqa5H3SPd8dCRrrwcy2g21dC6tJlFOWEtmm4RiaB2Qy","privKey":"gF8+MBXLklrtFWNylwb63OFqT3usB/JA2S5ivhEmN3s="},"lastRemoteEphemeralKey":"Bc0XgSpfDIHajdaghDntGFhotwGKiB6G392D47oE5s0z","previousCounter":0,"rootKey":"pKfQNiH+8siYs/nhrZm8Plf9wgsPqIbuK4yqgNYUgyY="},"indexInfo":{"baseKey":"BW//TGHq/Pf20ezi7HRMVMpCcl42S9OvDb3sT0Hn03kQ","baseKeyType":1,"closed":-1,"used":1684320406276,"created":1684320406276,"remoteIdentityKey":"BTBqNkbMxOGLammfUZ85WOV4wZpLm7BZYEFIuWZNITko"},"_chains":{"Bbqa5H3SPd8dCRrrwcy2g21dC6tJlFOWEtmm4RiaB2Qy":{"chainKey":{"counter":0,"key":"t05Nz3WBL6cm9reJr9a7XAKjNmCYUtP1OUbJ675qrs0="},"chainType":1,"messageKeys":{}}},"pendingPreKey":{"signedKeyId":0,"baseKey":"BW//TGHq/Pf20ezi7HRMVMpCcl42S9OvDb3sT0Hn03kQ","preKeyId":2565203}}},"version":"v1"}