{"_sessions":{"BfjqL91FvI4Ro0tV9cefqu4IqdHu1kKl0aUJIdktTrAj":{"registrationId":145718404,"currentRatchet":{"ephemeralKeyPair":{"pubKey":"BQYygA6Ru5vkWxc4YSx7Iawu74gN7+0yq/DqXFAXau95","privKey":"OOK6KCE5NyTI1bEuTKn8ikPSiH3FjAu2qkMmOLrbIF0="},"lastRemoteEphemeralKey":"BRpUz/G6bjux2ZMi76eKSn88UGnFgYpA2aFHn/uj/pB+","previousCounter":0,"rootKey":"b8poDdpZlRLJl7bei4IusY1Zrx2sMxnxzkL3p1qz2jg="},"indexInfo":{"baseKey":"BfjqL91FvI4Ro0tV9cefqu4IqdHu1kKl0aUJIdktTrAj","baseKeyType":1,"closed":-1,"used":1684320466728,"created":1684320406545,"remoteIdentityKey":"BXJQ2No9O9jqhNhQXLnt5PtFgbqGGI0gV3yHN2vGOwdw"},"_chains":{"BRpUz/G6bjux2ZMi76eKSn88UGnFgYpA2aFHn/uj/pB+":{"chainKey":{"counter":0,"key":"W63z4IqHP5oICvnyNqMERI83hHweXkL696mno9fxgRE="},"chainType":2,"messageKeys":{}},"BQYygA6Ru5vkWxc4YSx7Iawu74gN7+0yq/DqXFAXau95":{"chainKey":{"counter":-1,"key":"MHjWoHHbhIwHnlUZJj4lPfqa0b/RU95DIzHbuKF06Us="},"chainType":1,"messageKeys":{}}}}},"version":"v1"}