{"_sessions":{"BRIGPwhml8UhrkXv3BEGF3laOloQifw5Jgyr6oXqUh9+":{"registrationId":2016208831,"currentRatchet":{"ephemeralKeyPair":{"pubKey":"BQ+ugZ2zqPkyEj46mwqahU3qKCqcIe5IqY0axOxGQ7RI","privKey":"kIa09QVu03Rd2S6/YB3tzQNx39M0Rnr/Xn7FFEDTxns="},"lastRemoteEphemeralKey":"BU0dYiX4K8p00/qmwFXMjZzcdVxMnQA5rj7iCQ6iVj1x","previousCounter":0,"rootKey":"To2vE++HT7o4hPen1x32YIE9RQEm1npCF96ryCNQxcs="},"indexInfo":{"baseKey":"BRIGPwhml8UhrkXv3BEGF3laOloQifw5Jgyr6oXqUh9+","baseKeyType":1,"closed":-1,"used":1684254362600,"created":1684254362600,"remoteIdentityKey":"BYeeNPokmDGu764j8nu3V20cnYGqpMHSAm1xae6gyEMQ"},"_chains":{"BQ+ugZ2zqPkyEj46mwqahU3qKCqcIe5IqY0axOxGQ7RI":{"chainKey":{"counter":6,"key":"qoYA6bZTtGKQwX6nN4jGfi/+RM7yCn4arx3gvgfPkfQ="},"chainType":1,"messageKeys":{}}},"pendingPreKey":{"signedKeyId":31,"baseKey":"BRIGPwhml8UhrkXv3BEGF3laOloQifw5Jgyr6oXqUh9+","preKeyId":1562728}}},"version":"v1"}