{"_sessions":{"BW4mHnaWPnQcNSrwujiQJPmjA5mua4fg9CWGNMLyW85V":{"registrationId":7818223,"currentRatchet":{"ephemeralKeyPair":{"pubKey":"BfPHwrrYq4kyuXmtC8FbuewxR98fZceCucCrD4mfU/8+","privKey":"sGqrjoVXcc/GTyanSRErLq28XG3rhAGjhWfFQkdgKnY="},"lastRemoteEphemeralKey":"Bbw3QPiQ7zbddCBu/DeBlKO0s4sEsCoPkDTjbxfvZNdg","previousCounter":0,"rootKey":"Z5iEvICQy/BodbZYNWY1lCFFr2EypYKofYu3ph+N9yw="},"indexInfo":{"baseKey":"BW4mHnaWPnQcNSrwujiQJPmjA5mua4fg9CWGNMLyW85V","baseKeyType":1,"closed":-1,"used":1684254362737,"created":1684254362737,"remoteIdentityKey":"BS7vEcnWdhaDRI3sUlJxUNsuzmd0CirJRuJ5ghoORvxi"},"_chains":{"BfPHwrrYq4kyuXmtC8FbuewxR98fZceCucCrD4mfU/8+":{"chainKey":{"counter":6,"key":"VKae00rR2fIBDdQbuoqNW3zm+CKLGwsI8oERWpXAJdE="},"chainType":1,"messageKeys":{}}},"pendingPreKey":{"signedKeyId":2,"baseKey":"BW4mHnaWPnQcNSrwujiQJPmjA5mua4fg9CWGNMLyW85V","preKeyId":14859552}}},"version":"v1"}