{"_sessions":{"BWhunoHKcY2laNUJr4AmFMFO5+wgYetO/IoHsVyG0XNy":{"registrationId":1964147681,"currentRatchet":{"ephemeralKeyPair":{"pubKey":"BQolgA1aLFeGygZgnKMLZuOfju0Py4hqxm70eotc490B","privKey":"OOaN4AxeEi1W/hdAQmwFldJyeOzAp4KDMixpbbeM0UA="},"lastRemoteEphemeralKey":"BUZbTngU/2NfT1N4lwKk0OC3jJAtOwaINyFCnAXlcfs3","previousCounter":0,"rootKey":"frNjpuXyCmIBuvLsd+y0tJCof6pa8OmAsfWvfaV0dx4="},"indexInfo":{"baseKey":"BWhunoHKcY2laNUJr4AmFMFO5+wgYetO/IoHsVyG0XNy","baseKeyType":1,"closed":-1,"used":1684320406417,"created":1684320406417,"remoteIdentityKey":"BSMaUxuvAu5rLuskbr0p97j1EYNem5vS4sOUPAo+SM4R"},"_chains":{"BQolgA1aLFeGygZgnKMLZuOfju0Py4hqxm70eotc490B":{"chainKey":{"counter":0,"key":"fsF7RgDsrPUX+QcsSMjZ7RAgJLZx1k7mxtEdo419Nhw="},"chainType":1,"messageKeys":{}}},"pendingPreKey":{"signedKeyId":9,"baseKey":"BWhunoHKcY2laNUJr4AmFMFO5+wgYetO/IoHsVyG0XNy","preKeyId":13864761}}},"version":"v1"}