{"_sessions":{"BaxoiTqZ0Eus+s8e53pQUewEmAL+GKhb5zksIuO+K05M":{"registrationId":1710246512,"currentRatchet":{"ephemeralKeyPair":{"pubKey":"BcFUgc8eV3dHpmQhdd3Zy+oJcq9As35RrmbM0Q0ehytV","privKey":"wFQkZno6aKCVoNWOrGIU2PWoDxyQyGKFpg0jhdMTPHw="},"lastRemoteEphemeralKey":"BSD1E4jAmGtHnHLCVBlCbQdrEILEuG1Qu9WF6kfnGcN/","previousCounter":0,"rootKey":"fBkz/qTu3k/txRAxloiT5H0UIqyUt8n4sh5RBJRijaQ="},"indexInfo":{"baseKey":"BaxoiTqZ0Eus+s8e53pQUewEmAL+GKhb5zksIuO+K05M","baseKeyType":1,"closed":-1,"used":1684320406708,"created":1684320406708,"remoteIdentityKey":"BU5ha5xIuv5DnfMNe5uj+WtUExYXC8I1o+19354kzv87"},"_chains":{"BcFUgc8eV3dHpmQhdd3Zy+oJcq9As35RrmbM0Q0ehytV":{"chainKey":{"counter":0,"key":"cqkxjIeuGvK0EBzQUNSj9RWZ9L3Z8B8DmTcWpkBn+HI="},"chainType":1,"messageKeys":{}}},"pendingPreKey":{"signedKeyId":2,"baseKey":"BaxoiTqZ0Eus+s8e53pQUewEmAL+GKhb5zksIuO+K05M","preKeyId":11363598}}},"version":"v1"}