{"_sessions":{"BZMNurVKFabWoY5HS9KPBbB7F6ozz71HyeyePm3Nzblk":{"registrationId":745132236,"currentRatchet":{"ephemeralKeyPair":{"pubKey":"BRxwO5m1h7334JfVhbF1p/QP76BkVbKmZEzSfK+Prqts","privKey":"YHMAgt5WznUHpOP4/XVc6bdaazGeMQeR47xHY5RMvmo="},"lastRemoteEphemeralKey":"BVTceX42TM6SGk3AIDR+OmZv0cWjceAy7wLlYCsjctJu","previousCounter":0,"rootKey":"xBCUU87Im68iJPH5ryZC9RDgQNml6pjySHKPc7Lsft8="},"indexInfo":{"baseKey":"BZMNurVKFabWoY5HS9KPBbB7F6ozz71HyeyePm3Nzblk","baseKeyType":1,"closed":-1,"used":1684320406346,"created":1684320406346,"remoteIdentityKey":"BaPp/+Z1XSOakfyGVsK+j4izg9wCRBVHxuNFU4ofONwr"},"_chains":{"BRxwO5m1h7334JfVhbF1p/QP76BkVbKmZEzSfK+Prqts":{"chainKey":{"counter":0,"key":"m+zmMM7EXMiU9jYZGmOVkCjQT/X6Cye9aG6HH4n3jjg="},"chainType":1,"messageKeys":{}}},"pendingPreKey":{"signedKeyId":7,"baseKey":"BZMNurVKFabWoY5HS9KPBbB7F6ozz71HyeyePm3Nzblk","preKeyId":3560755}}},"version":"v1"}