{"_sessions":{"BUe7k5otnWl7fSpIo9JBonImoqpzGGNerLee0Dxjtykc":{"registrationId":1275131593,"currentRatchet":{"ephemeralKeyPair":{"pubKey":"BRlbNIF/AZC8KGKOx3idEt/nVmM1kPmyUs+tkSZfVRVa","privKey":"AEHZbug6NS7qhicDu2taE3YNoLmJz6qL1awRXcKoEWU="},"lastRemoteEphemeralKey":"BXjxJye+QGwo/jOYWhNqsvpU63CXz6T73PHg7u1fhyV/","previousCounter":0,"rootKey":"F3/UHmZxilwVQvP+KAIyN4S8WnCiieqDV3Ta0L7ymUo="},"indexInfo":{"baseKey":"BUe7k5otnWl7fSpIo9JBonImoqpzGGNerLee0Dxjtykc","baseKeyType":1,"closed":-1,"used":1684320664405,"created":1684320406817,"remoteIdentityKey":"BRtch7JkFgbyMDAQ9+2Bw576W2crA2I5v+7I15WNA5Fp"},"_chains":{"BXjxJye+QGwo/jOYWhNqsvpU63CXz6T73PHg7u1fhyV/":{"chainKey":{"counter":0,"key":"IaUn6T1ARq0F/FMede//DTjjIfl7iNjJpM5l2OIYqUk="},"chainType":2,"messageKeys":{}},"BRlbNIF/AZC8KGKOx3idEt/nVmM1kPmyUs+tkSZfVRVa":{"chainKey":{"counter":-1,"key":"soXpBFBjBBXqE1m2u58jzJprJ1c4mFV5Bme3CTBq0n0="},"chainType":1,"messageKeys":{}}}}},"version":"v1"}