{"_sessions":{"Bf3NzBVfk5CpZMKueN+pm55qUrQfJJ7lFKj3FGqa7rR2":{"registrationId":1008632770,"currentRatchet":{"ephemeralKeyPair":{"pubKey":"BY/oIj45ChFVmIgANHbv7QErauCw+jGhVqfWxTWpQOQK","privKey":"0OENUsy9hSck/GgxwFj0hUwb+iOW3S1SXE9bT96CSHg="},"lastRemoteEphemeralKey":"BcQx+YvOzAfLF9d1c3tN5SRRW7Z5QqRfoHV5hUyeE2sc","previousCounter":0,"rootKey":"JVsR0wYEer0S61jU+HjYQiBOhzc6CabqQrbkHZ51NOs="},"indexInfo":{"baseKey":"Bf3NzBVfk5CpZMKueN+pm55qUrQfJJ7lFKj3FGqa7rR2","baseKeyType":1,"closed":-1,"used":1684320407233,"created":1684320407233,"remoteIdentityKey":"BbnraQai/dgv66J2XersjBqiNkT0M4pTZYHEqNqZTMYM"},"_chains":{"BY/oIj45ChFVmIgANHbv7QErauCw+jGhVqfWxTWpQOQK":{"chainKey":{"counter":0,"key":"Rvb+J+IFe/SUrf9Rq2pyA8v1DCu+e3+OToFV36CFoCc="},"chainType":1,"messageKeys":{}}},"pendingPreKey":{"signedKeyId":0,"baseKey":"Bf3NzBVfk5CpZMKueN+pm55qUrQfJJ7lFKj3FGqa7rR2","preKeyId":14215995}}},"version":"v1"}