{"_sessions":{"BdC1+QDJl3MGRRUC511X3yWFdUusS9QZ7Qda4+vmiEYs":{"registrationId":132101433,"currentRatchet":{"ephemeralKeyPair":{"pubKey":"BagS1y3hVtRpkkfGmkciSXRsoC3MKdAPm142F2eQtPtl","privKey":"yK5WdupKzpoCVmcri6FUJdIpR/bDsFf1afPQLZcK+Fw="},"lastRemoteEphemeralKey":"Bf6ULFnhZEB/iYfi9EFKKFXz8rxWd/UwkplwJ+7YBYMf","previousCounter":0,"rootKey":"eiI8Tz7b4nWjlmyHaMBOXpiICX0TPI+MFp3e9BwZ6sY="},"indexInfo":{"baseKey":"BdC1+QDJl3MGRRUC511X3yWFdUusS9QZ7Qda4+vmiEYs","baseKeyType":1,"closed":-1,"used":1684254362127,"created":1684254362127,"remoteIdentityKey":"BZEiIlgpTgG10axddL3vvQN+qsIRgtXhnTw2jLcbxTdr"},"_chains":{"BagS1y3hVtRpkkfGmkciSXRsoC3MKdAPm142F2eQtPtl":{"chainKey":{"counter":6,"key":"7IrryDQcFO4gXsl9FfS8YHeO6DJ46e2+sTuo3dQdorI="},"chainType":1,"messageKeys":{}}},"pendingPreKey":{"signedKeyId":6,"baseKey":"BdC1+QDJl3MGRRUC511X3yWFdUusS9QZ7Qda4+vmiEYs","preKeyId":14825643}}},"version":"v1"}