{"_sessions":{"Ba3pUqufYWYgeSoPEHoCSlZHEk988MefvrA9XICByUo+":{"registrationId":764944351,"currentRatchet":{"ephemeralKeyPair":{"pubKey":"Ba/VZ3rJppDxEmyzalk/6IA2XYy/0zbk1Pt74ftbwq97","privKey":"wJJeblPiysA7z/nC+UvrR54qtOBvgAwmP96QR/VNeGA="},"lastRemoteEphemeralKey":"BQOSXxreI44hWNXehe80QiXC74Vu8hy312JuwhfZCkwk","previousCounter":0,"rootKey":"77yHBmYXDVPJeKChxa1+boocqbdu7os6gBz/PQAOYX0="},"indexInfo":{"baseKey":"Ba3pUqufYWYgeSoPEHoCSlZHEk988MefvrA9XICByUo+","baseKeyType":1,"closed":-1,"used":1684254361896,"created":1684254361896,"remoteIdentityKey":"BdCUX3zHl5ummvwEd44oVVStZT8zA7NeRyedM0KqZX4h"},"_chains":{"Ba/VZ3rJppDxEmyzalk/6IA2XYy/0zbk1Pt74ftbwq97":{"chainKey":{"counter":6,"key":"1qYq/SrHu0xQFIJBIEY2/+Y1PlBODWSonYRf7r1B5Xs="},"chainType":1,"messageKeys":{}}},"pendingPreKey":{"signedKeyId":3,"baseKey":"Ba3pUqufYWYgeSoPEHoCSlZHEk988MefvrA9XICByUo+","preKeyId":4991171}}},"version":"v1"}