{"_sessions":{"BYzANaaocw8Q7bYwvTYQ5b/svLqTrxhin03qZg79+MQW":{"registrationId":1790674220,"currentRatchet":{"ephemeralKeyPair":{"pubKey":"BbC9i7rqLVLXsypR3qvvicEGBw7xOVgPnFOkfjtqEdd3","privKey":"MJX0KZTd217rQEbfALM5PD64J7iQxao6dTwBsXOX8XM="},"lastRemoteEphemeralKey":"Bao/nl0hbKDysvCtNihNX0fSfOtvulVzMIbG9vNW1yYN","previousCounter":0,"rootKey":"Zkf2wBA2ICfW8CXQyQTSSs68tuddQCn8hpXWbtywxVk="},"indexInfo":{"baseKey":"BYzANaaocw8Q7bYwvTYQ5b/svLqTrxhin03qZg79+MQW","baseKeyType":1,"closed":-1,"used":1684320406953,"created":1684320406953,"remoteIdentityKey":"BYX/yMVFCbyQV6H5xLJjfIO76w9RZCJco3VW2f0MItwT"},"_chains":{"BbC9i7rqLVLXsypR3qvvicEGBw7xOVgPnFOkfjtqEdd3":{"chainKey":{"counter":0,"key":"z3NVlxCkAnJtM0dEAHzEgHjy+thaIdk4ryPl6LMcoKo="},"chainType":1,"messageKeys":{}}},"pendingPreKey":{"signedKeyId":6,"baseKey":"BYzANaaocw8Q7bYwvTYQ5b/svLqTrxhin03qZg79+MQW","preKeyId":12615765}}},"version":"v1"}