{"_sessions":{"BX/zwM7emecyr98GmqtU9YpdCMODBaZuM7m/boSLUMNY":{"registrationId":1616350528,"currentRatchet":{"ephemeralKeyPair":{"pubKey":"BQUVpg7mmBnonXrSEk9uq4foEb3ASaKMwjqUv7Jzi9JL","privKey":"mJqC1ZSNythGPd9E4Ucmz0Voun3OvCApDbohcJtTV1M="},"lastRemoteEphemeralKey":"Beh8XkzxSuUZ5kOwbXuYc973XDHfyQ0UZ6IT8sVR0cxk","previousCounter":0,"rootKey":"Athnye3bf2SbFqQIk+pdy7Tr0+qKz6Vsd7pC79K6eWU="},"indexInfo":{"baseKey":"BX/zwM7emecyr98GmqtU9YpdCMODBaZuM7m/boSLUMNY","baseKeyType":1,"closed":-1,"used":1684320407289,"created":1684320407289,"remoteIdentityKey":"BVQS+L3cjVnYCAqDzE3f2xAM4Upx5AbPgmfJNgGlDGA+"},"_chains":{"BQUVpg7mmBnonXrSEk9uq4foEb3ASaKMwjqUv7Jzi9JL":{"chainKey":{"counter":0,"key":"jWd48q37IO6/LBRXlDqcnRx7lXCBn/Y20NLngCfI1qw="},"chainType":1,"messageKeys":{}}},"pendingPreKey":{"signedKeyId":10,"baseKey":"BX/zwM7emecyr98GmqtU9YpdCMODBaZuM7m/boSLUMNY","preKeyId":14387912}}},"version":"v1"}