{"_sessions":{"Bb1nIGJxbBoSD6B8svkHuN5eEpH2ITDkjVoygCp6KqI4":{"registrationId":1073127244,"currentRatchet":{"ephemeralKeyPair":{"pubKey":"BaVi3Xu8iaDickOf26PbojBuFP95qeNOi9O2oGZ008gK","privKey":"+MIjWUvXQ+gBBiWwtjSlEEqkfRn5BWzwPVgWnZzvEXE="},"lastRemoteEphemeralKey":"BUHbROvVOOuZoCBskus0fdPgen2BM9I+PnNRvXPCg9gT","previousCounter":0,"rootKey":"PgrtfNWeEYtjwUEsivD8WFjmhz8MM5K2sPYHRv/71tQ="},"indexInfo":{"baseKey":"Bb1nIGJxbBoSD6B8svkHuN5eEpH2ITDkjVoygCp6KqI4","baseKeyType":1,"closed":-1,"used":1684254361927,"created":1684254361927,"remoteIdentityKey":"BegmGbIEW2ErJ+8nOjDJjA4ESaFYFL7/SmNc78Wl4cZ5"},"_chains":{"BaVi3Xu8iaDickOf26PbojBuFP95qeNOi9O2oGZ008gK":{"chainKey":{"counter":6,"key":"yJbqnBPpAXGQObniBLvP14A1UAdKiBWwYOii+HRSeFs="},"chainType":1,"messageKeys":{}}},"pendingPreKey":{"signedKeyId":3,"baseKey":"Bb1nIGJxbBoSD6B8svkHuN5eEpH2ITDkjVoygCp6KqI4","preKeyId":13109155}}},"version":"v1"}