{"_sessions":{"BUYPbucY9u0n9lu3ua+LyQdwcEHIx5OlMe6Vg4gI9Uhf":{"registrationId":1556212690,"currentRatchet":{"ephemeralKeyPair":{"pubKey":"BSgFJTfka+qUvhXlFXuSO5HBYUaImKToKF92lObvNRAS","privKey":"EAwQQApeBdNqI1rBX/xlcOaLUk8mx2t4IUszB1FQ9Hk="},"lastRemoteEphemeralKey":"BbWXNOIhAyMSNdph8UQFvwLmfR5PJ5oz1l7VbjEVT5kc","previousCounter":0,"rootKey":"iRtjeu5lJT6Mfe2fUwR2lUOmD4tO00XvGWCSYOaSnGc="},"indexInfo":{"baseKey":"BUYPbucY9u0n9lu3ua+LyQdwcEHIx5OlMe6Vg4gI9Uhf","baseKeyType":1,"closed":-1,"used":1684320406827,"created":1684320406827,"remoteIdentityKey":"BbqcJNJRj3KwRvdv/LfiEQZ3QTqJLbsjXAZh01DZQAwY"},"_chains":{"BSgFJTfka+qUvhXlFXuSO5HBYUaImKToKF92lObvNRAS":{"chainKey":{"counter":0,"key":"luxm7cXEX6Qv8L54lw8HGHeacrakzet5RK6s54T3Mwo="},"chainType":1,"messageKeys":{}}},"pendingPreKey":{"signedKeyId":2,"baseKey":"BUYPbucY9u0n9lu3ua+LyQdwcEHIx5OlMe6Vg4gI9Uhf","preKeyId":16045375}}},"version":"v1"}