{"_sessions":{"BeKaIIc7tEiNY+qXBZWzNNpelDNRq7JhMHZxHy1eN3VI":{"registrationId":1091502656,"currentRatchet":{"ephemeralKeyPair":{"pubKey":"BcO/judGudM+2//2U09hO4hnP/87gKXn6qHHqklKNycP","privKey":"2GPIOVuw1x5j6HJP0MXST9fAtqJsnbl9ISDhq47cn1Q="},"lastRemoteEphemeralKey":"BaZeHjthvjLBR2CEKDgX+L74M7TH9apI4smbDwsS9nF3","previousCounter":1,"rootKey":"AdbmoDjIw1bgvZvj2HdDCCPuTRw0dPi+V0xwdn+GLjY="},"indexInfo":{"baseKey":"BeKaIIc7tEiNY+qXBZWzNNpelDNRq7JhMHZxHy1eN3VI","baseKeyType":2,"closed":-1,"used":1684321557558,"created":1684254231835,"remoteIdentityKey":"BUhnmQBORNWhIXEod47X4VXvpssePEs1xsq9QOGICjtT"},"_chains":{"BRLAtRpFstNGPKSszdg+ze1dex8+fx//s0o6ZamwkK4f":{"chainKey":{"counter":0},"chainType":2,"messageKeys":{}},"BfvytcnIPruQ9oAXqJRSw1bW5gArchrHWy3k1IIaMpYX":{"chainKey":{"counter":0},"chainType":2,"messageKeys":{}},"BUwMxhsrPFpdI4mY85eZGefpVeOJaHMUhesCok1gI2Nk":{"chainKey":{"counter":1},"chainType":2,"messageKeys":{}},"BWsp7hiP/7e60kwDK2v5pDakzaUmTgP3JnQJHkz+FOFB":{"chainKey":{"counter":0},"chainType":2,"messageKeys":{}},"Bdq0I5glebwnmvWE7zJczdQiaHal23rxUgZkGMEwA1E+":{"chainKey":{"counter":0},"chainType":2,"messageKeys":{}},"BehoR8q3DWzVwaAR8C/MsdKlZjFLpVlC3z59PzXiKEdd":{"chainKey":{"counter":0},"chainType":2,"messageKeys":{}},"BVwE/K861v6+mVo952cDw57xpdedXUtZ4eo+rsJLgJUy":{"chainKey":{"counter":0},"chainType":2,"messageKeys":{}},"BWUh6GvApofA+Qqq9rbhVGs/cqeGxAQ7Tio0FBNXsfZR":{"chainKey":{"counter":0},"chainType":2,"messageKeys":{}},"BYcA7B0wMpZ+qwopERIOXaPN2GoraATwrGVx+QNe3a4w":{"chainKey":{"counter":2},"chainType":2,"messageKeys":{}},"BdNk7pc5u6SEmT3WsL9xwqoHMGq6NxHWp+4Gv/bQr04R":{"chainKey":{"counter":2},"chainType":2,"messageKeys":{"1":"3tOjRSfPcaMLeLnHvwulC/PQ8gVNZu59Vt+oFlAVOrg="}},"Bc0V5DfUBiCZ3Ju1fkEWU0VN7p0KhRYiX/buDmt2/oBr":{"chainKey":{"counter":0},"chainType":2,"messageKeys":{}},"BVUNUpjiOMXMQFUjuZ0otEQ4AYqbgqoABNW50loeb2pg":{"chainKey":{"counter":1},"chainType":2,"messageKeys":{}},"BR0NOTf+aWsQNNu6652IAwPH4X3zO3+zUst4SD9a2QVW":{"chainKey":{"counter":3},"chainType":2,"messageKeys":{"1":"j9bRghjpNDxJZhyBTvS6WGMhTh0BAOMLj3cvxAQEohg=","2":"kwT2tAayVeCBekbjaVWszV70GWXq4mqsiBc28BXWkxI=","3":"8Q9K/b8IkAkAJ7lAQae8QeqwYMVq/ATgZj5mR1TXn6Y="}},"BTDuAYQSaBSlFzXB7u+SXDvRcqOvOrajir/xa5myYeIU":{"chainKey":{"counter":11},"chainType":2,"messageKeys":{"0":"TXD5tpzwnaN8TvpNWM0d3in2EFxNa7XQvCQwi8l09H8=","1":"Wbl4RHo+dfRgyPzUL3jMMCzIRFgWQsczB/GAfpovpfE=","2":"e2GusaJ0bYVmsO/yAA1mZaPWzfHOrb2dtg6FLyRPAos=","3":"Ji4GYDm96VZZmbFnnBJWQrm7eu170zW0j93X0DXAlJk=","4":"5i10yOBZLhg532fgGrhocKO960YDGv+W0dy7cX9i4pQ=","5":"Dxa2J9wqehbKghuQsr6NbW0wcSK9tJR9HGqd/OdvQdU=","6":"GRnMiDkIBNL3DeLX78t4qLSDDGVKLA8Wwm8e0Zhv9po=","7":"CHiKXvFzMAsalIIMmb7As+FybDIpz2Dg0+RlDsj532k=","8":"rorROSogpfzj8jXRkwTB1N06I7rLo5JrMtbGLgNIWVI=","9":"iIZigjr5gu39Fb0ZiMzLjXrM1kecRbMyH91p1g1Q/h4="}},"BeEy5oiL8MPLtII3cqpllkKIidoABQsTaZNM1UaInnQ0":{"chainKey":{"counter":0},"chainType":2,"messageKeys":{}},"BRs6fMSb4J2RRJTlD/jq2iCFPnPKOIxCO+Sj1G//zOx2":{"chainKey":{"counter":0},"chainType":2,"messageKeys":{}},"BayADgvEMZxT33s9YEOCbhqysxmjg4uNrnbKfQM1xdoL":{"chainKey":{"counter":0},"chainType":2,"messageKeys":{}},"Bdxa51e4mfgKWElM7CCEa7ruYya6W7n2l9IrI0sLPwlg":{"chainKey":{"counter":0},"chainType":2,"messageKeys":{}},"Bd07hGwg/v66ChUxMS0W2Nfgju7TO976iAhwsOwt0epA":{"chainKey":{"counter":0},"chainType":2,"messageKeys":{}},"BaZeHjthvjLBR2CEKDgX+L74M7TH9apI4smbDwsS9nF3":{"chainKey":{"counter":5,"key":"zTXdOxdhdTHo6H3l+ROqifOghjzdEU/mwdHRd7EAYBw="},"chainType":2,"messageKeys":{}},"BcO/judGudM+2//2U09hO4hnP/87gKXn6qHHqklKNycP":{"chainKey":{"counter":-1,"key":"io9dZhCXTtXmhb7CTxueah4M0MgUaFpc7pK62tWvNPs="},"chainType":1,"messageKeys":{}}}}},"version":"v1"}