{"_sessions":{"BdeT7MdXMzkaNhY5PYwVhnseRIjH/2PA2UmN9QJ8KCMH":{"registrationId":1360621435,"currentRatchet":{"ephemeralKeyPair":{"pubKey":"BVMPId4GE5RmyTLMO5yge5aS+guFOgXOK694XHuxuF5S","privKey":"oJtBmlPRZKoZyViUN16B9tsTZhu6+wr5+FwIBtEQ2GA="},"lastRemoteEphemeralKey":"BYPGsEeaAYOThduIbT+5ofMSMZsEgK3of7cRXaUUiIom","previousCounter":0,"rootKey":"dQ4ZH2AwtY5GqyM0+eV/lTBu/BJxrYgAhkk03/phl2o="},"indexInfo":{"baseKey":"BdeT7MdXMzkaNhY5PYwVhnseRIjH/2PA2UmN9QJ8KCMH","baseKeyType":1,"closed":-1,"used":1684321040950,"created":1684254362216,"remoteIdentityKey":"BcUuOpQDMzYkLcwNCtInB1XNloxJBARo2lDzN41tpRQu"},"_chains":{"Bbv7c9ZNE/mWGxrlB1Esx9JJR+dczA0ZeHhEP6XihLkk":{"chainKey":{"counter":0},"chainType":2,"messageKeys":{}},"BYPGsEeaAYOThduIbT+5ofMSMZsEgK3of7cRXaUUiIom":{"chainKey":{"counter":0,"key":"5r2pS8bx91piZVT4qzXAc1XyzYA0Z4ZwEO7x3GV1N7k="},"chainType":2,"messageKeys":{}},"BVMPId4GE5RmyTLMO5yge5aS+guFOgXOK694XHuxuF5S":{"chainKey":{"counter":-1,"key":"UwZVBOOwLIUVEfSKRKL96J4VpmKIWAyu0ZHH12hOdUM="},"chainType":1,"messageKeys":{}}}}},"version":"v1"}