{"_sessions":{"BYkEhqbO48lIbTLqz+9+1IHcGP60iECs1ZP6T2AYrhtR":{"registrationId":1993490328,"currentRatchet":{"ephemeralKeyPair":{"pubKey":"BYx9hyToX+qzZ/qBZqVA4D1FHmqc+NEO1PKFsWf64Fc/","privKey":"ICjiuKK56sTn5ePUoPy24TEWvUEP8d8uPD8Dwloi3mg="},"lastRemoteEphemeralKey":"BeKB2jD9BOOSs9YKKRvH2SDzJHmjyXIcLMiJGI8I+DNO","previousCounter":0,"rootKey":"5bxks2paAqW9B2yeRw9kdkdIjVM5Y9MihCk5UjXjIlo="},"indexInfo":{"baseKey":"BYkEhqbO48lIbTLqz+9+1IHcGP60iECs1ZP6T2AYrhtR","baseKeyType":1,"closed":-1,"used":1684321301679,"created":1684320406366,"remoteIdentityKey":"BaqEros9FLljMRT0Q02qakYnHWYhhGMEWMYWBKVW8okV"},"_chains":{"BeKB2jD9BOOSs9YKKRvH2SDzJHmjyXIcLMiJGI8I+DNO":{"chainKey":{"counter":0,"key":"VUkVhRUbi/lV8JTA/cnfGNElo34UfXxpdP/xmcWPyEw="},"chainType":2,"messageKeys":{}},"BYx9hyToX+qzZ/qBZqVA4D1FHmqc+NEO1PKFsWf64Fc/":{"chainKey":{"counter":-1,"key":"US5KFYMmq0h4KgbY6Fcnk5kyfhMfGawuMGVlfjKba7I="},"chainType":1,"messageKeys":{}}}}},"version":"v1"}