{"_sessions":{"BUHr984iK2Fszv996ls2JoOzYPwkoRW7bYu96lIVMYYM":{"registrationId":253457268,"currentRatchet":{"ephemeralKeyPair":{"pubKey":"Bd365f+fv/YOrzNqNbDN7i48j/KWmYpe+RBDhgvwy8gt","privKey":"EFZQLbnLABJt4un18sNOwxViWnKllHX7K+obUHHuhm4="},"lastRemoteEphemeralKey":"BSQAQ8x6rE2PaxB+xxoBU/bid2zliqdygR043bOMTW5f","previousCounter":0,"rootKey":"xXyiOgZGeGcRBT+b7xLKUhdNHimsqPhOtiwghGgUjSk="},"indexInfo":{"baseKey":"BUHr984iK2Fszv996ls2JoOzYPwkoRW7bYu96lIVMYYM","baseKeyType":1,"closed":-1,"used":1684254362010,"created":1684254362010,"remoteIdentityKey":"BZQ/ZsJMvLgDZiM6Qf/c4O/jZboOMkiH1O7rCifikNN0"},"_chains":{"Bd365f+fv/YOrzNqNbDN7i48j/KWmYpe+RBDhgvwy8gt":{"chainKey":{"counter":6,"key":"dOL2AGgcNy9X7o81p98wdeqVqLBZO50D3MvsIy8Mtxs="},"chainType":1,"messageKeys":{}}},"pendingPreKey":{"signedKeyId":1,"baseKey":"BUHr984iK2Fszv996ls2JoOzYPwkoRW7bYu96lIVMYYM","preKeyId":8214241}}},"version":"v1"}