{"_sessions":{"Bfe08tZidMVx86h6Nu7OzKpPew/BwGrWo0PX2uk/Fw5G":{"registrationId":2131406904,"currentRatchet":{"ephemeralKeyPair":{"pubKey":"BSWcvGf+kl/U1+QSHed6HqBnaLJ/+DEk8se7miEhxyJr","privKey":"MLo+xv5doFp0AABaLDTDUOgCb+Gs6R5zNqUeyrmWTFc="},"lastRemoteEphemeralKey":"BcBR966JiGWi6Hz9F+USVhHEunNZ7lL0ScDbsK4V2wxH","previousCounter":0,"rootKey":"J9Irv7hVKVDOVxFCeNz9YeiJMK1ZWMY7wAhDU0gkvLM="},"indexInfo":{"baseKey":"Bfe08tZidMVx86h6Nu7OzKpPew/BwGrWo0PX2uk/Fw5G","baseKeyType":1,"closed":-1,"used":1684320406608,"created":1684320406608,"remoteIdentityKey":"Bc/CsC5/9GC+4J0/kjEskAun55PW+KOeCr+IepZfjloy"},"_chains":{"BSWcvGf+kl/U1+QSHed6HqBnaLJ/+DEk8se7miEhxyJr":{"chainKey":{"counter":0,"key":"Qb9SRW4zqmlVCDBaynbmduydxdCbmzZCFle6FwoVLH0="},"chainType":1,"messageKeys":{}}},"pendingPreKey":{"signedKeyId":0,"baseKey":"Bfe08tZidMVx86h6Nu7OzKpPew/BwGrWo0PX2uk/Fw5G","preKeyId":4168109}}},"version":"v1"}