{"_sessions":{"BYXC2F8NnKVIb/MyHSqukN8QFg7F9enpbIsIT+DSe6Rz":{"registrationId":636043470,"currentRatchet":{"ephemeralKeyPair":{"pubKey":"BUu/lyzbdUOXnl/wKE9GL/zF+5IP3Ru6li5zDmbmwQp5","privKey":"GIpUSK4zskNtoMvdWRPNMmrXecCv5Kx/ZHpr3/K2emI="},"lastRemoteEphemeralKey":"BcmbDg0/RI7DOAtg7SCqaHQMmjXFkvCAOs4/gHO0HeAZ","previousCounter":0,"rootKey":"YJFKfLfymFSF91+SXCfX5sUaz6ON/Vn7y9PFBrYc1so="},"indexInfo":{"baseKey":"BYXC2F8NnKVIb/MyHSqukN8QFg7F9enpbIsIT+DSe6Rz","baseKeyType":1,"closed":-1,"used":1684320406267,"created":1684320406267,"remoteIdentityKey":"BakBdK3YvqORB48Bjbc3fewjGJHiXOk6P15Ubs4cc60c"},"_chains":{"BUu/lyzbdUOXnl/wKE9GL/zF+5IP3Ru6li5zDmbmwQp5":{"chainKey":{"counter":0,"key":"CT0aSNfY5dKHaZGkRuolGm3d6zlXx7X7NgJKD6zxhc8="},"chainType":1,"messageKeys":{}}},"pendingPreKey":{"signedKeyId":1,"baseKey":"BYXC2F8NnKVIb/MyHSqukN8QFg7F9enpbIsIT+DSe6Rz","preKeyId":14819336}}},"version":"v1"}