{"_sessions":{"BUe3NRssoThLThaRikiZk+MpK96n0lFU7ujghy2oIGAr":{"registrationId":816147681,"currentRatchet":{"ephemeralKeyPair":{"pubKey":"BblDxSgMD2p8JfPqEGGlg5e9fj9iewuV+v+oIWyGf7pH","privKey":"yBjCSWpBelQp7aW+2/BVVBX2hQPZu/jdIGMLvfDRGXI="},"lastRemoteEphemeralKey":"BXYV7xYM2no2JfnJkCJh69bQF+poq3MC/j8KloNZ6l8R","previousCounter":0,"rootKey":"SS01rTJZyiQichwHr7EyfDMIrWpiFLpHIXokpnmlBuQ="},"indexInfo":{"baseKey":"BUe3NRssoThLThaRikiZk+MpK96n0lFU7ujghy2oIGAr","baseKeyType":1,"closed":-1,"used":1684321183325,"created":1684320407299,"remoteIdentityKey":"BZBdrOPVS9pD8892xE8PLj+nZagpFf3AnsTeQvKbSMhJ"},"_chains":{"BXYV7xYM2no2JfnJkCJh69bQF+poq3MC/j8KloNZ6l8R":{"chainKey":{"counter":0,"key":"tOolIVvbZY4szAAF2FykrfGg56U4g4a7+D495SUcy1o="},"chainType":2,"messageKeys":{}},"BblDxSgMD2p8JfPqEGGlg5e9fj9iewuV+v+oIWyGf7pH":{"chainKey":{"counter":-1,"key":"hc1G4q8ajjEjB28adFsJRrl4CILVf9EqzvSwCBpMoio="},"chainType":1,"messageKeys":{}}}}},"version":"v1"}