{"_sessions":{"BUBVg1P/GrVpk2IRbNAINLr+MmDJW7ZJ4/UDVHbBnthi":{"registrationId":672559065,"currentRatchet":{"ephemeralKeyPair":{"pubKey":"BTe5oNyoQJHiGEmLL3Q/Sl95iIhY545NmKSRE2U4LXB6","privKey":"cP7uug9b02AmUNshiVWlE7keKPIaAibKyLFyN7JNAE4="},"lastRemoteEphemeralKey":"BeMaR1h3vrPwff9SfnNHJ9M1AEto4ZR4jUvh+Xzh5+t/","previousCounter":0,"rootKey":"pBHAFcWRkeOJtkZHODgjBuzanWjp/dMCbp1YD5gFB5o="},"indexInfo":{"baseKey":"BUBVg1P/GrVpk2IRbNAINLr+MmDJW7ZJ4/UDVHbBnthi","baseKeyType":1,"closed":-1,"used":1684320407011,"created":1684320407011,"remoteIdentityKey":"BbFucn4kgnqHg5/hhAO8CSM5z9pnaEv2+4441Vn+lAog"},"_chains":{"BTe5oNyoQJHiGEmLL3Q/Sl95iIhY545NmKSRE2U4LXB6":{"chainKey":{"counter":0,"key":"Z8GTkPgyHacIw+8drwy/3yCwT6XPdnXUlpJ3OoebUKk="},"chainType":1,"messageKeys":{}}},"pendingPreKey":{"signedKeyId":1,"baseKey":"BUBVg1P/GrVpk2IRbNAINLr+MmDJW7ZJ4/UDVHbBnthi","preKeyId":845497}}},"version":"v1"}