{"_sessions":{"BXP0xNz953Oo4dzVjOgfyzIhIEhcguWG3+Ar3856gGss":{"registrationId":1567161284,"currentRatchet":{"ephemeralKeyPair":{"pubKey":"BVEwC86VeZ5r0q/GDBz8YIFVfVmfHkXHhem1KsorJW5D","privKey":"wCHgGbjMlpxvZw0zUs/ylBfoZmXYoiYPiV6OY6XDLWA="},"lastRemoteEphemeralKey":"BeNyLngK+3A3bZLwO0llTtf5hsQHCkK5SWTsB+neCSYY","previousCounter":0,"rootKey":"PGgZdgEhjReekjc59pNIn7jrMnV9NwM+wn1W4ckSEn4="},"indexInfo":{"baseKey":"BXP0xNz953Oo4dzVjOgfyzIhIEhcguWG3+Ar3856gGss","baseKeyType":1,"closed":-1,"used":1684320406455,"created":1684320406455,"remoteIdentityKey":"BSrFzfQbGUOrO79VITF+o61K/st243XXtzJKS7X1ohl6"},"_chains":{"BVEwC86VeZ5r0q/GDBz8YIFVfVmfHkXHhem1KsorJW5D":{"chainKey":{"counter":0,"key":"bzWDMqg96FxHQQ2BhNx2VIwt+29XKKESLt3Avjmg+D8="},"chainType":1,"messageKeys":{}}},"pendingPreKey":{"signedKeyId":8,"baseKey":"BXP0xNz953Oo4dzVjOgfyzIhIEhcguWG3+Ar3856gGss"}}},"version":"v1"}