{"_sessions":{"BYbW6W8fDEwEC9NgpUJUT0HT5x8/ofER8plI3UBHz18T":{"registrationId":497699471,"currentRatchet":{"ephemeralKeyPair":{"pubKey":"BZpCGk/jnTmaaVmLA0DtItHoiStaIeiXase+UuP+Hs0j","privKey":"uGGAqJuKT2KJMp+ycEkgEbfSQMvFGFqaKsgacNO1214="},"lastRemoteEphemeralKey":"BfbQk2JvFHd2Dl+vrJQzhb022ZwNb2KD4EqJq8pUGZRO","previousCounter":0,"rootKey":"SSXlL80piBf/FqDZ5GBg9vUxKakO1r1cxggZrWzqkkU="},"indexInfo":{"baseKey":"BYbW6W8fDEwEC9NgpUJUT0HT5x8/ofER8plI3UBHz18T","baseKeyType":1,"closed":-1,"used":1684254362366,"created":1684254362366,"remoteIdentityKey":"Bc0pdSmTHI/lI8n9x2/dEn/Zgj/6qTLMzLpyYADUmxkZ"},"_chains":{"BZpCGk/jnTmaaVmLA0DtItHoiStaIeiXase+UuP+Hs0j":{"chainKey":{"counter":6,"key":"YHpnufFOVuS8m8y21gEDzUgiSusrHqa4hS2iIvWuvuE="},"chainType":1,"messageKeys":{}}},"pendingPreKey":{"signedKeyId":5,"baseKey":"BYbW6W8fDEwEC9NgpUJUT0HT5x8/ofER8plI3UBHz18T","preKeyId":11675708}}},"version":"v1"}