{"_sessions":{"BQG2dtRXdKaahc7pagG+wvljGGyKeVFLHAVgseFsbL9s":{"registrationId":1519138935,"currentRatchet":{"ephemeralKeyPair":{"pubKey":"BbxAfd1iX72sOMbMvJ/0aOQst3i1pmAenhnie+iYNQ99","privKey":"gGIlQkmMTU1KejJuWbLzTCm+0wz+Jy8pjqPyL/ZjDlI="},"lastRemoteEphemeralKey":"BXlqev4Px96iDzUwMuvHWq28xGZppruOCw+TwgYEHrYC","previousCounter":0,"rootKey":"RJvG8Sm1oFMN7WJBl6rbn59nM8MWGrukYmblzrYIkjY="},"indexInfo":{"baseKey":"BQG2dtRXdKaahc7pagG+wvljGGyKeVFLHAVgseFsbL9s","baseKeyType":1,"closed":-1,"used":1684321300680,"created":1684320406719,"remoteIdentityKey":"BRexKMrfR+U85iPrRd8z1CySKtdJarFzcFtts6LXaUBc"},"_chains":{"BXlqev4Px96iDzUwMuvHWq28xGZppruOCw+TwgYEHrYC":{"chainKey":{"counter":0,"key":"SnzIcnXwk08ES90TSnbnRzxLK+4KS/+U8ba+flnRYqA="},"chainType":2,"messageKeys":{}},"BbxAfd1iX72sOMbMvJ/0aOQst3i1pmAenhnie+iYNQ99":{"chainKey":{"counter":-1,"key":"lOyT3xOwgLN5iTTKef5KeWZqu9gxco3CzO6FAEPNHMo="},"chainType":1,"messageKeys":{}}}}},"version":"v1"}