{"_sessions":{"BTkTpB0yuW41B2mrDWq/BSElgrioHnhWUenoMXS+ch58":{"registrationId":1190377545,"currentRatchet":{"ephemeralKeyPair":{"pubKey":"BSVmV88jMuQIXW0Bjs+Yz3i4n+7ouEdPqk2CiKmuTmYC","privKey":"wHvTQ6VvUwqeezRCRKG74biEqx5PmHSVnBqa1Bw52Ek="},"lastRemoteEphemeralKey":"BXlrfgaqPWE1rte3cpDVBWwKewDtOP3rB3rJF3i7Soln","previousCounter":0,"rootKey":"AGGCY5nJBv8WVmkzfNNUnEnBA10SFRK90AnloHc6+nk="},"indexInfo":{"baseKey":"BTkTpB0yuW41B2mrDWq/BSElgrioHnhWUenoMXS+ch58","baseKeyType":2,"closed":-1,"used":1684321557612,"created":1684320385098,"remoteIdentityKey":"BdrJMmKytlhFjJ9R/ArYtCgXq+Js7dsuMhJfUlNv62Y/"},"_chains":{"BVgzYwhnftzOE2y8MqkFm1iqx0JBYdJlw8Rqsmc/uAJU":{"chainKey":{"counter":0},"chainType":2,"messageKeys":{}},"BXlrfgaqPWE1rte3cpDVBWwKewDtOP3rB3rJF3i7Soln":{"chainKey":{"counter":1,"key":"kbk8CfTgn3+ifQbyetTIN6dhDFkVhtjnc1rr5fyD+M0="},"chainType":2,"messageKeys":{}},"BSVmV88jMuQIXW0Bjs+Yz3i4n+7ouEdPqk2CiKmuTmYC":{"chainKey":{"counter":-1,"key":"tIXtlVsn1fdq+cI88pGVhPUwLHHU8r+gaM0IdSBPxcg="},"chainType":1,"messageKeys":{}}}}},"version":"v1"}