{"_sessions":{"BeMTOV/7IlQ74pXJlTAHlPNUixos8fFlPOntgbizCwgn":{"registrationId":642085129,"currentRatchet":{"ephemeralKeyPair":{"pubKey":"BcCMlatJV9i189hTGUEPHK3GqV7z7en5uMKzxHgq+gUp","privKey":"eHWlIUtpn6XozuRaHA6sM8/UZsnmp18xzpSafkYlUFc="},"lastRemoteEphemeralKey":"BR4VVneMXN7mJgGxbJtfzHHtWGfhy+6E2m1aS8EuLqB1","previousCounter":5,"rootKey":"Awzj6soMvDbUu8309lkm7p4wMgwqKIkSiYcLAgoS8eY="},"indexInfo":{"baseKey":"BeMTOV/7IlQ74pXJlTAHlPNUixos8fFlPOntgbizCwgn","baseKeyType":1,"closed":-1,"used":1684312492645,"created":1684254362100,"remoteIdentityKey":"Bc7Jp426OlVI6cFxztKxcleCbDvpNmVH/sh/fxJcCxM9"},"_chains":{"BR4VVneMXN7mJgGxbJtfzHHtWGfhy+6E2m1aS8EuLqB1":{"chainKey":{"counter":0,"key":"KyuUeeyOJK0AMgoSI0hVtas18j0Ol3WupxatGCjSEok="},"chainType":2,"messageKeys":{}},"BcCMlatJV9i189hTGUEPHK3GqV7z7en5uMKzxHgq+gUp":{"chainKey":{"counter":0,"key":"50PguEly6WIV7KfTWmaQeK7YPFBxzRx3O1H/5zWn6/M="},"chainType":1,"messageKeys":{}}}}},"version":"v1"}