{"_sessions":{"Ba8IxQwuHIxjAEFG9ygwvplR7dxB5nSWNZoE+ortVOQO":{"registrationId":1764,"currentRatchet":{"ephemeralKeyPair":{"pubKey":"BXHALSHsFYVx97DGXyhH/dgfybFN+lCDOoiB8+zWLlsx","privKey":"OOpZUouzn+A37Wa3C1tgLBnJ0MiBfW38fMF8877MFno="},"lastRemoteEphemeralKey":"BT0KliiI+GRwaX/BV/6RLmpIyNSjqQdLjljnfn92iV9y","previousCounter":0,"rootKey":"abQoYuXY5hDQg6RLggI3Kg0uGKySQkBxk0PjNzYPZlc="},"indexInfo":{"baseKey":"Ba8IxQwuHIxjAEFG9ygwvplR7dxB5nSWNZoE+ortVOQO","baseKeyType":1,"closed":-1,"used":1684254361810,"created":1684254361810,"remoteIdentityKey":"BZkDARvXMO+qtzj3+WWPTl/afG0chmSjkG8dBFvixpJH"},"_chains":{"BXHALSHsFYVx97DGXyhH/dgfybFN+lCDOoiB8+zWLlsx":{"chainKey":{"counter":6,"key":"LcPNXyhkjYdwZyFybpumjk0xEAHilBL/8wJvKlL0SLU="},"chainType":1,"messageKeys":{}}},"pendingPreKey":{"signedKeyId":1,"baseKey":"Ba8IxQwuHIxjAEFG9ygwvplR7dxB5nSWNZoE+ortVOQO"}}},"version":"v1"}