{"_sessions":{"BYFtlhVIG34mcKH7h3Kn335lxVKhY84BTSfMMaRk/sQg":{"registrationId":648955012,"currentRatchet":{"ephemeralKeyPair":{"pubKey":"BfMsTopHQGk413rFn2/ft3SvyesJzq80OeGOulqDUF9s","privKey":"SHb+aoZSmjYS05uj3P/8Y3kWG5Jf+FoTL5UU8auFtHw="},"lastRemoteEphemeralKey":"BTZnkxhE0h9g+zEiPq49bZ0udHQ5+IQcd714G/URxlFO","previousCounter":0,"rootKey":"Z8XjzZaLvD2VxbJdd7JWT939pknHtdyQgi5E/6C84lI="},"indexInfo":{"baseKey":"BYFtlhVIG34mcKH7h3Kn335lxVKhY84BTSfMMaRk/sQg","baseKeyType":1,"closed":-1,"used":1684320406437,"created":1684320406437,"remoteIdentityKey":"BaJ1BbKRDbpYKc9bgyQmNb7JWuSom8ajHFFV00zzE6RY"},"_chains":{"BfMsTopHQGk413rFn2/ft3SvyesJzq80OeGOulqDUF9s":{"chainKey":{"counter":0,"key":"OuF8ykrJGuZtsFhJrfsNwD1A7nCB+nERuoc9Fyg2Lko="},"chainType":1,"messageKeys":{}}},"pendingPreKey":{"signedKeyId":11,"baseKey":"BYFtlhVIG34mcKH7h3Kn335lxVKhY84BTSfMMaRk/sQg","preKeyId":86803}}},"version":"v1"}