{"_sessions":{"BeW/cGlAXBDd5bM8kfymE9rsCucQju5Mm1gS/Ewkc4VO":{"registrationId":238,"currentRatchet":{"ephemeralKeyPair":{"pubKey":"BWqlgRYfctol9KFSKFmqFiwWGO2xXVEeAsh6zwkBaqo/","privKey":"4D1AjCemcDSZv2aXexkUZY/UFD8H2OD7LXScmbSrblI="},"lastRemoteEphemeralKey":"BQXwcxwKcTYNAQhhvYT3VnbPDtqnsf1y66XOAyGsBSl5","previousCounter":0,"rootKey":"JTZg0vkIucs+vghN3zGsPXnMsNfISHpbO3SktDdmWgw="},"indexInfo":{"baseKey":"BeW/cGlAXBDd5bM8kfymE9rsCucQju5Mm1gS/Ewkc4VO","baseKeyType":1,"closed":-1,"used":1684320406235,"created":1684320406235,"remoteIdentityKey":"BSj/WXABBF96J0UJ1wcCvrM4arq0oBjfhuunylRcXlBg"},"_chains":{"BWqlgRYfctol9KFSKFmqFiwWGO2xXVEeAsh6zwkBaqo/":{"chainKey":{"counter":0,"key":"Jdn+7lKeUtwo/HfbpqJUC+wmZXkLqbYG9PrAhcvOyko="},"chainType":1,"messageKeys":{}}},"pendingPreKey":{"signedKeyId":1,"baseKey":"BeW/cGlAXBDd5bM8kfymE9rsCucQju5Mm1gS/Ewkc4VO"}}},"version":"v1"}