{"_sessions":{"BQeFysJ3qszt8txcFoHnljqrJmRT+a2aaiHYQePGEdZ2":{"registrationId":926433340,"currentRatchet":{"ephemeralKeyPair":{"pubKey":"BZxBx7IAfLYOVg0tnrUZ+lD4i6udOnk8Y2Fv+qRkXLki","privKey":"UIGP3AB0e0DP37zY0zyw2RWDb8jqx5KWLG5NSg/xTEY="},"lastRemoteEphemeralKey":"Bao2Fbih6cCEtT/qOEGaAukHq6jG4H0r2qdBGT0TvABz","previousCounter":0,"rootKey":"lNJTU01UsAmOa/lXm2uC8YsbuU9jHcWS/ZXYpLnYoAk="},"indexInfo":{"baseKey":"BQeFysJ3qszt8txcFoHnljqrJmRT+a2aaiHYQePGEdZ2","baseKeyType":1,"closed":-1,"used":1684320407154,"created":1684320407154,"remoteIdentityKey":"BayCEbf4IM8ql+m7XPYgK257BgHSmSGLGxTrE0gpzjhQ"},"_chains":{"BZxBx7IAfLYOVg0tnrUZ+lD4i6udOnk8Y2Fv+qRkXLki":{"chainKey":{"counter":0,"key":"cNKUuWFrr1TBSyJLbWoMUN33X488ClQf9NmcvrpLRsk="},"chainType":1,"messageKeys":{}}},"pendingPreKey":{"signedKeyId":7,"baseKey":"BQeFysJ3qszt8txcFoHnljqrJmRT+a2aaiHYQePGEdZ2","preKeyId":5856907}}},"version":"v1"}