{"_sessions":{"BWDDYUrYZYtR1VcrhVV8qRY0+bo2kJhHFG4uUoMrBk4q":{"registrationId":1842847978,"currentRatchet":{"ephemeralKeyPair":{"pubKey":"BU/h7SK7nvG/AdEwkMPbhJArLJba7yvwIY7m2KYgLwI3","privKey":"8BSR8D10RqUy/8QzL94UvovXQW8ar0zs4jj6ktNL+kA="},"lastRemoteEphemeralKey":"BSElKUWxAfkeaZZcgSA0yEhx4O07uSBBqy5LWJQz2ZR2","previousCounter":0,"rootKey":"V6tOJzRBvGgrSNTMgoAe9g8bqTPw1T6/Jcg0FhTOzD8="},"indexInfo":{"baseKey":"BWDDYUrYZYtR1VcrhVV8qRY0+bo2kJhHFG4uUoMrBk4q","baseKeyType":1,"closed":-1,"used":1684254362428,"created":1684254362428,"remoteIdentityKey":"BRRlLKaEXq3hUrk+UsdLfehw19Ujm3LEZwykhPofWIlk"},"_chains":{"BU/h7SK7nvG/AdEwkMPbhJArLJba7yvwIY7m2KYgLwI3":{"chainKey":{"counter":6,"key":"pq6T0A37dzPbC3Pena6tDBca/Ew0UlG7lvGh94s51Jw="},"chainType":1,"messageKeys":{}}},"pendingPreKey":{"signedKeyId":13,"baseKey":"BWDDYUrYZYtR1VcrhVV8qRY0+bo2kJhHFG4uUoMrBk4q","preKeyId":13556930}}},"version":"v1"}