{"_sessions":{"BV72C9xISTbZps3f0R5n0rV0XlWTmviD4cE3wpfzbJti":{"registrationId":271596352,"currentRatchet":{"ephemeralKeyPair":{"pubKey":"BXRF4/Cz6TMFnZWa9CnuB/xMw2mFVokLsBtNlbk+CYtz","privKey":"IDGUI9E7V+IrNfC4lfeWNLRNE98L4oVV+5MC/+/bT3Q="},"lastRemoteEphemeralKey":"BSG2D3xS/RtUaCzbJTuf8WNuu35Ar6rE8oiLPvOWvtwh","previousCounter":0,"rootKey":"wRKuy/8jvfU8ZeSQC9HvDolL1s8NS6whtFGGadSA0G8="},"indexInfo":{"baseKey":"BV72C9xISTbZps3f0R5n0rV0XlWTmviD4cE3wpfzbJti","baseKeyType":1,"closed":-1,"used":1684320406475,"created":1684320406475,"remoteIdentityKey":"BYTWaIJrFF0azQz+YdzF22iybqRga2MkViNK2Z3sAqou"},"_chains":{"BXRF4/Cz6TMFnZWa9CnuB/xMw2mFVokLsBtNlbk+CYtz":{"chainKey":{"counter":0,"key":"B1/e6+PkNYL+5H6VsG7CA3TR7qAAGx4/f0cp7htv2R8="},"chainType":1,"messageKeys":{}}},"pendingPreKey":{"signedKeyId":1,"baseKey":"BV72C9xISTbZps3f0R5n0rV0XlWTmviD4cE3wpfzbJti","preKeyId":3276166}}},"version":"v1"}