{"_sessions":{"BRx5AUEK1UYQiku+wiWI5Fs1ghngdLucJkJgoJNGuuId":{"registrationId":13761,"currentRatchet":{"ephemeralKeyPair":{"pubKey":"BWH/SDqvkbsQ/EVb5E32ar04qGXyZDoWvnEv6t91AC4K","privKey":"UIxVajG0obi4q9qWSXQGH3YuAoNe7sEOgQBEw6kNA14="},"lastRemoteEphemeralKey":"BTNyDwIHCxbxt7L1BfRnKm0OV9XtzSKUpVu8sG8KY7gS","previousCounter":0,"rootKey":"4hnRZoPVctow7teRwhozOhBoUD3Mm/1gv0b/QTQuoCs="},"indexInfo":{"baseKey":"BRx5AUEK1UYQiku+wiWI5Fs1ghngdLucJkJgoJNGuuId","baseKeyType":1,"closed":-1,"used":1684254361820,"created":1684254361820,"remoteIdentityKey":"BWxx1xolmMxQlztMuFnJdb3d6VINQ5HKI5HE31VmSl9l"},"_chains":{"BWH/SDqvkbsQ/EVb5E32ar04qGXyZDoWvnEv6t91AC4K":{"chainKey":{"counter":6,"key":"EW+w6i08mvYtScbbbP6i+sAGEq4TBwsAWuAyOijkowA="},"chainType":1,"messageKeys":{}}},"pendingPreKey":{"signedKeyId":1,"baseKey":"BRx5AUEK1UYQiku+wiWI5Fs1ghngdLucJkJgoJNGuuId","preKeyId":454}}},"version":"v1"}