{"_sessions":{"BSRyAISOyBoTeFO1zRSaUFJauEWQ4RrOPxCJigRnTpch":{"registrationId":1902263058,"currentRatchet":{"ephemeralKeyPair":{"pubKey":"BVDSpYeJNUN9jYMZpwirXNEnoFL2Ayi6LXJlJBP/DvYu","privKey":"4JF88g5Vz+bpRU6lAQpUAwDrmmRbRGzfOl9pZ1E/E2I="},"lastRemoteEphemeralKey":"BUA8/ttaAg2O4Nnx6PbU+ketYw8IGqUwHXbYogxRIeRW","previousCounter":1,"rootKey":"X8IsoZcCalGZ4DHnl6GaR1MUL6TZ+tRMEa9zLOifEWs="},"indexInfo":{"baseKey":"BSRyAISOyBoTeFO1zRSaUFJauEWQ4RrOPxCJigRnTpch","baseKeyType":1,"closed":-1,"used":1684321000972,"created":1684320406788,"remoteIdentityKey":"BZ9GCbm7kY5pHOMR7ix2JejNPTmJtvwP45g8thlXNb8e"},"_chains":{"BXXoejwpRSeDaNmww7EET9EZMA6FoA27dEPKFlm6roo1":{"chainKey":{"counter":2},"chainType":2,"messageKeys":{}},"BdCzZQT+fCGy7iqsfqGWOSmuI1WuTeFAVJNf2xwpMaZ0":{"chainKey":{"counter":0},"chainType":2,"messageKeys":{}},"BUA8/ttaAg2O4Nnx6PbU+ketYw8IGqUwHXbYogxRIeRW":{"chainKey":{"counter":1,"key":"Xc/7j2Mmoajse2diTc0JKCYfzyyE4kJfuYL1C/Jtihg="},"chainType":2,"messageKeys":{}},"BVDSpYeJNUN9jYMZpwirXNEnoFL2Ayi6LXJlJBP/DvYu":{"chainKey":{"counter":1,"key":"QrVB1sv0+7h88Mv9ordGoMo7DlyNoneOXhLlnsseZhU="},"chainType":1,"messageKeys":{}}}}},"version":"v1"}