{"_sessions":{"BYCPSS266FIOhHqSlNGv2XpR1aDoN63EF75BrhgPazVG":{"registrationId":749387663,"currentRatchet":{"ephemeralKeyPair":{"pubKey":"BXvE0CO+ih7iGgib+U9KbzJ/o4665vR1dLsacs/Blj1a","privKey":"AA3dj/WtT851PrN0NE0Ubv/QB6tqGPWnFkm+2/bhEXQ="},"lastRemoteEphemeralKey":"BcUtKWOqI2fvFvv71a+p1UwADD18mO/Nhs/0N54ntmUw","previousCounter":0,"rootKey":"B43ylL0pthPm0ZpQC+eQvSH+pQ1pGtqRR4gHZFctOLE="},"indexInfo":{"baseKey":"BYCPSS266FIOhHqSlNGv2XpR1aDoN63EF75BrhgPazVG","baseKeyType":1,"closed":-1,"used":1684320406864,"created":1684320406864,"remoteIdentityKey":"BThhVo46gXt2GCroPvJbL5TW5FVCcqpE2Sx4CK2/ZHY2"},"_chains":{"BXvE0CO+ih7iGgib+U9KbzJ/o4665vR1dLsacs/Blj1a":{"chainKey":{"counter":0,"key":"WdH++ZeHReiD4i1G2mj957dSpyrAp3v4wWd4c1eXEiU="},"chainType":1,"messageKeys":{}}},"pendingPreKey":{"signedKeyId":0,"baseKey":"BYCPSS266FIOhHqSlNGv2XpR1aDoN63EF75BrhgPazVG","preKeyId":13262486}}},"version":"v1"}