{"_sessions":{"BfmsKPE84pz7eBMYXvdyQMSEbreKRt2waSi8BeJBcp0q":{"registrationId":1644489079,"currentRatchet":{"ephemeralKeyPair":{"pubKey":"Ba7/fTVFKyBhqMM2VfZsjr8mN3CCJpdNBy6rJG7T6ZEI","privKey":"EGM1YcyAbobz16Qe7qhshck3OudPve9ZzrC8srm+Xks="},"lastRemoteEphemeralKey":"BVn/l8STta7KbHp/PNWgOyVRrfMi0TeXedGQmaYHuM4c","previousCounter":0,"rootKey":"KftXUK7o3FSG9sIQIXX76TBSRjPsg/6TQM37SD0BeFY="},"indexInfo":{"baseKey":"BfmsKPE84pz7eBMYXvdyQMSEbreKRt2waSi8BeJBcp0q","baseKeyType":1,"closed":-1,"used":1684254362639,"created":1684254362639,"remoteIdentityKey":"BaV9HDGdByRJKNKrnqtaXWOAOR/7kMv++tjAta6rgJZX"},"_chains":{"Ba7/fTVFKyBhqMM2VfZsjr8mN3CCJpdNBy6rJG7T6ZEI":{"chainKey":{"counter":6,"key":"WDPzru+imdHyufu++244Lw2FEU7Z9DLS90ecEljUf9A="},"chainType":1,"messageKeys":{}}},"pendingPreKey":{"signedKeyId":3,"baseKey":"BfmsKPE84pz7eBMYXvdyQMSEbreKRt2waSi8BeJBcp0q","preKeyId":16734746}}},"version":"v1"}