{"_sessions":{"BcX7d8diF28we4bd2bZxda66jmJ9Y1jHR2d/mLqfpZoL":{"registrationId":1922184537,"currentRatchet":{"ephemeralKeyPair":{"pubKey":"Bc9rZBdNsGhrENQO7C1DWLFFKg02NRjKpcmAItecEXJw","privKey":"8MNKZxP87ZhDFOlL92CM2mNPCXS24nRqJ0+9tS7Y40o="},"lastRemoteEphemeralKey":"BeKj+Fn2PnEltJf8eKfRXuqjuuLzvYCTG1F3+tps7EUT","previousCounter":0,"rootKey":"ro5YoD/hkUnMEm+Ujk00ZwNeYxsG/ykmPUiI9fswQIs="},"indexInfo":{"baseKey":"BcX7d8diF28we4bd2bZxda66jmJ9Y1jHR2d/mLqfpZoL","baseKeyType":1,"closed":-1,"used":1684320200934,"created":1684254362407,"remoteIdentityKey":"BX2POgKFSLpOM87fcGGglxUgT6C055pJggktz8IAMhBm"},"_chains":{"BcMcwirPh9Y1Ou61eR3uECcOmDX0ROaGYKpe+4Ewau4x":{"chainKey":{"counter":0},"chainType":2,"messageKeys":{}},"BeKj+Fn2PnEltJf8eKfRXuqjuuLzvYCTG1F3+tps7EUT":{"chainKey":{"counter":0,"key":"TyMjZZoplmcaI2voGyFCCvdy2EQrwgE8Edw/AVm0XGY="},"chainType":2,"messageKeys":{}},"Bc9rZBdNsGhrENQO7C1DWLFFKg02NRjKpcmAItecEXJw":{"chainKey":{"counter":-1,"key":"1k+7BlPGfa1haBVjYYdIlyrnAByh5S552LzHMgvsUjE="},"chainType":1,"messageKeys":{}}}}},"version":"v1"}