{"_sessions":{"BbeETpBl/pL8OzkbNKbbik0AHAJEU066sSYhciU/31xH":{"registrationId":957960023,"currentRatchet":{"ephemeralKeyPair":{"pubKey":"BRyKT/dmERSawmVueeDbAJNpi0BccSHDcgs6XRrEIygT","privKey":"ML7aBGiplI57pXuyryed0lqOib1bEyY/U4eFhg/9h3M="},"lastRemoteEphemeralKey":"BRxeojGsBtsnnf/KuaFwhBtDfM8pjQu9cacFMfiC4Usw","previousCounter":0,"rootKey":"/jK8+XII5a3yVXzYhD/h7mmhPjcHiOT3BtkxuQ2luZI="},"indexInfo":{"baseKey":"BbeETpBl/pL8OzkbNKbbik0AHAJEU066sSYhciU/31xH","baseKeyType":1,"closed":-1,"used":1684320407271,"created":1684320407271,"remoteIdentityKey":"BYIen4lYxn4coCLYeKMT2Tk44YwoLU3ZnsoUHsg6Bj1R"},"_chains":{"BRyKT/dmERSawmVueeDbAJNpi0BccSHDcgs6XRrEIygT":{"chainKey":{"counter":0,"key":"Me42yLe2cGMT6iO8OmnaRU+cuiPKUkNA0I8Y3X1C3RA="},"chainType":1,"messageKeys":{}}},"pendingPreKey":{"signedKeyId":0,"baseKey":"BbeETpBl/pL8OzkbNKbbik0AHAJEU066sSYhciU/31xH"}}},"version":"v1"}