{"_sessions":{"BUD9glWqH1XmEKr7bfAlHT4MdLvK+slAGPWolL8r+SYz":{"registrationId":959940753,"currentRatchet":{"ephemeralKeyPair":{"pubKey":"Bep0RxvkZQR5NMJ1+xuKIMsduivedKmUoHyhbQeK2Ikt","privKey":"wEO5lYL7OuqPpL6mdJUOzGW2TP9QqPXdUUA9so/4JEc="},"lastRemoteEphemeralKey":"BQYBCPLpEPCAC4vTANz7Ssh3I8Nq1IAV+WStUZH7/SwR","previousCounter":0,"rootKey":"uGzWOu9IaKWKSOzzaesG78Nb2sWHcn79EtnB4iYj2XA="},"indexInfo":{"baseKey":"BUD9glWqH1XmEKr7bfAlHT4MdLvK+slAGPWolL8r+SYz","baseKeyType":1,"closed":-1,"used":1684254362021,"created":1684254362021,"remoteIdentityKey":"BU1n3WkstLO4qG1O2lsnXUPxxvGA54p6XObHkHIpft8F"},"_chains":{"Bep0RxvkZQR5NMJ1+xuKIMsduivedKmUoHyhbQeK2Ikt":{"chainKey":{"counter":6,"key":"5jul8NsFPNOpBD22thF7DmHgB8ZJ1sJ9mGxWbRX8Cvs="},"chainType":1,"messageKeys":{}}},"pendingPreKey":{"signedKeyId":8,"baseKey":"BUD9glWqH1XmEKr7bfAlHT4MdLvK+slAGPWolL8r+SYz","preKeyId":1998681}}},"version":"v1"}