{"_sessions":{"BdBq9tVfke7PkCWUKhdmz3HD5gZ6psL1d5Jq2hwAFHVL":{"registrationId":798221183,"currentRatchet":{"ephemeralKeyPair":{"pubKey":"BbxQfLDSXn16PkSKZXyOnIF5U6OLgv/6/jvrFr9kFCJ1","privKey":"ALXmwlYBzkdoqZTsQqncWp6ni1NllHFIrOuf7UI8FkM="},"lastRemoteEphemeralKey":"BYOnLSEzYh2Y89jRWMhA7G/nroWYZnigpGP7LdOnVfhR","previousCounter":0,"rootKey":"JF+lGse+BO6boyrWPekdcVYjC/NM05K9OaZGVglZmRk="},"indexInfo":{"baseKey":"BdBq9tVfke7PkCWUKhdmz3HD5gZ6psL1d5Jq2hwAFHVL","baseKeyType":1,"closed":-1,"used":1684254362397,"created":1684254362397,"remoteIdentityKey":"BV0CdZtOCU6DXWOw3W6dtZ00VPk8Yul3pkW0QbLZOgIb"},"_chains":{"BbxQfLDSXn16PkSKZXyOnIF5U6OLgv/6/jvrFr9kFCJ1":{"chainKey":{"counter":6,"key":"nTLaDdy8jErz7qREMbCRyYdj6uzp2EvKY1PitokA6Rg="},"chainType":1,"messageKeys":{}}},"pendingPreKey":{"signedKeyId":0,"baseKey":"BdBq9tVfke7PkCWUKhdmz3HD5gZ6psL1d5Jq2hwAFHVL","preKeyId":4962923}}},"version":"v1"}