{"_sessions":{"BfjdLnYnq2u1qo/XBfF1pBAzj9kvNkutUTRChDgNlSxn":{"registrationId":900420618,"currentRatchet":{"ephemeralKeyPair":{"pubKey":"BbC6QyBqoZ0fRMNOR8gEgy8Mf+V3cF9N5OFgrW2nBvV+","privKey":"UKMOC4uvLctApa2YcGKGLCw02YLHRD1FL4SJ5Y6BKGw="},"lastRemoteEphemeralKey":"BQ4N39nqahGyvGzVFNpvvBnMS4ihN8tHttQP3KQ4rGZ9","previousCounter":0,"rootKey":"iBUnycQWPar4sT9DZvuJCTbJbSKzRx4p5IWMz03NfX4="},"indexInfo":{"baseKey":"BfjdLnYnq2u1qo/XBfF1pBAzj9kvNkutUTRChDgNlSxn","baseKeyType":1,"closed":-1,"used":1684320407088,"created":1684320407088,"remoteIdentityKey":"Bd3TT1/deMY8FidaXpGviHvMdY32MtUMaerWS1p++dsw"},"_chains":{"BbC6QyBqoZ0fRMNOR8gEgy8Mf+V3cF9N5OFgrW2nBvV+":{"chainKey":{"counter":0,"key":"vOJpOa2woiN3b+d8IRZc4Wd3W2ZPureKHLxfCCLLprU="},"chainType":1,"messageKeys":{}}},"pendingPreKey":{"signedKeyId":5,"baseKey":"BfjdLnYnq2u1qo/XBfF1pBAzj9kvNkutUTRChDgNlSxn","preKeyId":1506836}}},"version":"v1"}