{"_sessions":{"BSHOSGhtKrXa+Mv+e4H98yTvhvjZ4ZPZur+mlB3VY8Zk":{"registrationId":167839604,"currentRatchet":{"ephemeralKeyPair":{"pubKey":"BfbiFtLgEDcNgzWzI9EBnQBqTdl36l9ctcdh7rKjC91x","privKey":"SCMXIKkwxWda1Nd6ySqDX4ga4aeyYYFb9JEhH8FafUA="},"lastRemoteEphemeralKey":"BSs4sKIPkQ29KKs1f2NX3qHE83w6u5D9cpUTc/VYVvV0","previousCounter":0,"rootKey":"lCwPKlr8HrX1mCVbOAITr6xl2srEqpIydk+HlVbTWWw="},"indexInfo":{"baseKey":"BSHOSGhtKrXa+Mv+e4H98yTvhvjZ4ZPZur+mlB3VY8Zk","baseKeyType":1,"closed":-1,"used":1684254362459,"created":1684254362459,"remoteIdentityKey":"BbW4aYHA5Rlgw6WljlKOfcY9+LAZw8LywP9nLlSWmLpb"},"_chains":{"BfbiFtLgEDcNgzWzI9EBnQBqTdl36l9ctcdh7rKjC91x":{"chainKey":{"counter":6,"key":"Uh8gaK1xVBEIxEoj3qkKS1dh3YcAD1YGzZ8OhkVC4cg="},"chainType":1,"messageKeys":{}}},"pendingPreKey":{"signedKeyId":32,"baseKey":"BSHOSGhtKrXa+Mv+e4H98yTvhvjZ4ZPZur+mlB3VY8Zk","preKeyId":4230692}}},"version":"v1"}