{"_sessions":{"BdW5z4TfQzcJThNd2cxBDXDQquEObSJnAqnlBxuw0Kd0":{"registrationId":517367669,"currentRatchet":{"ephemeralKeyPair":{"pubKey":"BZCJHRCs35068VhxfMArDLFQnTxhG0XJrRucH6GhRjMy","privKey":"iKUMhHAwSrSYigNaqFQRzZ7a4GE3QfIOSmYEVTXRqVs="},"lastRemoteEphemeralKey":"BZWqYJSrdvlLvNoE28UbqrcyLn+yRNYZenugmJ2+mPZC","previousCounter":0,"rootKey":"22fhlRbUQKIGGaPcomz3a/9QKJVymkWL84ZI0I/AFjQ="},"indexInfo":{"baseKey":"BdW5z4TfQzcJThNd2cxBDXDQquEObSJnAqnlBxuw0Kd0","baseKeyType":1,"closed":-1,"used":1684254361875,"created":1684254361875,"remoteIdentityKey":"BSbtO7whpmBTaysUFC3bLX4x3AnbXn2hAIkkNBv4eAs6"},"_chains":{"BZCJHRCs35068VhxfMArDLFQnTxhG0XJrRucH6GhRjMy":{"chainKey":{"counter":6,"key":"pMmYGoxr1b4DCpzIBRnAmSZQTedLfdYO08Kb5qAZx2U="},"chainType":1,"messageKeys":{}}},"pendingPreKey":{"signedKeyId":1813785,"baseKey":"BdW5z4TfQzcJThNd2cxBDXDQquEObSJnAqnlBxuw0Kd0","preKeyId":17553}}},"version":"v1"}