{"_sessions":{"BZumk8ZllfqGy45Hr2YKZEnBaGmsVjbJj1JDTgpn4lVA":{"registrationId":246925647,"currentRatchet":{"ephemeralKeyPair":{"pubKey":"BTw35x+Cb4U5PiylKM1t648xCqVeV6P3oXqRSmjXx9Jv","privKey":"WIDMOJgqT5wu9ybGboX5qrsJi8pZiisBTyYM1jlDn3Q="},"lastRemoteEphemeralKey":"Ba7LR+J0l34D3RZkoeGT7u1ad/TS3VS/2M3V3dPoaolI","previousCounter":0,"rootKey":"7SYEpRwUvyT3WLazLXtTTdOhSgjaJe/PzHkpLpV/4cM="},"indexInfo":{"baseKey":"BZumk8ZllfqGy45Hr2YKZEnBaGmsVjbJj1JDTgpn4lVA","baseKeyType":1,"closed":-1,"used":1684320406855,"created":1684320406855,"remoteIdentityKey":"BRPhwWI7lUK5t3TOX859fsKSUzPxO3UCnQ3iQo+LqGVN"},"_chains":{"BTw35x+Cb4U5PiylKM1t648xCqVeV6P3oXqRSmjXx9Jv":{"chainKey":{"counter":0,"key":"TVJAogC2PGtgJfQu3gYT6UAUDayp9J8HLhVbszeqHvg="},"chainType":1,"messageKeys":{}}},"pendingPreKey":{"signedKeyId":28,"baseKey":"BZumk8ZllfqGy45Hr2YKZEnBaGmsVjbJj1JDTgpn4lVA","preKeyId":12393472}}},"version":"v1"}