{"_sessions":{"BTJ8DA6jTBSNodNiRn2I4wINa+XkzaZlExzIiTEE6Rh5":{"registrationId":2068631617,"currentRatchet":{"ephemeralKeyPair":{"pubKey":"BTA77fqL5MLDtDkTKQT/fJa677xYuRSpg4cse5yHlH8R","privKey":"qD55D/fHRcy7nlCjcBzQPrXSXV4a5oVF5EE2yUoO+nw="},"lastRemoteEphemeralKey":"BYihPntZsed4OfsfHD1gOWxJJUIkV2rCCxFdYRpSbhI8","previousCounter":0,"rootKey":"evmeQnt3HrEwH8Si566Gy10gHH0sBE00WdyitC9r7qc="},"indexInfo":{"baseKey":"BTJ8DA6jTBSNodNiRn2I4wINa+XkzaZlExzIiTEE6Rh5","baseKeyType":1,"closed":-1,"used":1684320406315,"created":1684320406315,"remoteIdentityKey":"BZi3Q9ZHJBiM9TqtZVEGGfhk1LDZwopn44mqDPjkKqQG"},"_chains":{"BTA77fqL5MLDtDkTKQT/fJa677xYuRSpg4cse5yHlH8R":{"chainKey":{"counter":0,"key":"3RFMFc3oG+hSGv8w2hSlsJaZKx+RM1XiyzVnYHCfdAA="},"chainType":1,"messageKeys":{}}},"pendingPreKey":{"signedKeyId":0,"baseKey":"BTJ8DA6jTBSNodNiRn2I4wINa+XkzaZlExzIiTEE6Rh5"}}},"version":"v1"}