{"_sessions":{"BR35u+qhgL2UZ1f3/Bal/O9aRmW4mMzG7nclAkyxgOwx":{"registrationId":424907719,"currentRatchet":{"ephemeralKeyPair":{"pubKey":"BXlM9rh7lqRzJGUmtIH712iEfn7wkUFJiZ/7rzDAhWpb","privKey":"0I8vZhleGZaWN18fMqSlJO5Cfu20GoGyuDaTqOVeekM="},"lastRemoteEphemeralKey":"BeP3hp/EMJ1opRzCSdKQzBo0o99m05DYGz1vM/D/gEN0","previousCounter":0,"rootKey":"LXA6A3A6lrTTuxGkCNWuCuTK6OpvLgBXuR1PPlbFc2A="},"indexInfo":{"baseKey":"BR35u+qhgL2UZ1f3/Bal/O9aRmW4mMzG7nclAkyxgOwx","baseKeyType":1,"closed":-1,"used":1684254362718,"created":1684254362718,"remoteIdentityKey":"BQCfx0mTx1anMMZjVfhEk2GBvP+T0PDLCpRs2Vnvb/lK"},"_chains":{"BXlM9rh7lqRzJGUmtIH712iEfn7wkUFJiZ/7rzDAhWpb":{"chainKey":{"counter":6,"key":"2KIfO9GqlCSVmwJX/7SjdrLTMeNLmH9rsspuCd/xijU="},"chainType":1,"messageKeys":{}}},"pendingPreKey":{"signedKeyId":17,"baseKey":"BR35u+qhgL2UZ1f3/Bal/O9aRmW4mMzG7nclAkyxgOwx","preKeyId":9169471}}},"version":"v1"}