{"_sessions":{"BQURcSW+QXjWCR2JoFOaBFr+9ddPHJlx3La3wq0EJC54":{"registrationId":503941999,"currentRatchet":{"ephemeralKeyPair":{"pubKey":"BXBJ3zd9ptlPS8QJ59l2ZKSrWy9BxGRqLQ3pUMjWiIdV","privKey":"4KD/nePa2sjKhehmQ2hk1qqTuSlD/FDMfwNvfo9O+UU="},"lastRemoteEphemeralKey":"BcoY5d7zdk0zABT1u4dihXfkpH+SqBYwmYHbLPYIw8NN","previousCounter":0,"rootKey":"kHfbEFzMshuzxREY5ei2z7xs0cctIPdIybD2RDmvXws="},"indexInfo":{"baseKey":"BQURcSW+QXjWCR2JoFOaBFr+9ddPHJlx3La3wq0EJC54","baseKeyType":1,"closed":-1,"used":1684320406245,"created":1684320406245,"remoteIdentityKey":"BeXoXySLrzUBalj4U23d3NTPvtDuVp9YlD0TtQFeUtc4"},"_chains":{"BXBJ3zd9ptlPS8QJ59l2ZKSrWy9BxGRqLQ3pUMjWiIdV":{"chainKey":{"counter":0,"key":"VbF+wCw8kVHkkeKDnnwmvHMwdKMknyNhErNk4+OCgpA="},"chainType":1,"messageKeys":{}}},"pendingPreKey":{"signedKeyId":11447289,"baseKey":"BQURcSW+QXjWCR2JoFOaBFr+9ddPHJlx3La3wq0EJC54","preKeyId":7844}}},"version":"v1"}