{"_sessions":{"Bfg+e8hW/R+Ejji4h1btJR2SYJXXkElMfg4A67UCystp":{"registrationId":623215805,"currentRatchet":{"ephemeralKeyPair":{"pubKey":"BQJNSkSLQZYSwxD49E+hmGNmsN0Ck4yv96zQXmyA5Qg0","privKey":"oH+upnlYS335R9m9NQfq4b787NqKQLklehtYBGO+9UU="},"lastRemoteEphemeralKey":"BSSsF81eqX5HE0VXP+IcxjDmPyFM6OJ7snhyEj6bVBkI","previousCounter":0,"rootKey":"xKmbWixMa/Sfjax7b9wH+tyCZim3Azc2T7MBR3drjgs="},"indexInfo":{"baseKey":"Bfg+e8hW/R+Ejji4h1btJR2SYJXXkElMfg4A67UCystp","baseKeyType":1,"closed":-1,"used":1684320406296,"created":1684320406296,"remoteIdentityKey":"BSjjt9QEU/ihOblqUlaZa75cFtajGzXR5tqdv5DcltwY"},"_chains":{"BQJNSkSLQZYSwxD49E+hmGNmsN0Ck4yv96zQXmyA5Qg0":{"chainKey":{"counter":0,"key":"oVDJyNguej7irHkixKw8JwFpCW7dEfNMnpwKN6bpGCs="},"chainType":1,"messageKeys":{}}},"pendingPreKey":{"signedKeyId":15,"baseKey":"Bfg+e8hW/R+Ejji4h1btJR2SYJXXkElMfg4A67UCystp","preKeyId":8745568}}},"version":"v1"}