{"_sessions":{"BU/q10EPTQMc+vyoU6eoAraYC8ONwNUVHRgBpUAaql4R":{"registrationId":350482159,"currentRatchet":{"ephemeralKeyPair":{"pubKey":"BQjhDAtKp2lXvlQbtUjI/+5faJoO3IJFBmhUSJJka7UC","privKey":"qGYBA1PACx/fJo2D7OXw8kvvKVfuWLhiC1rsqiioNVs="},"lastRemoteEphemeralKey":"BQVplg7WyhsvVyqKN14u2WtAu7nXaz2MC7MD7juEruME","previousCounter":2,"rootKey":"77NCkN0BIfNQ4O2tKEVOo1LaVxqwYqvSOo9t5WhjBWE="},"indexInfo":{"baseKey":"BU/q10EPTQMc+vyoU6eoAraYC8ONwNUVHRgBpUAaql4R","baseKeyType":2,"closed":-1,"used":1684321557716,"created":1684320366153,"remoteIdentityKey":"BSNiXQHuA93KvlqugYhol6NkaAMLEU3WK1dFD1lyHTZp"},"_chains":{"Beh9h2HQ9w8mmEq+Q8IL8EodJk/bJ9vH0oJjH4gpOvsq":{"chainKey":{"counter":1},"chainType":2,"messageKeys":{}},"BQVplg7WyhsvVyqKN14u2WtAu7nXaz2MC7MD7juEruME":{"chainKey":{"counter":2,"key":"1K1+KygLi4fxS9W9ioj4i12Lpl89lgwHuD1AYurvjLI="},"chainType":2,"messageKeys":{}},"BQjhDAtKp2lXvlQbtUjI/+5faJoO3IJFBmhUSJJka7UC":{"chainKey":{"counter":-1,"key":"43vdgbTLRoL6t3jKp3KaFgx5dxtFL63ATcnRjpme6VM="},"chainType":1,"messageKeys":{}}}}},"version":"v1"}