{"_sessions":{"Bb0Y5TR/mYzBYgnZjIEgAaqToHS3RcXqWDif/wZW40Jb":{"registrationId":142,"currentRatchet":{"ephemeralKeyPair":{"pubKey":"BajUrxRAmViklMwyKThf8mhT+KWzrtd7xcDmYV/QEro8","privKey":"qAtbTiB2akd+6kyk7mGucaQKBSocVdmLFluGMCBJWkg="},"lastRemoteEphemeralKey":"BXXALqZj1PsW8ktSoY/ElWLlstTH5oIDpSyCPoOsBa4J","previousCounter":0,"rootKey":"ZC6eWrg64rRSmdmzIiyr4v5oVwarp6m572YRqAEa4iY="},"indexInfo":{"baseKey":"Bb0Y5TR/mYzBYgnZjIEgAaqToHS3RcXqWDif/wZW40Jb","baseKeyType":1,"closed":-1,"used":1684254240422,"created":1684254240422,"remoteIdentityKey":"BSrzi2qzWjgf7GpI246zaO4FsbEnccKTYfn8Wxdguxs2"},"_chains":{"BajUrxRAmViklMwyKThf8mhT+KWzrtd7xcDmYV/QEro8":{"chainKey":{"counter":36,"key":"xsMLwZeRz0+FXzbayhttZr+0u2yTwyEg+EnaZ2rl5Rc="},"chainType":1,"messageKeys":{}}},"pendingPreKey":{"signedKeyId":1,"baseKey":"Bb0Y5TR/mYzBYgnZjIEgAaqToHS3RcXqWDif/wZW40Jb","preKeyId":29}}},"version":"v1"}