{"_sessions":{"BW1asu4etaDUrGL45PDxIE1XvCvhdAtjvxD+y6UdEtxW":{"registrationId":303333659,"currentRatchet":{"ephemeralKeyPair":{"pubKey":"BUeLa3Zc0A7p4qTxmo1LVCx7up50bnvw5UZERED4Okds","privKey":"2NqNtJKwCaxoVs2pZgQa5s6LuFT6a79wRk/3F5Ijc10="},"lastRemoteEphemeralKey":"BcCkxTE5LmZ5A8UARGgY5f8Q5/i6SFNOSDKCGEMXe0Je","previousCounter":0,"rootKey":"/zcVQo8kW8pJpuvY7AC9z74vkz/JL+yoUh4YDeZEa1g="},"indexInfo":{"baseKey":"BW1asu4etaDUrGL45PDxIE1XvCvhdAtjvxD+y6UdEtxW","baseKeyType":1,"closed":-1,"used":1684254362040,"created":1684254362040,"remoteIdentityKey":"BeIgaDzTKBJu8iqGAfRD1/RS37yDr7qsxIE+dA9yIctq"},"_chains":{"BUeLa3Zc0A7p4qTxmo1LVCx7up50bnvw5UZERED4Okds":{"chainKey":{"counter":6,"key":"w+YblstrEm0NgZXE/R7/0RSisTPMuK8+5SFgqrTXiQI="},"chainType":1,"messageKeys":{}}},"pendingPreKey":{"signedKeyId":5,"baseKey":"BW1asu4etaDUrGL45PDxIE1XvCvhdAtjvxD+y6UdEtxW","preKeyId":3863596}}},"version":"v1"}