{"_sessions":{"BaOHmrNN7sW6aeQcDoHTqVDIBUiSR0X2p50fSxccjwVD":{"registrationId":1103384995,"currentRatchet":{"ephemeralKeyPair":{"pubKey":"BTvuCQmOnagp6tchc2ufmpqRDc9VO/Qq4FhW81GRNE4W","privKey":"SKN5iJhQKNx1V5uTV46GbOX9dlRiBT+xdNFuueYvo3E="},"lastRemoteEphemeralKey":"BV2tZl8Vu3x7eswPH9B1jMPNfSlSbQv5FHex+D5/k55E","previousCounter":0,"rootKey":"vLe8oG6tbs4nqdy6/t3oXoTtFWMnHTi7qfK1PnSs4HQ="},"indexInfo":{"baseKey":"BaOHmrNN7sW6aeQcDoHTqVDIBUiSR0X2p50fSxccjwVD","baseKeyType":1,"closed":-1,"used":1684320407327,"created":1684320407327,"remoteIdentityKey":"BZy3DiD6VtDslx9svtb4L7ktj1Dt4ID3FMIcDcu8T3dx"},"_chains":{"BTvuCQmOnagp6tchc2ufmpqRDc9VO/Qq4FhW81GRNE4W":{"chainKey":{"counter":0,"key":"MtS7sOvd8q8WgnIAaMczzbm2uupmRwQFDvWBZViPHAA="},"chainType":1,"messageKeys":{}}},"pendingPreKey":{"signedKeyId":0,"baseKey":"BaOHmrNN7sW6aeQcDoHTqVDIBUiSR0X2p50fSxccjwVD","preKeyId":4904062}}},"version":"v1"}