{"_sessions":{"BcpQ5agdZ3Nl6e/69FnemJ3zhvjCI8Khtwa7/lpkC+A7":{"registrationId":1360383557,"currentRatchet":{"ephemeralKeyPair":{"pubKey":"Bf3CUP7smq4NxY0z+tcP3qd0QlrmSZoMOelwJFiMEugI","privKey":"EFVo7t6ylRl/9UP3zrYSYVttZlZbjw4GsqyRVoitR1o="},"lastRemoteEphemeralKey":"BZm2ZoUTaLmGmrg9jOistRXR0EyjUX941URteD58Vigf","previousCounter":0,"rootKey":"36NXM2Owjxpt1IYWKTnCj95CaQxgsM9m79T+mCaspEg="},"indexInfo":{"baseKey":"BcpQ5agdZ3Nl6e/69FnemJ3zhvjCI8Khtwa7/lpkC+A7","baseKeyType":1,"closed":-1,"used":1684254361885,"created":1684254361885,"remoteIdentityKey":"BalpXYQZC9rmWTP1YKyddFqwp56Nn5yrc1KLarOj2iUy"},"_chains":{"Bf3CUP7smq4NxY0z+tcP3qd0QlrmSZoMOelwJFiMEugI":{"chainKey":{"counter":6,"key":"1HfyTXdyX2y17b8V4oX9ofT0MBqSQWxdoIkD9mSj1FA="},"chainType":1,"messageKeys":{}}},"pendingPreKey":{"signedKeyId":46,"baseKey":"BcpQ5agdZ3Nl6e/69FnemJ3zhvjCI8Khtwa7/lpkC+A7","preKeyId":5193249}}},"version":"v1"}