{"_sessions":{"BShCrdURjfZTu3afeLPV6UpmIMnvj17dfA0AUjcmwAFt":{"registrationId":1385287458,"currentRatchet":{"ephemeralKeyPair":{"pubKey":"BQGaulMDT0FcI2dzaECdCmUmsXG7625NmuKEmzZJ2Thf","privKey":"IMGetb/W3hNClZeihbi175LsIndbSDW1eRoBZHQxUXk="},"lastRemoteEphemeralKey":"BZsB+xtabY7bMI7uED77GUzRF7vc2cMbKQY4ggtFv61t","previousCounter":0,"rootKey":"x05bZzaI5HDCpJTIjW4w/f1lav6DRdxaLVETpBMbIX4="},"indexInfo":{"baseKey":"BShCrdURjfZTu3afeLPV6UpmIMnvj17dfA0AUjcmwAFt","baseKeyType":1,"closed":-1,"used":1684320406739,"created":1684320406739,"remoteIdentityKey":"BUNHcI3yRA2hNtz8l/kUz+1U2P5aoDj25zdxR0EBvcF5"},"_chains":{"BQGaulMDT0FcI2dzaECdCmUmsXG7625NmuKEmzZJ2Thf":{"chainKey":{"counter":0,"key":"jl+jxnanBuZLIUtTltS5NQdxxwijs3GbIfMGoJNiaGw="},"chainType":1,"messageKeys":{}}},"pendingPreKey":{"signedKeyId":0,"baseKey":"BShCrdURjfZTu3afeLPV6UpmIMnvj17dfA0AUjcmwAFt","preKeyId":15727278}}},"version":"v1"}