{"_sessions":{"BZE+Q0T8UeBOrIrCCrLvX+lyFD2qOoIY0fGbSzV/joBJ":{"registrationId":1691134462,"currentRatchet":{"ephemeralKeyPair":{"pubKey":"BYWkrK1HC5XAUOsMgOy4sX9sgBRBhru0vL2waRHdP+kV","privKey":"mI7vLsJZ2Z7ldpW6Dxo3lDJEEobvucm2P2mEiiRVLXQ="},"lastRemoteEphemeralKey":"BaPmaf91iPOWycDiU6MsIfXMJy2+TVmy+4iVL8Eg4+Qe","previousCounter":0,"rootKey":"vyTOaB3C7vgWN9Uz8FpswPY+nQPR6eUiLRMtqo5o6X8="},"indexInfo":{"baseKey":"BZE+Q0T8UeBOrIrCCrLvX+lyFD2qOoIY0fGbSzV/joBJ","baseKeyType":1,"closed":-1,"used":1684254362659,"created":1684254362659,"remoteIdentityKey":"BTs3kt0LXnQKtiSm5gGaY+OnZyxgN5OjVuRVVQeO0A0M"},"_chains":{"BYWkrK1HC5XAUOsMgOy4sX9sgBRBhru0vL2waRHdP+kV":{"chainKey":{"counter":6,"key":"bh9NoCa5w/jI2WxFC4YPhs8tCqUt7XgLomUZtxhj2U0="},"chainType":1,"messageKeys":{}}},"pendingPreKey":{"signedKeyId":14,"baseKey":"BZE+Q0T8UeBOrIrCCrLvX+lyFD2qOoIY0fGbSzV/joBJ","preKeyId":8830996}}},"version":"v1"}