{"_sessions":{"BdgJCLr3EirpKDBfYLBjf0Z7PlYKicscZh6YXJY/+j0x":{"registrationId":1903968881,"currentRatchet":{"ephemeralKeyPair":{"pubKey":"BcxRrNFf+aQcv2Fm9iLhc38MT5j1InjlP5u63KBBaxA9","privKey":"EJb0Z4G7WalF1/Qy989c1IMrTb1NcrYfbjWGRst3BkY="},"lastRemoteEphemeralKey":"BUPh9/VAzgjMUGojYkO2dpHjqYQaOLFkC4fzIqGQJkht","previousCounter":0,"rootKey":"rnX2gDmi23/5uElGWlZ4JBiK763j2LW+y0yt9u8XDMw="},"indexInfo":{"baseKey":"BdgJCLr3EirpKDBfYLBjf0Z7PlYKicscZh6YXJY/+j0x","baseKeyType":1,"closed":-1,"used":1684320406981,"created":1684320406981,"remoteIdentityKey":"BR5iha9S5/CnCoBwv7iIdGlckC37Zkm6qP9E5PbPsPdo"},"_chains":{"BcxRrNFf+aQcv2Fm9iLhc38MT5j1InjlP5u63KBBaxA9":{"chainKey":{"counter":0,"key":"q8yNaV1CqvvvIG/+MKI9cTgqr3WqRqiXHjgw6kseUu4="},"chainType":1,"messageKeys":{}}},"pendingPreKey":{"signedKeyId":0,"baseKey":"BdgJCLr3EirpKDBfYLBjf0Z7PlYKicscZh6YXJY/+j0x","preKeyId":12283594}}},"version":"v1"}