{"_sessions":{"BQp3oe1DaC6RGPwCpy2UyUsXrvmOYi/+vy3il6nCWnJj":{"registrationId":186756272,"currentRatchet":{"ephemeralKeyPair":{"pubKey":"BeBUXaX3cApxWOCCwPaUlR23E5C1UVyAtlUw3aYBZJpL","privKey":"AEXm1bUe8VcfuPZhMSXypYaF7o0TTlsHrOHl9VKkZ0s="},"lastRemoteEphemeralKey":"BfgRNSUUCRUDeA/rNeHOYrriFa1K9SILYFsnQhY6zpgy","previousCounter":0,"rootKey":"WntLiJ0yiP14S1JSNK2682HQom43nqXeRrjf1E8hvw4="},"indexInfo":{"baseKey":"BQp3oe1DaC6RGPwCpy2UyUsXrvmOYi/+vy3il6nCWnJj","baseKeyType":1,"closed":-1,"used":1684254362533,"created":1684254362533,"remoteIdentityKey":"Ba7EJ0lv3IOnhCedMqCWuecXUbRUqUDPrn9S1HVEZJMC"},"_chains":{"BeBUXaX3cApxWOCCwPaUlR23E5C1UVyAtlUw3aYBZJpL":{"chainKey":{"counter":6,"key":"SBG24AFvjWevuDkVyM71sY0z1YtNsHARZUTa0N0pQPg="},"chainType":1,"messageKeys":{}}},"pendingPreKey":{"signedKeyId":3,"baseKey":"BQp3oe1DaC6RGPwCpy2UyUsXrvmOYi/+vy3il6nCWnJj","preKeyId":1289604}}},"version":"v1"}