{"_sessions":{"Bf1z6xbjLPdYmO3g8wagdA4vGh0gyRoCwZSddnjxhdcp":{"registrationId":83565887,"currentRatchet":{"ephemeralKeyPair":{"pubKey":"BQhbPMHfctK5dt5+SSTIfsgYhRTIyUl1bYPmk6nu0ftj","privKey":"MOmjxxlYrCxE0HrqMBkCxyOAXHHOHwfJIbqv1jENXFQ="},"lastRemoteEphemeralKey":"BUHqRGVEwjjbIMvcgOmXUdQS9gh77btXjmJQNEUMQpZJ","previousCounter":0,"rootKey":"OZbfhr5WHPEDcHDp72/5Eo6khuvqASBfs1aYEqap6vE="},"indexInfo":{"baseKey":"Bf1z6xbjLPdYmO3g8wagdA4vGh0gyRoCwZSddnjxhdcp","baseKeyType":2,"closed":1684255286355,"used":1684255285076,"created":1684255285076,"remoteIdentityKey":"Bb1tnFnlUx2Y6EwIzSfa4pV8wjEVBqbcSv0C2mbsLqM9"},"_chains":{"BUHqRGVEwjjbIMvcgOmXUdQS9gh77btXjmJQNEUMQpZJ":{"chainKey":{"counter":0,"key":"25OIAeBD8cRxNnnTjZlOxE9uIbs2g+PmsVE5K+lh/pk="},"chainType":2,"messageKeys":{}},"BQhbPMHfctK5dt5+SSTIfsgYhRTIyUl1bYPmk6nu0ftj":{"chainKey":{"counter":-1,"key":"JuvPry/5yHi0jMSxRV+AwsV6NiwzmyE1eXTzEGEGz1g="},"chainType":1,"messageKeys":{}}}},"BWgEfI5IFb4KneElS2yrLyY2FwpLTrvFk2dnueWlAZNK":{"registrationId":83565887,"currentRatchet":{"ephemeralKeyPair":{"pubKey":"BW4TGf9EmS63MrKy4Ic5U48W4mP5/rrZ5nD6pCtgXk58","privKey":"eA1GUiP/MLGKRjaS6BapGab6rj+T0Bla2qlxnIv3xHM="},"lastRemoteEphemeralKey":"BUUn+3BuXzAGoPoMn0Pi0HQLMhmzm8LZoGEtPC7/I0Ur","previousCounter":0,"rootKey":"woMKpn1ePUzg3V5Gu8igmqwSTQGqGZfqts/45mD/dZw="},"indexInfo":{"baseKey":"BWgEfI5IFb4KneElS2yrLyY2FwpLTrvFk2dnueWlAZNK","baseKeyType":2,"closed":-1,"used":1684256043256,"created":1684255286370,"remoteIdentityKey":"Bb1tnFnlUx2Y6EwIzSfa4pV8wjEVBqbcSv0C2mbsLqM9"},"_chains":{"BTb/84BU6EDW39m/nqHx3JpehlkMFx80PViVyoPLpbVs":{"chainKey":{"counter":0},"chainType":2,"messageKeys":{}},"BSSSCtUKp7IE209Qb9BVOa3iHiIVLL0wsRLkho9+q21w":{"chainKey":{"counter":1},"chainType":2,"messageKeys":{}},"BRhOnGcmc05+kiPoFb0Izc7DgT3eseX496AHIus/RroA":{"chainKey":{"counter":0},"chainType":2,"messageKeys":{}},"BcpTXtzhml0aigSmI4qNtcGvzAPm/bmIJI6Efddy5ZVS":{"chainKey":{"counter":1},"chainType":2,"messageKeys":{}},"BRGtD8ajvo5JpwjUVV21m84cchy2phed3Z/c5YUN5SA4":{"chainKey":{"counter":0},"chainType":2,"messageKeys":{}},"BbUmV1Tgb0143l5qWvgnJ8PEmU2YzOEdPEOCVw4/aztM":{"chainKey":{"counter":0},"chainType":2,"messageKeys":{}},"BTS1WAPgC0wYFyg6EO++vIFZH66cTZjoYJ8ITu5HvolT":{"chainKey":{"counter":1},"chainType":2,"messageKeys":{}},"BQ3nRAe/AkU04kP+WuwoOGLWJGn9swj0om17fMDOsGRP":{"chainKey":{"counter":5},"chainType":2,"messageKeys":{}},"BUUn+3BuXzAGoPoMn0Pi0HQLMhmzm8LZoGEtPC7/I0Ur":{"chainKey":{"counter":0,"key":"12yw6QB1VBjB4yUWlHwjtM4FXueIr8ZTNgTT1nYOaK0="},"chainType":2,"messageKeys":{}},"BW4TGf9EmS63MrKy4Ic5U48W4mP5/rrZ5nD6pCtgXk58":{"chainKey":{"counter":-1,"key":"heL8kTOWUjNAambwMymKZH80EGPSZKprvPRJeBMC1z8="},"chainType":1,"messageKeys":{}}}}},"version":"v1"}