{"_sessions":{"BYHTUNiEzV+h6wJqlmJpge3G+jGtZgw37REibCqQ9C11":{"registrationId":1647519603,"currentRatchet":{"ephemeralKeyPair":{"pubKey":"BY0upTm9vgb8ojK14+8E6Yh26QNp/lvgm10avGJ8q2lD","privKey":"gMKVUBHpDBGgr14CeDSOQOCQ7r6xwxUAu61uGq5YEkY="},"lastRemoteEphemeralKey":"BZjyFmdnFgdhzrD8eAoq7Ky3XIHRp2DXRpPWeUo9mpVg","previousCounter":0,"rootKey":"qs4Z4mHi9tW6tXzNB5RKqWEk6oUMD8CkMYSSeBRRI58="},"indexInfo":{"baseKey":"BYHTUNiEzV+h6wJqlmJpge3G+jGtZgw37REibCqQ9C11","baseKeyType":1,"closed":-1,"used":1684254362206,"created":1684254362206,"remoteIdentityKey":"BRjoE5aPCmIM+dOQasWhXnkVXupP5/B+3n4jyq26EfFE"},"_chains":{"BY0upTm9vgb8ojK14+8E6Yh26QNp/lvgm10avGJ8q2lD":{"chainKey":{"counter":6,"key":"ObgXOedZ5kdcIiHp4MIMJVf6PpHN7u+ts+GDgCDpS8o="},"chainType":1,"messageKeys":{}}},"pendingPreKey":{"signedKeyId":12,"baseKey":"BYHTUNiEzV+h6wJqlmJpge3G+jGtZgw37REibCqQ9C11","preKeyId":11978099}}},"version":"v1"}