{"_sessions":{"BdIyIKgI7FIlgbkeL7zqyURGk49GFN9Qokz5+FkuKiVt":{"registrationId":1273003548,"currentRatchet":{"ephemeralKeyPair":{"pubKey":"BaLOw69eFsh7Cpcoz908cpgZlwFrY+0synYtAJR07Ox0","privKey":"kPKM/TrCrmfQgrPYvslgsqBbenjveE6aHcKi71wXI1A="},"lastRemoteEphemeralKey":"BV8CpEx1eWWWpUyyMmkumAPv/JYT/50w7yxSsk9wWl8v","previousCounter":0,"rootKey":"/21OIDFlRldV70CvHLEI1gJbWHALprrKJRq3rTaAnHU="},"indexInfo":{"baseKey":"BdIyIKgI7FIlgbkeL7zqyURGk49GFN9Qokz5+FkuKiVt","baseKeyType":1,"closed":-1,"used":1684254362316,"created":1684254362316,"remoteIdentityKey":"BbiNXar04BwkY2eglxq0ntHEwrQXzbwlBoiLc5woHcAj"},"_chains":{"BaLOw69eFsh7Cpcoz908cpgZlwFrY+0synYtAJR07Ox0":{"chainKey":{"counter":6,"key":"KrWR12ku7EZ64t+kmb02I+uinui3duakeSCjDTFRJUI="},"chainType":1,"messageKeys":{}}},"pendingPreKey":{"signedKeyId":1,"baseKey":"BdIyIKgI7FIlgbkeL7zqyURGk49GFN9Qokz5+FkuKiVt","preKeyId":12670993}}},"version":"v1"}