{"_sessions":{"BagXkAdPQ+X1ewLnnizRUXe73DUDyrhegfjXplxFdGMW":{"registrationId":93,"currentRatchet":{"ephemeralKeyPair":{"pubKey":"BU1Kuoq6cEWhlz2X8RtSo071GJTs+/La6xz3ZOt11zoR","privKey":"yGfA5OlefQ5YSh0VqBXhw/EfviRVc5fmwMAbIyivz08="},"lastRemoteEphemeralKey":"BbFGng5BEi0ycyj7IbrH7+eLeLz2Y5dS1yFe/E448jIQ","previousCounter":0,"rootKey":"XvE2ZI7me2yiJinsuTxDDP1gsK9QDRE1VnwxhyaBYds="},"indexInfo":{"baseKey":"BagXkAdPQ+X1ewLnnizRUXe73DUDyrhegfjXplxFdGMW","baseKeyType":1,"closed":-1,"used":1684320406218,"created":1684320406218,"remoteIdentityKey":"BWEmgDxo0tWZ86jimhxaC2Bt73XSgU4PSNiJvgHBH55S"},"_chains":{"BU1Kuoq6cEWhlz2X8RtSo071GJTs+/La6xz3ZOt11zoR":{"chainKey":{"counter":0,"key":"Zsw0pkV9ZeIT1d5AbSMtqtWxiaodMTzOSjkjtkJ1dy0="},"chainType":1,"messageKeys":{}}},"pendingPreKey":{"signedKeyId":1,"baseKey":"BagXkAdPQ+X1ewLnnizRUXe73DUDyrhegfjXplxFdGMW"}}},"version":"v1"}