{"_sessions":{"BW+x7FD00xr+3vkCHCV1ZlVAaihXubEnJ7/LiKRo4V9C":{"registrationId":700886798,"currentRatchet":{"ephemeralKeyPair":{"pubKey":"BVb5bZg0yU4p7ZxhCB7F6YEdIV9gSDLGGz+N4bEQ66Ny","privKey":"eOAhAoRjQGSPcHNocAlZuRaC1eKqpjDGkDJJErn1MkY="},"lastRemoteEphemeralKey":"BbgDMptrn8vSWVguH9jjm+Q6Lhq4dprX3peTqjAzgtUG","previousCounter":0,"rootKey":"wyBnFygEBliqEragLc4ud8XiYz3CpmimRir2Jqe7uXY="},"indexInfo":{"baseKey":"BW+x7FD00xr+3vkCHCV1ZlVAaihXubEnJ7/LiKRo4V9C","baseKeyType":1,"closed":-1,"used":1684320406688,"created":1684320406688,"remoteIdentityKey":"BU45JJpxi3v487k227AV3xV16ePKs6HF09Omqw1DnbxN"},"_chains":{"BVb5bZg0yU4p7ZxhCB7F6YEdIV9gSDLGGz+N4bEQ66Ny":{"chainKey":{"counter":0,"key":"0pZuWs15zesqtbdcgfPTcIA+u4li/Xi5TANvTcgyAsw="},"chainType":1,"messageKeys":{}}},"pendingPreKey":{"signedKeyId":2,"baseKey":"BW+x7FD00xr+3vkCHCV1ZlVAaihXubEnJ7/LiKRo4V9C","preKeyId":12189452}}},"version":"v1"}