{"_sessions":{"BUYwolNbscBK9aKrx/3E3GA93BREA564kzEGSBqZgo0o":{"registrationId":478634356,"currentRatchet":{"ephemeralKeyPair":{"pubKey":"BaUcQbzOL6Wm+OvKbEjQffL24lILllrhV2vhIaXx788I","privKey":"CGWiSGjafBiQOBK6XysThRSQjK77mg8Yf5UD/dpE024="},"lastRemoteEphemeralKey":"BY/snrYnRUkhQM8X859IfyMECHZXd1byU0ghdYRjQNAB","previousCounter":0,"rootKey":"oVbbAznoGENorl9JjzWuUYTdF21pIVdxkSCVlvfu5E4="},"indexInfo":{"baseKey":"BUYwolNbscBK9aKrx/3E3GA93BREA564kzEGSBqZgo0o","baseKeyType":1,"closed":-1,"used":1684320406502,"created":1684320406502,"remoteIdentityKey":"BYQ3ce/2SQIHU2Pw+Wwv02WE6Dh6afGk8HH2SZ0K5nBK"},"_chains":{"BaUcQbzOL6Wm+OvKbEjQffL24lILllrhV2vhIaXx788I":{"chainKey":{"counter":0,"key":"cWl6ZQSzHSLKs9uV8/DlZkxwpa8SfJYspihiAdeeFvI="},"chainType":1,"messageKeys":{}}},"pendingPreKey":{"signedKeyId":10,"baseKey":"BUYwolNbscBK9aKrx/3E3GA93BREA564kzEGSBqZgo0o"}}},"version":"v1"}