{"_sessions":{"BYvowPMJcfU/ii9bwnaoBiZKNFFpziFJEBc40xJ8sNol":{"registrationId":10622,"currentRatchet":{"ephemeralKeyPair":{"pubKey":"BTvbKlaTOsl31y4qNrPy1mit3IiK6HSq0dUQ0/WsaDYT","privKey":"kHF7MF3nSvWWvXaiYMYynbLKAMWp51UcjNB0BXa45l0="},"lastRemoteEphemeralKey":"BZFadALbtdBDjuJZDC3Vd8H8cM8CvjyfojDAwXeXGPwZ","previousCounter":0,"rootKey":"kFvhZpj/QwqI6B2pitQu8gSKNyq7hbQSHhmjXIBvtz4="},"indexInfo":{"baseKey":"BYvowPMJcfU/ii9bwnaoBiZKNFFpziFJEBc40xJ8sNol","baseKeyType":1,"closed":-1,"used":1684254361754,"created":1684254361754,"remoteIdentityKey":"BYF4nnXxbabCaJVHRhr/my8g9VrR+3t2uz3c7lPpNMxu"},"_chains":{"BTvbKlaTOsl31y4qNrPy1mit3IiK6HSq0dUQ0/WsaDYT":{"chainKey":{"counter":6,"key":"fRWn+G0O5ok/YsvsaFbv3RSFl2AiHQViWfmYFPeSDOs="},"chainType":1,"messageKeys":{}}},"pendingPreKey":{"signedKeyId":1,"baseKey":"BYvowPMJcfU/ii9bwnaoBiZKNFFpziFJEBc40xJ8sNol","preKeyId":101}}},"version":"v1"}