{"_sessions":{"BVaZCtJpluTD2vwoqG96DC7XAwbCGk8CxAjhw8Afzjl9":{"registrationId":1658241535,"currentRatchet":{"ephemeralKeyPair":{"pubKey":"BUFSdvDwn9jQ7HogBhX8Za4zmhsGHRBMXPTpwZVIxMkR","privKey":"uMwDFnbnQ9D5WLeNuZ7EnoCNqUe0FivBudPxb52kfEw="},"lastRemoteEphemeralKey":"BTTfPkTQSNgW4s79qORaeIEt3jOL7yGQSUiDUAXaRm5m","previousCounter":0,"rootKey":"HO3FxwdToaJ/RPLhIn7vWOozMV9nV/vZ/j7t4uyFf5k="},"indexInfo":{"baseKey":"BVaZCtJpluTD2vwoqG96DC7XAwbCGk8CxAjhw8Afzjl9","baseKeyType":1,"closed":-1,"used":1684320407125,"created":1684320407125,"remoteIdentityKey":"BQAB45PVXwzUgWzqBB6mon915GTgFnyX8Aay6h+ebMlz"},"_chains":{"BUFSdvDwn9jQ7HogBhX8Za4zmhsGHRBMXPTpwZVIxMkR":{"chainKey":{"counter":0,"key":"WBneKC6QEjOP4IJpiAHqFmrHncRLsxDTpdgKN5y2P7o="},"chainType":1,"messageKeys":{}}},"pendingPreKey":{"signedKeyId":1,"baseKey":"BVaZCtJpluTD2vwoqG96DC7XAwbCGk8CxAjhw8Afzjl9","preKeyId":2309140}}},"version":"v1"}