{"_sessions":{"Bc4JeoMcTCdDwcLVzR9uAc8AqH2qeoc23MIIAvLYcIVF":{"registrationId":531964315,"currentRatchet":{"ephemeralKeyPair":{"pubKey":"Ba3LjmED8yQbfaeEDboj18lvnqrhInBxe46Xnx6MxJFz","privKey":"APKD6aGaJ0yDrvK1ByibP9oM1YgIfTlntXSItnqdB24="},"lastRemoteEphemeralKey":"BYvMkgiJQPlLH3WmsLiuz6VdIviIml2cluttywXDPeVy","previousCounter":0,"rootKey":"T2LF3CsrDpl1OQR9dGozHXppCflY8YhqsDowEAUPgnM="},"indexInfo":{"baseKey":"Bc4JeoMcTCdDwcLVzR9uAc8AqH2qeoc23MIIAvLYcIVF","baseKeyType":1,"closed":-1,"used":1684320406535,"created":1684320406535,"remoteIdentityKey":"BZEtoPwI84W21DRL74KgxRmPfheKaovlZfjXzcpBJ+50"},"_chains":{"Ba3LjmED8yQbfaeEDboj18lvnqrhInBxe46Xnx6MxJFz":{"chainKey":{"counter":0,"key":"+JXR2xZmQ0MGERD0+rCT4ndq6XwFYUQrzIEaN0gUzHc="},"chainType":1,"messageKeys":{}}},"pendingPreKey":{"signedKeyId":8,"baseKey":"Bc4JeoMcTCdDwcLVzR9uAc8AqH2qeoc23MIIAvLYcIVF","preKeyId":5332244}}},"version":"v1"}