{"_sessions":{"Bd24qimIpuvF3QwtvM7d/1i+8nsrUkxRcuGjuGPYSAEC":{"registrationId":12339,"currentRatchet":{"ephemeralKeyPair":{"pubKey":"BZQrPdIQ4dQUqGD1VNoC5pdmuX+rMaQoxFuAIdl5nFRc","privKey":"OOC8Qdqq3DHLk4pz2o28Q84s63qOiFDwEZJYnamLiXE="},"lastRemoteEphemeralKey":"BW8a5jVA9xRJY+khJTGOvLk6l7Rwm7/3sdZ8SQHERyUk","previousCounter":0,"rootKey":"WSZfYHomjU6QzHpEDcKSgmBZ87IjZsO8kTIrg5lFwRk="},"indexInfo":{"baseKey":"Bd24qimIpuvF3QwtvM7d/1i+8nsrUkxRcuGjuGPYSAEC","baseKeyType":1,"closed":-1,"used":1684254361741,"created":1684254361741,"remoteIdentityKey":"BSYUpp1bDd7KddN6ok7R4GQ03V09MrQJNcAmxxATNLVx"},"_chains":{"BZQrPdIQ4dQUqGD1VNoC5pdmuX+rMaQoxFuAIdl5nFRc":{"chainKey":{"counter":6,"key":"mAyxVNFkIq/5wTpV4lyH/lOlr6N7P5lgVDOwaqEpzDw="},"chainType":1,"messageKeys":{}}},"pendingPreKey":{"signedKeyId":1,"baseKey":"Bd24qimIpuvF3QwtvM7d/1i+8nsrUkxRcuGjuGPYSAEC","preKeyId":74}}},"version":"v1"}