{"_sessions":{"BYSWxu007w61IuCohN5exNpcnCa29gj2c40om4YJ0rEY":{"registrationId":2136858661,"currentRatchet":{"ephemeralKeyPair":{"pubKey":"BVOjq50DniejOrb5wnGxtTKOGgbE1BDIkfs0sGQ/7pst","privKey":"2O+ukS0Vf0OHUj2OH7M75+75kZXa+zuR+HcJt4d1jU4="},"lastRemoteEphemeralKey":"BczTkDEJdvla3r2VX4pzb9pZL7DjtsyW/u65pVV1LBdX","previousCounter":0,"rootKey":"oN2c8W+05dATSTED53NIQ+LMo24V5Bdw+G17EWVS7L4="},"indexInfo":{"baseKey":"BYSWxu007w61IuCohN5exNpcnCa29gj2c40om4YJ0rEY","baseKeyType":1,"closed":-1,"used":1684254362489,"created":1684254362489,"remoteIdentityKey":"Be0tFDP3wuZoGxCShgSISN6e3j//5l8VN8GbTnV4+Rs9"},"_chains":{"BVOjq50DniejOrb5wnGxtTKOGgbE1BDIkfs0sGQ/7pst":{"chainKey":{"counter":6,"key":"MUqBXYWIiqpgWaTbgysYszKF9vz94ATpV3uVdMYe6dk="},"chainType":1,"messageKeys":{}}},"pendingPreKey":{"signedKeyId":6,"baseKey":"BYSWxu007w61IuCohN5exNpcnCa29gj2c40om4YJ0rEY","preKeyId":6467465}}},"version":"v1"}