{"_sessions":{"Bcg55lNwsubN8qVv0NtDR+WbeX9lXLw2Er+vZ+YguY41":{"registrationId":352325017,"currentRatchet":{"ephemeralKeyPair":{"pubKey":"BQOii9VgcsKACNVmp+AS6Z7cxItjLIpWGYixT/UOMYs6","privKey":"iDihe7c/10zTSxTG2YzxNC3/yzA69yzeaDzHhkcl/U8="},"lastRemoteEphemeralKey":"Bfyw7990+PkzDnZX6konf6vA8eKGk1WHB0g0/1bCr6YZ","previousCounter":0,"rootKey":"6XPtcU7XTEVYzt+azCdxyabeiE/7DzH8Oxdg4HpISYU="},"indexInfo":{"baseKey":"Bcg55lNwsubN8qVv0NtDR+WbeX9lXLw2Er+vZ+YguY41","baseKeyType":1,"closed":-1,"used":1684321300577,"created":1684320406524,"remoteIdentityKey":"Bb+oBtVsMOze2488K9emOOlV4NtnrSGD4XoF3p+n/TxS"},"_chains":{"Bfyw7990+PkzDnZX6konf6vA8eKGk1WHB0g0/1bCr6YZ":{"chainKey":{"counter":0,"key":"fsNXSMyVrr+yUtBYaX92Rg1ijceXEYtM//BsBwy5ahA="},"chainType":2,"messageKeys":{}},"BQOii9VgcsKACNVmp+AS6Z7cxItjLIpWGYixT/UOMYs6":{"chainKey":{"counter":-1,"key":"CKz3YyGZqLYSkcIPp1JDw76Vnm5KU18ezhhI+Uini+U="},"chainType":1,"messageKeys":{}}}}},"version":"v1"}