{"_sessions":{"BSQXC8UJ6AX/a0Dii8jHWzwYse0oewmZM4QsU4CJRrQq":{"registrationId":1049769774,"currentRatchet":{"ephemeralKeyPair":{"pubKey":"BdAYboTDw46f74iv1ddcdDRLxiWFJWCGoliuPm1OSAlZ","privKey":"gChF2DGr3WWGxp/gdzwmleUdu59MSw7sRmAVr7nwiWI="},"lastRemoteEphemeralKey":"BXSU/a5vQcsyEZsOEvx7+x0CNTRFil01z8l8QyYwUZFI","previousCounter":0,"rootKey":"EYWAwEesevOBAsin9JdhL72hp1Y+5u9Cc94DsJdiVXI="},"indexInfo":{"baseKey":"BSQXC8UJ6AX/a0Dii8jHWzwYse0oewmZM4QsU4CJRrQq","baseKeyType":1,"closed":-1,"used":1684320407410,"created":1684320407410,"remoteIdentityKey":"BeNSSJli0QBRuxODxTVYuM2X2YR2mUv/2BpOPeR/ilBc"},"_chains":{"BdAYboTDw46f74iv1ddcdDRLxiWFJWCGoliuPm1OSAlZ":{"chainKey":{"counter":0,"key":"o7CDf5/wbElcpWy6bCmkz2XvH2MItb/fJeh+Ktz44kk="},"chainType":1,"messageKeys":{}}},"pendingPreKey":{"signedKeyId":26,"baseKey":"BSQXC8UJ6AX/a0Dii8jHWzwYse0oewmZM4QsU4CJRrQq"}}},"version":"v1"}