{"_sessions":{"BSuS75LljJyF7rA9/adZYjKhC+Ag6+mM4Bgso4ALXDg5":{"registrationId":1176797783,"currentRatchet":{"ephemeralKeyPair":{"pubKey":"BfPn2eiZmSyp4g/C4SnuipZpCUOIv5ePJmAhOHQqna0o","privKey":"oAVGUUUlPDVnSJ/YJeossTcsdXbzU97bmNBEJGqLMXo="},"lastRemoteEphemeralKey":"BVcMthuHXgPY0qvU7uhIiEOqbplSAv3oo3qGnpbO098m","previousCounter":0,"rootKey":"NhxLJGvXZ1Cun8u3hYKpzv/T07u1Pa0+wU8yuUXch5U="},"indexInfo":{"baseKey":"BSuS75LljJyF7rA9/adZYjKhC+Ag6+mM4Bgso4ALXDg5","baseKeyType":1,"closed":-1,"used":1684320407021,"created":1684320407021,"remoteIdentityKey":"BdcGROU8jt/fxzoYYv8A3O8C/zNHOoWnSxZtZnwLs0hr"},"_chains":{"BfPn2eiZmSyp4g/C4SnuipZpCUOIv5ePJmAhOHQqna0o":{"chainKey":{"counter":0,"key":"scycZc+cRwpEcXiHgoTtn0NoxUeYrnH8PLWPaghuOuo="},"chainType":1,"messageKeys":{}}},"pendingPreKey":{"signedKeyId":0,"baseKey":"BSuS75LljJyF7rA9/adZYjKhC+Ag6+mM4Bgso4ALXDg5","preKeyId":13053138}}},"version":"v1"}