{"_sessions":{"BdOcZXxK0Y8h33e49aBv5UdsQzDiAVqFeIDqcwyNwqQz":{"registrationId":870160115,"currentRatchet":{"ephemeralKeyPair":{"pubKey":"BWvsuaKVy7U0JEW30dFXSNyPnkParH2bA081KujrSyFp","privKey":"6NXNu6KPed7anckYiVMTPef3lL3O7DKiMWSdlgidY2g="},"lastRemoteEphemeralKey":"BQ9FFnX6MJlsReAws4Ud8Dllm+bNwoy1+CAPO49Rj2gg","previousCounter":6,"rootKey":"I8dLid5if2b84g7M/pgdLyA1NsVaEX27yxWewnKreTc="},"indexInfo":{"baseKey":"BdOcZXxK0Y8h33e49aBv5UdsQzDiAVqFeIDqcwyNwqQz","baseKeyType":1,"closed":-1,"used":1684320201155,"created":1684254362306,"remoteIdentityKey":"BaF8Myc0u+5Yy12u51sy4/zwXg+qGlV0SJhAv6mm/GtT"},"_chains":{"BQ9FFnX6MJlsReAws4Ud8Dllm+bNwoy1+CAPO49Rj2gg":{"chainKey":{"counter":0,"key":"MrZZa6TBRRakUbbd2DgzZJyImZah9RuVuiTqEkUobRU="},"chainType":2,"messageKeys":{}},"BWvsuaKVy7U0JEW30dFXSNyPnkParH2bA081KujrSyFp":{"chainKey":{"counter":-1,"key":"OysDOq+h+ormTzsYF4VvG3gLWsLw7rn26nPjWsEkGWk="},"chainType":1,"messageKeys":{}}}}},"version":"v1"}