{"_sessions":{"Bb4dvSyZOQ9/0PdHx29tn2Malkf6/IvI3tLAB6+AzotL":{"registrationId":1506462366,"currentRatchet":{"ephemeralKeyPair":{"pubKey":"BTKCehApWbUQnBqhMKvLuLNzCr99UVvbMQjQtXlCkhlr","privKey":"CIhDGtSaHEWXsbwU8y9dP7EmMVAjTDnUckGlTaZbKUY="},"lastRemoteEphemeralKey":"BUs6CtAJka9oBdOuzc0SO/zPN0hW+5+vBLblJsQZNF4x","previousCounter":0,"rootKey":"nwghPgDFkzU0t4vVN0KbwqxcuMtBdGs84L2XrpbgvzY="},"indexInfo":{"baseKey":"Bb4dvSyZOQ9/0PdHx29tn2Malkf6/IvI3tLAB6+AzotL","baseKeyType":1,"closed":-1,"used":1684320406668,"created":1684320406668,"remoteIdentityKey":"Be1/KVIDHvnz6caxiKlTbaftm88tpcoPaDnkedIir1IM"},"_chains":{"BTKCehApWbUQnBqhMKvLuLNzCr99UVvbMQjQtXlCkhlr":{"chainKey":{"counter":0,"key":"KCMp5ofG74I3gfRGyRhUs7PeQdSflEx1hEKlNcBM65E="},"chainType":1,"messageKeys":{}}},"pendingPreKey":{"signedKeyId":6,"baseKey":"Bb4dvSyZOQ9/0PdHx29tn2Malkf6/IvI3tLAB6+AzotL","preKeyId":12529824}}},"version":"v1"}