{"_sessions":{"BfTrYwbSGKU1P1XOkw9FSOl22PXQUdAi/6CGT0LkdVY9":{"registrationId":651844263,"currentRatchet":{"ephemeralKeyPair":{"pubKey":"BU7yDmvxyHlhgpwwVuD4p7VMeeLiwLDamAYwsn0VE4V7","privKey":"QG7vmgM2w74HVPmk7EDc/Nn1nu2znRtVgvJE1LXFWV0="},"lastRemoteEphemeralKey":"BT3W4HZWcOhb0BKR1+t04xn3iVcV1JluWSDRUFpTxIh7","previousCounter":0,"rootKey":"SL7eXasaC9ooUmuVR3PdbG84WGnCxirSTrUyCX3GvBM="},"indexInfo":{"baseKey":"BfTrYwbSGKU1P1XOkw9FSOl22PXQUdAi/6CGT0LkdVY9","baseKeyType":1,"closed":-1,"used":1684254361939,"created":1684254361939,"remoteIdentityKey":"BbDUapMlgCt6pjrk4WaePkveZgi3cHtVHztQxAJomm1u"},"_chains":{"BU7yDmvxyHlhgpwwVuD4p7VMeeLiwLDamAYwsn0VE4V7":{"chainKey":{"counter":6,"key":"idgQyVeccx/H4q/UlvgD6XF6BXXtX3N8pVfqAy4p1eU="},"chainType":1,"messageKeys":{}}},"pendingPreKey":{"signedKeyId":3,"baseKey":"BfTrYwbSGKU1P1XOkw9FSOl22PXQUdAi/6CGT0LkdVY9","preKeyId":14313934}}},"version":"v1"}