{"_sessions":{"BbF1U5Cw6H3yycFyXGMHYtN2V5CLWZsO6OGUBa0zPvRl":{"registrationId":2097217489,"currentRatchet":{"ephemeralKeyPair":{"pubKey":"BSmFRDvJmDuprv7nT+HRwoQI6ZdgxxbxbbMkPNpdrFpn","privKey":"GMhIJCB5CKN7LM8itb/ffxfkrmQvSBOlw9WMkGEixHs="},"lastRemoteEphemeralKey":"BezjyaGwFQnsLYXzBtGcutY5Ee3SYdIwLdDC1FAZDgtD","previousCounter":0,"rootKey":"qQneAnngTVEtgVGdgy2aG562fIQmg/F1F0psSZ0U2Mg="},"indexInfo":{"baseKey":"BbF1U5Cw6H3yycFyXGMHYtN2V5CLWZsO6OGUBa0zPvRl","baseKeyType":1,"closed":-1,"used":1684320407174,"created":1684320407174,"remoteIdentityKey":"BYJJMRa9dWkTYWkU46Qy1Z8k1lo39igwAA1NYGC2SXc1"},"_chains":{"BSmFRDvJmDuprv7nT+HRwoQI6ZdgxxbxbbMkPNpdrFpn":{"chainKey":{"counter":0,"key":"r/pvX14rtzPzzpfbEucKuQveG3lMj7jlVQNFo0g4A0Q="},"chainType":1,"messageKeys":{}}},"pendingPreKey":{"signedKeyId":5,"baseKey":"BbF1U5Cw6H3yycFyXGMHYtN2V5CLWZsO6OGUBa0zPvRl","preKeyId":793177}}},"version":"v1"}