{"_sessions":{"BfqeSBN3dFK4eI7TPHBSq3OY0ZbKWCWgOM01Vs0rPcVS":{"registrationId":1226341852,"currentRatchet":{"ephemeralKeyPair":{"pubKey":"BfDBBtEHE9NeqV6gLqkaknWGTPDWzCEX7Z6sMN7Lq2gR","privKey":"OBqHrssOFKiIdAqWHKHcC2DdfUO8uSrlfNxCvGWtRFU="},"lastRemoteEphemeralKey":"BSgwnFza3thqJKx/7jKeG84XfAFlFFLaeZu9iBbi5hcR","previousCounter":0,"rootKey":"OFTRMjfFxnddJCuge9gQ0l/0HGlEfUP6+wayH8zA7GY="},"indexInfo":{"baseKey":"BfqeSBN3dFK4eI7TPHBSq3OY0ZbKWCWgOM01Vs0rPcVS","baseKeyType":1,"closed":-1,"used":1684254362266,"created":1684254362266,"remoteIdentityKey":"BY3UkuzOi8l1bqpLmAhIBwuHaEL4H+pQtVyHvevo+9pX"},"_chains":{"BfDBBtEHE9NeqV6gLqkaknWGTPDWzCEX7Z6sMN7Lq2gR":{"chainKey":{"counter":6,"key":"NxHtsNGbRVCX+Z3oHNGl+LsJme8LOoCJuVqb5eRiqBg="},"chainType":1,"messageKeys":{}}},"pendingPreKey":{"signedKeyId":0,"baseKey":"BfqeSBN3dFK4eI7TPHBSq3OY0ZbKWCWgOM01Vs0rPcVS","preKeyId":5754096}}},"version":"v1"}