{"_sessions":{"BZvCn3W7lh40iD7rHlZGciHrg55K+4NcOJzUeS58mdxx":{"registrationId":1732402507,"currentRatchet":{"ephemeralKeyPair":{"pubKey":"BZCTSd273Gwf5MxuyN1waRMbxbpz3NC9vkEtRYJ1vlgb","privKey":"WOfHJxGIKJ27nQ4lseMJOrGeKgX4tKEQPiZCz/p8iWk="},"lastRemoteEphemeralKey":"BVp+qsfQ31CnuHrw8dOSPDwPfY8PtdLEtKdVnaX/k/oX","previousCounter":0,"rootKey":"4QCF2X94BhejAxJi94lneDrqNCNPBr1ycrRIkGBHzcQ="},"indexInfo":{"baseKey":"BZvCn3W7lh40iD7rHlZGciHrg55K+4NcOJzUeS58mdxx","baseKeyType":1,"closed":-1,"used":1684254361969,"created":1684254361969,"remoteIdentityKey":"Ba5g7+aRRKnG6dw3OtqPrH9VTGiIHBON9w1kjGgGClVZ"},"_chains":{"BZCTSd273Gwf5MxuyN1waRMbxbpz3NC9vkEtRYJ1vlgb":{"chainKey":{"counter":6,"key":"mFPZ3XGH7T1VhjfQjrr+oG4mwwJtU2vK/+XszCHW018="},"chainType":1,"messageKeys":{}}},"pendingPreKey":{"signedKeyId":2,"baseKey":"BZvCn3W7lh40iD7rHlZGciHrg55K+4NcOJzUeS58mdxx","preKeyId":9076843}}},"version":"v1"}