{"_sessions":{"BaqDEo4bIGqSSipE2TrNrJR8jA4xgJhABrGkCQbz9CtA":{"registrationId":1793476887,"currentRatchet":{"ephemeralKeyPair":{"pubKey":"BQPVQ6aY6Q3od9K5nrH7bVoP78v5/oeO4rf+Vbt9yAcT","privKey":"QFaMBbF3C4HBBVn6Yel/sy7YelyAGz312tNG2wtCy08="},"lastRemoteEphemeralKey":"BbVgxt8oBKpj8FKp+u9wbtG9RpiDF8gK+BEp24bgC1oG","previousCounter":0,"rootKey":"dcTisbpOG7ZKgABwElHTVj+9ZcLqqByTljIJigxk2gg="},"indexInfo":{"baseKey":"BaqDEo4bIGqSSipE2TrNrJR8jA4xgJhABrGkCQbz9CtA","baseKeyType":1,"closed":-1,"used":1684254362345,"created":1684254362345,"remoteIdentityKey":"BSkNL9U1zbxOr1kv/at624Mdbx5sH9DPwatL/97tEBZg"},"_chains":{"BQPVQ6aY6Q3od9K5nrH7bVoP78v5/oeO4rf+Vbt9yAcT":{"chainKey":{"counter":6,"key":"9j7rpFwP996UgJRm1Z6enYOZjmAxpN4oe159A63/huA="},"chainType":1,"messageKeys":{}}},"pendingPreKey":{"signedKeyId":2,"baseKey":"BaqDEo4bIGqSSipE2TrNrJR8jA4xgJhABrGkCQbz9CtA","preKeyId":3953173}}},"version":"v1"}