{"_sessions":{"BdfVm79snO1EMiGJ3F25lA1MWWB1E8wcG6YfTfPuuJ55":{"registrationId":374427323,"currentRatchet":{"ephemeralKeyPair":{"pubKey":"BTU1/W1ty5Br0MkKUOiOMlsO6MMlmRjLizCiwYyj+eso","privKey":"AAxu5s+l4/uy3AxJsLvZN2gkhibaPWQB8K+kqdWal1g="},"lastRemoteEphemeralKey":"BXw5PZyMEQshH57LyU44kVNuOBd/M1gveJ2hTFyDjqEP","previousCounter":0,"rootKey":"S21kXRUTorhjw8B9Zvp0mKuJyPL4qLgbIAQew+FA5dI="},"indexInfo":{"baseKey":"BdfVm79snO1EMiGJ3F25lA1MWWB1E8wcG6YfTfPuuJ55","baseKeyType":1,"closed":-1,"used":1684254362237,"created":1684254362237,"remoteIdentityKey":"BZlTtC3a4I2FT+vsITpWrhUE74079UxzapCwN13VXzR2"},"_chains":{"BTU1/W1ty5Br0MkKUOiOMlsO6MMlmRjLizCiwYyj+eso":{"chainKey":{"counter":6,"key":"j7pySLD+f47FN/8ISrDgMsNDXKcuxmyq9zWtmCUdYns="},"chainType":1,"messageKeys":{}}},"pendingPreKey":{"signedKeyId":1,"baseKey":"BdfVm79snO1EMiGJ3F25lA1MWWB1E8wcG6YfTfPuuJ55","preKeyId":14352254}}},"version":"v1"}