{"_sessions":{"BVOQg9Ct/Y+X3/UbflePH5lBLMZ1oSrSFu9Yr9qiZnlG":{"registrationId":434609497,"currentRatchet":{"ephemeralKeyPair":{"pubKey":"BT0apLjMgPD9jbIEf7riYRJVCs3MLlVqHbuyhobmMspM","privKey":"GIDFt1u9QqDi4c63Y+DcQAh7aFMaadqoTYrrBjh/imE="},"lastRemoteEphemeralKey":"BXs2EXAUUD75pHona1IKKzD6MonL1016Z6w/lUozseND","previousCounter":0,"rootKey":"ADG0c5vr23auLXPgvPew2fjqZDk/DdC8QYT4vZCZ2DY="},"indexInfo":{"baseKey":"BVOQg9Ct/Y+X3/UbflePH5lBLMZ1oSrSFu9Yr9qiZnlG","baseKeyType":1,"closed":-1,"used":1684254362174,"created":1684254362174,"remoteIdentityKey":"BTEB3LSTzjMWNT7z5BoDInC6Vl7u8YgXC4j8jxzYjSoZ"},"_chains":{"BT0apLjMgPD9jbIEf7riYRJVCs3MLlVqHbuyhobmMspM":{"chainKey":{"counter":6,"key":"mLa3C6MZqxhXkVwdCi70hP1kyWLkz1IpJhCOGj0GPa8="},"chainType":1,"messageKeys":{}}},"pendingPreKey":{"signedKeyId":3,"baseKey":"BVOQg9Ct/Y+X3/UbflePH5lBLMZ1oSrSFu9Yr9qiZnlG","preKeyId":11921309}}},"version":"v1"}