{"_sessions":{"BZYbJjHO95ifOXQEp3luCTHzQOP+Qv6r7oRl35Fwtxl4":{"registrationId":345645484,"currentRatchet":{"ephemeralKeyPair":{"pubKey":"Bb+vd1DvzgGixHM+hTiR//15BkijWpHR9NboCkQflIpJ","privKey":"UN5p89NaxwJBEuFPmYIngXqjTFLTn6/Vv1LH9zmIomE="},"lastRemoteEphemeralKey":"BSpjZjQmhGXCngPYqZ6TbnNv/DyaLRzCUDMJr70tRj04","previousCounter":0,"rootKey":"K22uifps2ckO2MxyFVRlmZuPAsdzLIIQmiABHXVKzrY="},"indexInfo":{"baseKey":"BZYbJjHO95ifOXQEp3luCTHzQOP+Qv6r7oRl35Fwtxl4","baseKeyType":1,"closed":-1,"used":1684320407262,"created":1684320407262,"remoteIdentityKey":"BSffedq/4hXABtxnTZXSTJc7PRqphOQ0/ifvHBrsUWMf"},"_chains":{"Bb+vd1DvzgGixHM+hTiR//15BkijWpHR9NboCkQflIpJ":{"chainKey":{"counter":0,"key":"btZftHdLRAbw0PRaWQDmDSVOzNzx8daUzqASnHsKhKA="},"chainType":1,"messageKeys":{}}},"pendingPreKey":{"signedKeyId":27,"baseKey":"BZYbJjHO95ifOXQEp3luCTHzQOP+Qv6r7oRl35Fwtxl4","preKeyId":1407464}}},"version":"v1"}