{"_sessions":{"Ba6GLuIqRvvrUBS1EfaYUwaI6owg2KOZ5fX6f29RlYhq":{"registrationId":577097477,"currentRatchet":{"ephemeralKeyPair":{"pubKey":"BV6XVTdCsHm+almOiS+KRP6L+EdCc7Sn4yYRmv5dvIdr","privKey":"WMDFY7RYxYUdnW7UdYQqWbsHv6Hb1HBzB66sqtjiEX4="},"lastRemoteEphemeralKey":"BfbBMzhTuO3WELwb57wOw3NqjbeuQGBgdnHtPYqdAbcn","previousCounter":0,"rootKey":"7eaWwv+jjmCPc5DQjMALULfNJ6U3CRTElxvry5038Ss="},"indexInfo":{"baseKey":"Ba6GLuIqRvvrUBS1EfaYUwaI6owg2KOZ5fX6f29RlYhq","baseKeyType":1,"closed":-1,"used":1684254361864,"created":1684254361864,"remoteIdentityKey":"BTRZsi3Wro2elG/dn0Rs4wdxjdb6fclGVEiyULyyBo9S"},"_chains":{"BV6XVTdCsHm+almOiS+KRP6L+EdCc7Sn4yYRmv5dvIdr":{"chainKey":{"counter":6,"key":"Ds9iJYeXgvOFFCDYz6XfdCsKgjCkfuuuW+NUn+A78os="},"chainType":1,"messageKeys":{}}},"pendingPreKey":{"signedKeyId":135,"baseKey":"Ba6GLuIqRvvrUBS1EfaYUwaI6owg2KOZ5fX6f29RlYhq"}}},"version":"v1"}