{"_sessions":{"BW4qSQ83+I+VXDn322B/XOd+EJxrHBoOXMCwmQhFd2BX":{"registrationId":2097228625,"currentRatchet":{"ephemeralKeyPair":{"pubKey":"BTcd3t2MXlj6aKljic+MdvS4FaTicBzpQB7SHMnMfw49","privKey":"+Jq8kyz/1VTZJkd7WO6SCk9q0aKyPxRssFO1LQ0ciHA="},"lastRemoteEphemeralKey":"BS1FXZ9Q+3EMb4+RE1YHdXYdPTqO3zILhswtsksnidkD","previousCounter":0,"rootKey":"GBf3vIjpOPSmAlMjF7oTU2E+9BTTat3J1HKyWxpV65M="},"indexInfo":{"baseKey":"BW4qSQ83+I+VXDn322B/XOd+EJxrHBoOXMCwmQhFd2BX","baseKeyType":1,"closed":-1,"used":1684254362669,"created":1684254362669,"remoteIdentityKey":"BSb1Ja95xE4E8ynmul/mi36oYd3incC6rb8Gh9WY+Tdf"},"_chains":{"BTcd3t2MXlj6aKljic+MdvS4FaTicBzpQB7SHMnMfw49":{"chainKey":{"counter":6,"key":"DhgBbWHu3x6Ti7Yoeng+ZQXGYCgT+eOzHOfY06P8sZ0="},"chainType":1,"messageKeys":{}}},"pendingPreKey":{"signedKeyId":5,"baseKey":"BW4qSQ83+I+VXDn322B/XOd+EJxrHBoOXMCwmQhFd2BX","preKeyId":3271427}}},"version":"v1"}