{"_sessions":{"BSx4hLuIqupTV6oV1056diaK07BRyt4sscprtwcxKcRv":{"registrationId":6671541,"currentRatchet":{"ephemeralKeyPair":{"pubKey":"BToe9PluJEBxnvb7wzkUhG+37JBzAOoQx64HkspvpFgp","privKey":"8EtzlJBxrCgs4blhspM+9+wVq/zRrLWp6roOzCsBwnw="},"lastRemoteEphemeralKey":"BS6CV2a6BAV8G99SfUzSnk855hMTw24IAzu9Edn3w7g9","previousCounter":0,"rootKey":"b0zbnogo3meYey2uN6XKGRFnhatLjRusjL9Q9kzWjgs="},"indexInfo":{"baseKey":"BSx4hLuIqupTV6oV1056diaK07BRyt4sscprtwcxKcRv","baseKeyType":1,"closed":-1,"used":1684320406895,"created":1684320406895,"remoteIdentityKey":"BSFTAvTO2c3P6kBDqhkACxTtcUzru8d4dY6E2eEwqtI0"},"_chains":{"BToe9PluJEBxnvb7wzkUhG+37JBzAOoQx64HkspvpFgp":{"chainKey":{"counter":0,"key":"cV50Kna3vA3koH9SZCQHiFewfdV2rWS2f36VGU9nGJA="},"chainType":1,"messageKeys":{}}},"pendingPreKey":{"signedKeyId":9,"baseKey":"BSx4hLuIqupTV6oV1056diaK07BRyt4sscprtwcxKcRv","preKeyId":14540797}}},"version":"v1"}