{"_sessions":{"BSDxmvDBxNNi21gjcPhTY8rWMfobFAbOzVaLciyTg95n":{"registrationId":663494123,"currentRatchet":{"ephemeralKeyPair":{"pubKey":"BQPgG/5tcQm1DYC8l82ilbQOhZXBb8QkmFvZNP0LAkoi","privKey":"WHF5OzqkJCyezCwuL5E3wxy1aslHTXE5Z4yxdk8BwlA="},"lastRemoteEphemeralKey":"Be8ZhWFFQYiENhafEWe3U6d+klny5pC0JMHb8Bk8mZRB","previousCounter":0,"rootKey":"B3A5KvKanrCcsnmL1DG+3vMqBSD0T+X24Qd6wDwBMGc="},"indexInfo":{"baseKey":"BSDxmvDBxNNi21gjcPhTY8rWMfobFAbOzVaLciyTg95n","baseKeyType":1,"closed":-1,"used":1684320406905,"created":1684320406905,"remoteIdentityKey":"BbS+7Q2e+yWSq7XD8+egiViBmEOiSEXF7UzIHXCujcx0"},"_chains":{"BQPgG/5tcQm1DYC8l82ilbQOhZXBb8QkmFvZNP0LAkoi":{"chainKey":{"counter":0,"key":"noGv0oMjQH7t2DDxVdG6mrax6fB7/zeZDGXNYOavdYg="},"chainType":1,"messageKeys":{}}},"pendingPreKey":{"signedKeyId":5,"baseKey":"BSDxmvDBxNNi21gjcPhTY8rWMfobFAbOzVaLciyTg95n","preKeyId":7144375}}},"version":"v1"}