{"_sessions":{"BYF0wR1woxjoudMdL7YsSSVuG87eN9kG14uqgbQHePcu":{"registrationId":77131749,"currentRatchet":{"ephemeralKeyPair":{"pubKey":"BQV+OPOigkE2IOon0i9jNAfPKEoWwe4GPSCYbMsVvwh7","privKey":"UAdZJNSH2S/9Z43c/SEzg+HEznAmVZmHFhDx0vnBqlE="},"lastRemoteEphemeralKey":"BXprHV6qJQBFOvUgV/0bDUMC0rv50Qrf2PyKVaWmFgh9","previousCounter":0,"rootKey":"m1oe6I/JZvbjkK+X0Yc4A16umrWZeDpoAuOpKYTFAT4="},"indexInfo":{"baseKey":"BYF0wR1woxjoudMdL7YsSSVuG87eN9kG14uqgbQHePcu","baseKeyType":1,"closed":-1,"used":1684254362326,"created":1684254362326,"remoteIdentityKey":"BVtJcrxwNEqMLzd4qlo802kZ2BugPCh+88jGddzMt+Na"},"_chains":{"BQV+OPOigkE2IOon0i9jNAfPKEoWwe4GPSCYbMsVvwh7":{"chainKey":{"counter":6,"key":"oJaCPwTekixskBMlYWvz8p/ko8fac045ROIKRmX4t50="},"chainType":1,"messageKeys":{}}},"pendingPreKey":{"signedKeyId":13,"baseKey":"BYF0wR1woxjoudMdL7YsSSVuG87eN9kG14uqgbQHePcu","preKeyId":14513847}}},"version":"v1"}