{"_sessions":{"Ba14yxAwpZqtVUUmpv56+EWCCthgpqGKjgzUPMeO8PVj":{"registrationId":1071749256,"currentRatchet":{"ephemeralKeyPair":{"pubKey":"BZytjnVaG9pp3mecCiJJqjs19hQuFBb3NyiPd6wgpDcE","privKey":"MJW+qWTbS/2jKr9CjAZP/s8za/RVFq4zhH51y4nVUVU="},"lastRemoteEphemeralKey":"BdaQv5YifnX8g1yRwj7ay26kR643vVz+dFOC2JKA2aB9","previousCounter":0,"rootKey":"g+R6lZmZIqEaFUGyiSy17JpAPo2WA33PfVnvVP0FF0c="},"indexInfo":{"baseKey":"Ba14yxAwpZqtVUUmpv56+EWCCthgpqGKjgzUPMeO8PVj","baseKeyType":1,"closed":-1,"used":1684320406797,"created":1684320406797,"remoteIdentityKey":"BZ8coO4bdfyGetS/DU6Cj34nqwWRz58UGTmzSjAYCVJA"},"_chains":{"BZytjnVaG9pp3mecCiJJqjs19hQuFBb3NyiPd6wgpDcE":{"chainKey":{"counter":0,"key":"h6s2FvUpyR0eUQqujyP5IDHErz8B6ouko38+hOeZZ34="},"chainType":1,"messageKeys":{}}},"pendingPreKey":{"signedKeyId":4,"baseKey":"Ba14yxAwpZqtVUUmpv56+EWCCthgpqGKjgzUPMeO8PVj","preKeyId":11863459}}},"version":"v1"}