{"_sessions":{"BRsXui0exe1oS7IzLsKMjh5uErkbkcOM1SUQuHJuVSpO":{"registrationId":897237434,"currentRatchet":{"ephemeralKeyPair":{"pubKey":"BfOrATlaXhN8Sx9OfPzBBNhXAVdKGZty2eVZoZfzMHdV","privKey":"yFx1ySasVHo2qfKYsjwiCbeCzcnUw8dXlk9dHqgBikw="},"lastRemoteEphemeralKey":"BZaC2SPyTAbduPOO1JbI6+CWwyeKIPeMLl+oMBmPE+9a","previousCounter":0,"rootKey":"WtfWUdGKC3+Nu5Vs1YNuIpvuZPJeR0QJRd6a4V/sJRU="},"indexInfo":{"baseKey":"BRsXui0exe1oS7IzLsKMjh5uErkbkcOM1SUQuHJuVSpO","baseKeyType":1,"closed":-1,"used":1684320406513,"created":1684320406513,"remoteIdentityKey":"Bevm7Kbej2H2mHYtZ4HH8MfXrbV3AacJzU88oovPTR52"},"_chains":{"BfOrATlaXhN8Sx9OfPzBBNhXAVdKGZty2eVZoZfzMHdV":{"chainKey":{"counter":0,"key":"yhdxV50DZdjdzCvwI3dIlxhVXO9c9AA/TYsufhKr2CU="},"chainType":1,"messageKeys":{}}},"pendingPreKey":{"signedKeyId":1,"baseKey":"BRsXui0exe1oS7IzLsKMjh5uErkbkcOM1SUQuHJuVSpO","preKeyId":2441953}}},"version":"v1"}