{"_sessions":{"BX9YeDp4Kny1HBMRL/IqXxEJ4M+ZevN1Hr+fwG2oi9U+":{"registrationId":231666755,"currentRatchet":{"ephemeralKeyPair":{"pubKey":"BfuSr83rChHNdaacuLVhSZcnIWylGn7i1ip71Dtr925K","privKey":"iGKvXb+rktII/61f2D9rnkYPs2Lvge/7W5HtPovg03Y="},"lastRemoteEphemeralKey":"BT31Bq6D7fvIWC4qLs8aOAymEbMZBUG0fTLn18OzMRQf","previousCounter":0,"rootKey":"ttLd5PI991QduZv/pUF2oK66TfUfrib5jOOSvSmoktg="},"indexInfo":{"baseKey":"BX9YeDp4Kny1HBMRL/IqXxEJ4M+ZevN1Hr+fwG2oi9U+","baseKeyType":1,"closed":-1,"used":1684320407242,"created":1684320407242,"remoteIdentityKey":"BbWsEXMs8zr7/2d7pYRhzN6TE5sp2oLCdJWqJh3amC1B"},"_chains":{"BfuSr83rChHNdaacuLVhSZcnIWylGn7i1ip71Dtr925K":{"chainKey":{"counter":0,"key":"MleMdqCxw+frdTAOJK72qgfk7xAJyUA+0xxrRfqwEnE="},"chainType":1,"messageKeys":{}}},"pendingPreKey":{"signedKeyId":7,"baseKey":"BX9YeDp4Kny1HBMRL/IqXxEJ4M+ZevN1Hr+fwG2oi9U+","preKeyId":2077410}}},"version":"v1"}