{"_sessions":{"BVjR1NgKkizWCCJIfKWHNMU6hY3dBSCQlUTxVu8/lOoE":{"registrationId":21823127,"currentRatchet":{"ephemeralKeyPair":{"pubKey":"BZ+Mf8VCYMe6ykF3mWL6+7IWxKmQ/cBVlSACogrOoTYi","privKey":"ACTvGNom98zwFAqJ40V9lyMj+iuUoakPgnmnc+qyklA="},"lastRemoteEphemeralKey":"BftFBfVbWtAF4IA/iy/leBBc2artmZGH5j9I51RcgO0i","previousCounter":0,"rootKey":"dC6YKbrqqIjzIeuWorg4jXyQWAVopCUqvNLv5W6IUJw="},"indexInfo":{"baseKey":"BVjR1NgKkizWCCJIfKWHNMU6hY3dBSCQlUTxVu8/lOoE","baseKeyType":1,"closed":-1,"used":1684254362547,"created":1684254362547,"remoteIdentityKey":"BWUYu+Sqis7pAsL+1dmVmu2hu6VvqYeeg05Sf+91++su"},"_chains":{"BZ+Mf8VCYMe6ykF3mWL6+7IWxKmQ/cBVlSACogrOoTYi":{"chainKey":{"counter":6,"key":"SAtc0K2fStR4zb1JB5PtiK61LcOuEqYFpotmkm0eR5s="},"chainType":1,"messageKeys":{}}},"pendingPreKey":{"signedKeyId":1,"baseKey":"BVjR1NgKkizWCCJIfKWHNMU6hY3dBSCQlUTxVu8/lOoE","preKeyId":4152474}}},"version":"v1"}