{"_sessions":{"BdVlc5DTg2jdvpK6Kkyos92sNMwyNY8x/cC3fDjcvpph":{"registrationId":631628201,"currentRatchet":{"ephemeralKeyPair":{"pubKey":"BTmFbINphGb3ONCEeQCTZA5BJ9nl1L66ELQKVIHs9sA6","privKey":"4AeO+GLeYxSmXGe/g8eM6WRUIkEK3qtFXPHabc42ulc="},"lastRemoteEphemeralKey":"BYkwCNp4mSiuQmDJ31AgqQq/EFF6Ikw4seCy+ZTIDzwQ","previousCounter":0,"rootKey":"HaQCT/QqpjuiX1pluNjq/lzOAM6nTpU4nvp7d4RyfuM="},"indexInfo":{"baseKey":"BdVlc5DTg2jdvpK6Kkyos92sNMwyNY8x/cC3fDjcvpph","baseKeyType":1,"closed":-1,"used":1684320406846,"created":1684320406846,"remoteIdentityKey":"BStEZXrRNZwTJ5MEhJxT3f+aSGzVG5k/WfWBVn4SueIQ"},"_chains":{"BTmFbINphGb3ONCEeQCTZA5BJ9nl1L66ELQKVIHs9sA6":{"chainKey":{"counter":0,"key":"kY1b7eU6nFVqZKjsZ2H6tjE24Sfx2Vz5JZDza3P9AgA="},"chainType":1,"messageKeys":{}}},"pendingPreKey":{"signedKeyId":0,"baseKey":"BdVlc5DTg2jdvpK6Kkyos92sNMwyNY8x/cC3fDjcvpph","preKeyId":12120891}}},"version":"v1"}