{"_sessions":{"BUcZz7hl9lIr/Jw6rJyNiPogagVWPNbpJRpd5MkiRw4p":{"registrationId":15756,"currentRatchet":{"ephemeralKeyPair":{"pubKey":"BfNMZX+cqyi94VN7zmQq9IkrQ9Qr2PRtb8nxMUk8g7Nu","privKey":"MP+6i3y74N4sshUF1IpQ3cNY2+lkZ9J5RGBONsEynkA="},"lastRemoteEphemeralKey":"BepmiL6SzROF/h3mPdN6kKJpHRffrWS20RGy/SYzKfQT","previousCounter":0,"rootKey":"HALuYuqneLfG+i80AT+0DECOk0ZlzsJG2oosDObe8BI="},"indexInfo":{"baseKey":"BUcZz7hl9lIr/Jw6rJyNiPogagVWPNbpJRpd5MkiRw4p","baseKeyType":1,"closed":-1,"used":1684320406210,"created":1684320406210,"remoteIdentityKey":"Bafs9//cogOrMERVTOQpW+Ssh8CrVZsdTozqOASxrKxZ"},"_chains":{"BfNMZX+cqyi94VN7zmQq9IkrQ9Qr2PRtb8nxMUk8g7Nu":{"chainKey":{"counter":0,"key":"8tY0NwvtUEVrWmicSC5SrQGcW+37/ABuEYxPN0uENqU="},"chainType":1,"messageKeys":{}}},"pendingPreKey":{"signedKeyId":1,"baseKey":"BUcZz7hl9lIr/Jw6rJyNiPogagVWPNbpJRpd5MkiRw4p"}}},"version":"v1"}