{"_sessions":{"BdJ6iqenPRPKCDRcwv731TuXBVUQv/u96vGc51Xak1Qo":{"registrationId":1488807580,"currentRatchet":{"ephemeralKeyPair":{"pubKey":"BW2YxGN+K4VrGDNv8YYlwHaO34rtVkw/MO2tq0F3k1Y4","privKey":"yH/R6c2BRhe9XCmbwkHAgJdRnCdw7a/eiCng7DRe5k0="},"lastRemoteEphemeralKey":"BcWagCULhKpo03ZyDeehv+xndXqztzeoQte6Z4ID3/Ms","previousCounter":0,"rootKey":"M7Tbhyf4zu54E2C7WdD3iJ6YBC3+5wAHPYS0jfv37rQ="},"indexInfo":{"baseKey":"BdJ6iqenPRPKCDRcwv731TuXBVUQv/u96vGc51Xak1Qo","baseKeyType":1,"closed":-1,"used":1684320406934,"created":1684320406934,"remoteIdentityKey":"BZIoV1TAP35vZC+0ovKqoTz8AVpmQ0QrvqMXrIS44+II"},"_chains":{"BW2YxGN+K4VrGDNv8YYlwHaO34rtVkw/MO2tq0F3k1Y4":{"chainKey":{"counter":0,"key":"w1yEL2qxmObvY9rG0zUZq7Eqp0uZOlSAq9cCBS/6LN8="},"chainType":1,"messageKeys":{}}},"pendingPreKey":{"signedKeyId":0,"baseKey":"BdJ6iqenPRPKCDRcwv731TuXBVUQv/u96vGc51Xak1Qo","preKeyId":6561317}}},"version":"v1"}