{"_sessions":{"BVK0NBwYo9aYFvPCQYsF5nMbjvqWTadNYZ4eU18xwgsK":{"registrationId":7819,"currentRatchet":{"ephemeralKeyPair":{"pubKey":"BeuPEqHHUn7wkfSI8YLzJY+IyxvA7RFOixkzK1MPg6Jx","privKey":"+CYfYt5AvT+p6ZO5Vux0w8x9m7gmMGM3n4JaLsgLgFY="},"lastRemoteEphemeralKey":"BZ8PVh5FWScTAKlg3pNxVgUJJ3YwKAvNQsyAGptMZkQf","previousCounter":0,"rootKey":"1ywgcMLRrPJrJD64b4/VCaTyOD/ALcpqOmgYnTflrLE="},"indexInfo":{"baseKey":"BVK0NBwYo9aYFvPCQYsF5nMbjvqWTadNYZ4eU18xwgsK","baseKeyType":1,"closed":-1,"used":1684254361790,"created":1684254361790,"remoteIdentityKey":"BdUu8+BZALcGwtL7QHTx+roLd0FuZS+aY2wcADenTTRr"},"_chains":{"BeuPEqHHUn7wkfSI8YLzJY+IyxvA7RFOixkzK1MPg6Jx":{"chainKey":{"counter":6,"key":"FK/sdStMuqgQkobjHzyC8N0FNKfH3nWP5GN4Gi/fgNA="},"chainType":1,"messageKeys":{}}},"pendingPreKey":{"signedKeyId":1,"baseKey":"BVK0NBwYo9aYFvPCQYsF5nMbjvqWTadNYZ4eU18xwgsK","preKeyId":295}}},"version":"v1"}