{"_sessions":{"BZa296DL9TAfm3HxWS15xA0ru1UOP7iUDDH8VCY1j4F2":{"registrationId":2035126984,"currentRatchet":{"ephemeralKeyPair":{"pubKey":"BbBZtB64xGMPTom+DM2SoXBc4mScv6+GKr2mfVWyI+FL","privKey":"IABpL9+5Jwu8je9AdtKzaENhkxcFHN//S4rbV8yFrHQ="},"lastRemoteEphemeralKey":"BUP2jGqv0mRJHAcp6vkqJGnxoEAbt/VEk10ah9PGnAth","previousCounter":0,"rootKey":"Bpo4068pvOik80U1V4rgX2d+AAN88lXYiutAONKWCjY="},"indexInfo":{"baseKey":"BZa296DL9TAfm3HxWS15xA0ru1UOP7iUDDH8VCY1j4F2","baseKeyType":1,"closed":-1,"used":1684254362386,"created":1684254362386,"remoteIdentityKey":"BVQLmEYor6YBLg8Uhw2HD/f77kjgvXPLWpWqB0Wi2V83"},"_chains":{"BbBZtB64xGMPTom+DM2SoXBc4mScv6+GKr2mfVWyI+FL":{"chainKey":{"counter":6,"key":"toZJCnTdFCDM9SwvN50qGANzY0o9grdkZG5vATh6c34="},"chainType":1,"messageKeys":{}}},"pendingPreKey":{"signedKeyId":9,"baseKey":"BZa296DL9TAfm3HxWS15xA0ru1UOP7iUDDH8VCY1j4F2","preKeyId":14608175}}},"version":"v1"}