{"_sessions":{"BagVXcUjIn59cW1QfLQu0XGTwsAd2PVTWC8lcnaItAFT":{"registrationId":1704376179,"currentRatchet":{"ephemeralKeyPair":{"pubKey":"BX2zFWzoTy6qpkS9fyZlvU5+OVjzi6sMRQJUBAznqFUw","privKey":"OLworePwbMNjfKdBRIHoRHxn1/Ixb+21e0aZ3+x9eU4="},"lastRemoteEphemeralKey":"BUj+qbKfTSdeXHlByPTLJEhGDMrFllZDLeNHdywIkBJE","previousCounter":0,"rootKey":"GkE/XbpMOapisVA6JW4tzwhSdytw03BdZNCbGvhtfEs="},"indexInfo":{"baseKey":"BagVXcUjIn59cW1QfLQu0XGTwsAd2PVTWC8lcnaItAFT","baseKeyType":1,"closed":-1,"used":1684254362049,"created":1684254362049,"remoteIdentityKey":"BS4uBRj2kPMBBJQyH5l4jmvg0CXiCoTerIbh/bAoMxNg"},"_chains":{"BX2zFWzoTy6qpkS9fyZlvU5+OVjzi6sMRQJUBAznqFUw":{"chainKey":{"counter":6,"key":"ZEMpxRZ770qBYmwoHbuOrYxV1Q6nnBAjYjQXK62GlxA="},"chainType":1,"messageKeys":{}}},"pendingPreKey":{"signedKeyId":34,"baseKey":"BagVXcUjIn59cW1QfLQu0XGTwsAd2PVTWC8lcnaItAFT","preKeyId":6880592}}},"version":"v1"}