{"_sessions":{"BRuazxF0Y/8Bsy7y7a0TGn8E54Y4vRYn/ShX7wwduUkf":{"registrationId":728229896,"currentRatchet":{"ephemeralKeyPair":{"pubKey":"BeGIvPvC8rPgBag61lYCJwtWcgowludsQz4EIXN4BA1I","privKey":"4FxmNhAy6eO1LBXn3nEeyqeaenDtNVTPrcObjWIq7U0="},"lastRemoteEphemeralKey":"BdNLD2oVjn5fMGfcxRCO8t2DM51RcjAcxae+a1aqUIRo","previousCounter":0,"rootKey":"viIoHc2n4fVmX+YzPd9p5V0aj4Juw4/w+HwEN34Ik9k="},"indexInfo":{"baseKey":"BRuazxF0Y/8Bsy7y7a0TGn8E54Y4vRYn/ShX7wwduUkf","baseKeyType":1,"closed":-1,"used":1684321557671,"created":1684320406728,"remoteIdentityKey":"BQitum9/0oKYGRBeMyCgQjGDahvkN2iQqZWcuBCABLcm"},"_chains":{"BdNLD2oVjn5fMGfcxRCO8t2DM51RcjAcxae+a1aqUIRo":{"chainKey":{"counter":2,"key":"lHTuJXmEs0h2sNjv+7277R6Ygusc8xlzajj0P9d0Pfc="},"chainType":2,"messageKeys":{}},"BeGIvPvC8rPgBag61lYCJwtWcgowludsQz4EIXN4BA1I":{"chainKey":{"counter":-1,"key":"pxZiGaTGrco/SP58wBeEYwi2mzEPYlX6zcShaG8HzIw="},"chainType":1,"messageKeys":{}}}}},"version":"v1"}