{"_sessions":{"BVuNMOBrJxpnzZWV1hsOCbh45yWbN8SNIqj1U8+x1U9X":{"registrationId":572383042,"currentRatchet":{"ephemeralKeyPair":{"pubKey":"BT4chh1M144mknzEZQ2iotZ/HnQpZjI1rneLcDe8hIdf","privKey":"eGxo1Jf2hB8pD9GqzkmaOe9i690ove/IPuNG10jCLlc="},"lastRemoteEphemeralKey":"BQSCIr+AggL9jWUClduujm90CqQZZok0IaTZiblCJqoP","previousCounter":0,"rootKey":"tWTwBsPEQQIeFm3rlXGjPKCAyxzQc9Q+xo/T1UO6xl8="},"indexInfo":{"baseKey":"BVuNMOBrJxpnzZWV1hsOCbh45yWbN8SNIqj1U8+x1U9X","baseKeyType":1,"closed":-1,"used":1684254362418,"created":1684254362418,"remoteIdentityKey":"Be3Hm814ELGyHuXw57Ll77zH+yIxm8PN93jQaYmYy6gd"},"_chains":{"BT4chh1M144mknzEZQ2iotZ/HnQpZjI1rneLcDe8hIdf":{"chainKey":{"counter":6,"key":"4ohvQpXjiQn8vK/cCTac7L+l6E5f3sU/Y/TbdKRZ6qQ="},"chainType":1,"messageKeys":{}}},"pendingPreKey":{"signedKeyId":8,"baseKey":"BVuNMOBrJxpnzZWV1hsOCbh45yWbN8SNIqj1U8+x1U9X","preKeyId":6615812}}},"version":"v1"}