{"_sessions":{"Bbc855N41FI4hiRzXAsNJUDPyqKye/URSP1p5ffe+aRL":{"registrationId":1046934952,"currentRatchet":{"ephemeralKeyPair":{"pubKey":"Bdj9Nxb5mMA1VYuxE/ThomzpkYCNaJRHh5365X8vyshD","privKey":"uEGaRxObOuzgFP1moXYZwHDsO3Cnb5FKnANEMEhwt2E="},"lastRemoteEphemeralKey":"BfkSvkBHx0V2X56PAUp1VTF8FHO/vDNsyvJ69THg46s3","previousCounter":0,"rootKey":"3EVj9SVUu1Sz0RDGqm40CADbopU6U0MBC1iXMok1YTU="},"indexInfo":{"baseKey":"Bbc855N41FI4hiRzXAsNJUDPyqKye/URSP1p5ffe+aRL","baseKeyType":1,"closed":-1,"used":1684254362610,"created":1684254362610,"remoteIdentityKey":"BcKYGNnDzbpavcL8juOakFDobiV0UhJhuJfpoK+80bED"},"_chains":{"Bdj9Nxb5mMA1VYuxE/ThomzpkYCNaJRHh5365X8vyshD":{"chainKey":{"counter":6,"key":"yj2WFW/hAg3GGZw4rubY0q0j2z4PrUrIG3gHE5Erx1w="},"chainType":1,"messageKeys":{}}},"pendingPreKey":{"signedKeyId":19,"baseKey":"Bbc855N41FI4hiRzXAsNJUDPyqKye/URSP1p5ffe+aRL","preKeyId":14754607}}},"version":"v1"}