{"_sessions":{"BdmlI75P/7G3qNtOr6dJfX66CNRnleV/JrKWjBrQeRlj":{"registrationId":614659027,"currentRatchet":{"ephemeralKeyPair":{"pubKey":"BRZrk3v7vmgb3iT14GQ9T0T+dUofscYDAvcWCSo+F/N9","privKey":"mJXuuSL8FHQGtWhTECs950TD4R9ll6+goGV8mAuBxUU="},"lastRemoteEphemeralKey":"BVA0MyvS2M8YFGgK/YG2hdzG83+U845k1BilCbpf0J1U","previousCounter":0,"rootKey":"3Y4OCkQY9VrmpsfPfZ81PjiKMkD+6hyjTzXlSU5O4uw="},"indexInfo":{"baseKey":"BdmlI75P/7G3qNtOr6dJfX66CNRnleV/JrKWjBrQeRlj","baseKeyType":1,"closed":-1,"used":1684254362059,"created":1684254362059,"remoteIdentityKey":"BQTCZgSGR8SOdwny/q8ap5tDsWnkiOtmLGD81VYfbiMx"},"_chains":{"BRZrk3v7vmgb3iT14GQ9T0T+dUofscYDAvcWCSo+F/N9":{"chainKey":{"counter":6,"key":"mAf2+k0M/DEECCqP3u0no3QbS9maUE6ezkG4s0ceNRQ="},"chainType":1,"messageKeys":{}}},"pendingPreKey":{"signedKeyId":9,"baseKey":"BdmlI75P/7G3qNtOr6dJfX66CNRnleV/JrKWjBrQeRlj","preKeyId":1566170}}},"version":"v1"}