{"_sessions":{"Bc2kNOjulSSIZGcf3zIHyT/M6TxKqbHIYVq701KR/0ka":{"registrationId":810698652,"currentRatchet":{"ephemeralKeyPair":{"pubKey":"BZfiZmWc5G8WK+QxEqv3p+Ci0cd4HX9eZkZwthvriyM6","privKey":"OCmUakDM5l/ByucD/r88fwREE0pSTj3Cwph4CGR0HEo="},"lastRemoteEphemeralKey":"BTP9k9wz1THPs1DfY1eKwAhymi0b2Cwk4SqJDeMK3HVr","previousCounter":0,"rootKey":"Q51ycGsBaBT1PDHalbK8CvQJTOT6J4+rpFGhlVcrSLg="},"indexInfo":{"baseKey":"Bc2kNOjulSSIZGcf3zIHyT/M6TxKqbHIYVq701KR/0ka","baseKeyType":1,"closed":-1,"used":1684254362448,"created":1684254362448,"remoteIdentityKey":"BZBEZf6cjwOliVf4sHRv6AJ+Lox1/nhODLKIVGgNi/MF"},"_chains":{"BZfiZmWc5G8WK+QxEqv3p+Ci0cd4HX9eZkZwthvriyM6":{"chainKey":{"counter":6,"key":"OEg5hK/8uaLTqcZXkffh9NmdYw/U/iVP81sou+hDYPg="},"chainType":1,"messageKeys":{}}},"pendingPreKey":{"signedKeyId":17,"baseKey":"Bc2kNOjulSSIZGcf3zIHyT/M6TxKqbHIYVq701KR/0ka","preKeyId":11423843}}},"version":"v1"}