{"_sessions":{"BSc4/F1I7zueacx3jWlYxNX3eQqKYs8zt2/WJ3wMih1k":{"registrationId":1073948216,"currentRatchet":{"ephemeralKeyPair":{"pubKey":"BRbhRpRzHT+V1sz4jR+suTBL6+QNK0SFhySzgmkoOcYW","privKey":"SIEb8WxiI3tYD24p3nObI+VnzjawZKt/l0ALSpN6ClM="},"lastRemoteEphemeralKey":"BQFhIKEHSdTBBsbFwbp2wHTdTDYy2Wqr7h2Ip7LxLhBj","previousCounter":0,"rootKey":"g4hIgZwKO8DdfHygNCHDyqYSzl5X0Goccnc3rcpx1CQ="},"indexInfo":{"baseKey":"BSc4/F1I7zueacx3jWlYxNX3eQqKYs8zt2/WJ3wMih1k","baseKeyType":1,"closed":-1,"used":1684254362256,"created":1684254362256,"remoteIdentityKey":"BUo9IYzdf2PTDJVIAU0XPJ0H1faU/XNSfPwJH3cr8LJc"},"_chains":{"BRbhRpRzHT+V1sz4jR+suTBL6+QNK0SFhySzgmkoOcYW":{"chainKey":{"counter":6,"key":"GGcJ4qZJUClHOlRoIlJjSbRlYCV7VrNB3VYVD2D5Qf4="},"chainType":1,"messageKeys":{}}},"pendingPreKey":{"signedKeyId":12,"baseKey":"BSc4/F1I7zueacx3jWlYxNX3eQqKYs8zt2/WJ3wMih1k","preKeyId":5933009}}},"version":"v1"}