{"_sessions":{"BSv3ta8ril7Tp/1+2TdAmQC3uy1VNB/k84PMOk4a/F1J":{"registrationId":1389597572,"currentRatchet":{"ephemeralKeyPair":{"pubKey":"BfeviFALWPAjgnJovm9vNr72mnmNpJb9giowO7CgWnkU","privKey":"EM9zqs8CcAB+ZInBkPcnFlUl9aPDGEForYcuUaYFk1U="},"lastRemoteEphemeralKey":"BamwCOfl88LP2JWx8359551Q2wyOUi9dNuRFe/bYhMA6","previousCounter":0,"rootKey":"bQsb0QRLOm6MZ8P55+wHfEfuB6S7D7rK6seLHc1cGXs="},"indexInfo":{"baseKey":"BSv3ta8ril7Tp/1+2TdAmQC3uy1VNB/k84PMOk4a/F1J","baseKeyType":1,"closed":-1,"used":1684320407439,"created":1684320407439,"remoteIdentityKey":"Bb9fO6vHgnKnzjXOir1BgygWYkHHhjCLe0KG5G91z/Zf"},"_chains":{"BfeviFALWPAjgnJovm9vNr72mnmNpJb9giowO7CgWnkU":{"chainKey":{"counter":0,"key":"wcJD7QlkdMjR8ePY4EB6y5CfXThXPPV3PsOds+TX0m0="},"chainType":1,"messageKeys":{}}},"pendingPreKey":{"signedKeyId":6,"baseKey":"BSv3ta8ril7Tp/1+2TdAmQC3uy1VNB/k84PMOk4a/F1J","preKeyId":16138245}}},"version":"v1"}