{"_sessions":{"BVVF0jyTUEVq56AVG9kXBtcx1hIqri6tmXu4tzO+9WI4":{"registrationId":1829039065,"currentRatchet":{"ephemeralKeyPair":{"pubKey":"BV5XCXCopUnFOLO/gmpFuz3OXerFBH0JeZWQcRfXqQgJ","privKey":"gDxBQNOU8crjNVU6hWe75oGlReq7JlK1KU2iNC6gF0k="},"lastRemoteEphemeralKey":"BRTGIHVohg1wDIEYXxDTINRRa70VoMC3OdIQA7UFxgVo","previousCounter":0,"rootKey":"/cxKztZa7H+Meii1L6pTeA+R1UpPZzEwsSmLq59Mskc="},"indexInfo":{"baseKey":"BVVF0jyTUEVq56AVG9kXBtcx1hIqri6tmXu4tzO+9WI4","baseKeyType":1,"closed":-1,"used":1684254361906,"created":1684254361906,"remoteIdentityKey":"BUPGL6Dtc1ha2LY8ZA6RvJ0Ga6GK9Xm7wrKkl6VBBOkH"},"_chains":{"BV5XCXCopUnFOLO/gmpFuz3OXerFBH0JeZWQcRfXqQgJ":{"chainKey":{"counter":6,"key":"qmsNfkDTQ3DUwIkhwxZ3bqNOYlC5hlZO3NQof25DwuY="},"chainType":1,"messageKeys":{}}},"pendingPreKey":{"signedKeyId":26,"baseKey":"BVVF0jyTUEVq56AVG9kXBtcx1hIqri6tmXu4tzO+9WI4","preKeyId":3242698}}},"version":"v1"}