{"_sessions":{"BSHFO/8BHlFNIUU2YmUVe3ra/He5SahQry6iJ+/IBMVk":{"registrationId":1052813480,"currentRatchet":{"ephemeralKeyPair":{"pubKey":"BVRSw9ySfDBu0KAJ74jm4/DAh/qJudKKHwCyuzcLH9Zi","privKey":"KHNhxGGdyK/0yws8xwASz7F5COCX371YyyRHk1srBUc="},"lastRemoteEphemeralKey":"BaT6oQ5Vv5MLrZbzGSyK8TNqxb2lo9iBRADo0IXyZQI7","previousCounter":0,"rootKey":"SZ4Ae7CW96v1vqu5fv9KXnq52tghsvj4eMr7vVUaRZs="},"indexInfo":{"baseKey":"BSHFO/8BHlFNIUU2YmUVe3ra/He5SahQry6iJ+/IBMVk","baseKeyType":1,"closed":-1,"used":1684254362137,"created":1684254362137,"remoteIdentityKey":"BRV9SsR9mxDV8J2kudaHk9weEnb4Qv2k1WMB0Ga9yEp3"},"_chains":{"BVRSw9ySfDBu0KAJ74jm4/DAh/qJudKKHwCyuzcLH9Zi":{"chainKey":{"counter":6,"key":"T1IgUnqwSAPW6N+ajPresH8EUEoZMdXApj1q41Ns61c="},"chainType":1,"messageKeys":{}}},"pendingPreKey":{"signedKeyId":2,"baseKey":"BSHFO/8BHlFNIUU2YmUVe3ra/He5SahQry6iJ+/IBMVk","preKeyId":16396674}}},"version":"v1"}