{"_sessions":{"BdhIc4gEPnxq5o8j+eB2P+Qbvii5BLAR/DbiXvsNQ09a":{"registrationId":4532,"currentRatchet":{"ephemeralKeyPair":{"pubKey":"BUVjdAtPDqmPWGFp22G0+8Kr+X2FM7aedUPNIEHQF2Z3","privKey":"wKCcQYlaFT+ixxLlecppMOYIx77MckQIpFRGVsgVEHA="},"lastRemoteEphemeralKey":"BWn/23NaD01CrYgT4z5JCKx2cFSgCITuLnxeOgKQ3gEp","previousCounter":0,"rootKey":"tLW8qd67qoPZ1yh3ge5hvKklqsJyLTcLCGWJlQvk5a0="},"indexInfo":{"baseKey":"BdhIc4gEPnxq5o8j+eB2P+Qbvii5BLAR/DbiXvsNQ09a","baseKeyType":1,"closed":-1,"used":1684254361779,"created":1684254361779,"remoteIdentityKey":"BU73ZSxoHTAJvKkEiu3ubpuvSEZPEXQEWWtlPAIXPVl6"},"_chains":{"BUVjdAtPDqmPWGFp22G0+8Kr+X2FM7aedUPNIEHQF2Z3":{"chainKey":{"counter":6,"key":"qe2QxdMq7RtdtQxhXcTVM6RB0PsgB2TLEVJShTh1zQE="},"chainType":1,"messageKeys":{}}},"pendingPreKey":{"signedKeyId":1,"baseKey":"BdhIc4gEPnxq5o8j+eB2P+Qbvii5BLAR/DbiXvsNQ09a"}}},"version":"v1"}