{"_sessions":{"BYUwkS+mveP500ZAETuBOQS0OR4yDP98YK4RUPN2Gw9u":{"registrationId":14521,"currentRatchet":{"ephemeralKeyPair":{"pubKey":"BcrLG3u15CPNrFffbwDtal/33UpqLKKQvw8Pr5NqfbkO","privKey":"+IYQrwtU6vJrAfyj8Av71JXjriuu2u0iXrqS0BCVrmc="},"lastRemoteEphemeralKey":"BXnGe6979ylQME63jGZP6Aetlkk4NSw7S//m2vLMP0sI","previousCounter":0,"rootKey":"cvEAWzlPr+uLBOIM4hfKmUp77UiQ8pWxAwUwgv1aHsI="},"indexInfo":{"baseKey":"BYUwkS+mveP500ZAETuBOQS0OR4yDP98YK4RUPN2Gw9u","baseKeyType":1,"closed":-1,"used":1684320406201,"created":1684320406201,"remoteIdentityKey":"BYvoBoKitBfRWhkhOMjbbr2NJFSmBSgx2h7amoU5mioj"},"_chains":{"BcrLG3u15CPNrFffbwDtal/33UpqLKKQvw8Pr5NqfbkO":{"chainKey":{"counter":0,"key":"XMDjdiRGpuUAiePcyXUaLi34YBOsd2H5WMsKYoDHccE="},"chainType":1,"messageKeys":{}}},"pendingPreKey":{"signedKeyId":1,"baseKey":"BYUwkS+mveP500ZAETuBOQS0OR4yDP98YK4RUPN2Gw9u","preKeyId":881}}},"version":"v1"}