{"_sessions":{"BTfrtVNoILUjB1Jk1mNKhhm/u2rETpzOgA8uZSbO7ZcZ":{"registrationId":15868,"currentRatchet":{"ephemeralKeyPair":{"pubKey":"BSMTojjmSUXI1J73FE03v92jsGAB1xcexpbY5U0HSfcL","privKey":"MC4YihozcTp/iY/6lGIV0/UYeZtp5eRjG6NzgFZEd38="},"lastRemoteEphemeralKey":"BTZ50ILCQwM2GkP0pH78sgd9skjrbcBCW7cSeXR9PyB1","previousCounter":0,"rootKey":"9LbcdbBSdrBYnaDLtI6NzH6qE+neVvNxIhHaPi4ZZmc="},"indexInfo":{"baseKey":"BTfrtVNoILUjB1Jk1mNKhhm/u2rETpzOgA8uZSbO7ZcZ","baseKeyType":1,"closed":-1,"used":1684254361802,"created":1684254361802,"remoteIdentityKey":"BeXdwMqTzwC8bwwWDl6647BKu5LS/aDjp/xqFf4D0/0X"},"_chains":{"BSMTojjmSUXI1J73FE03v92jsGAB1xcexpbY5U0HSfcL":{"chainKey":{"counter":6,"key":"2hTo0mk97hlINP0NO0GuLvAtSx9NeQsw3QcbChb1Dpo="},"chainType":1,"messageKeys":{}}},"pendingPreKey":{"signedKeyId":1,"baseKey":"BTfrtVNoILUjB1Jk1mNKhhm/u2rETpzOgA8uZSbO7ZcZ"}}},"version":"v1"}