{"_sessions":{"BRULfADr+5Ebtq5dqrkTCXRtSj1scH44jDPVna5dRodn":{"registrationId":11,"currentRatchet":{"ephemeralKeyPair":{"pubKey":"BZ9Qw7XyZN/W3gzVpcIoZLXyuD/qAEQPYmS8wx5Oruw5","privKey":"aBPwRYRiEB1fo0XJapXX8Ai0vH0FJ+eXtTq2beahZWE="},"lastRemoteEphemeralKey":"BegwaK08+m2vN06Qa5dC4KpKd/iqGdRRrap6SMUc1EE3","previousCounter":0,"rootKey":"P380mcz6n3O0i2I+rS0eLf8q7pMvs5QzjP73VVmVOos="},"indexInfo":{"baseKey":"BRULfADr+5Ebtq5dqrkTCXRtSj1scH44jDPVna5dRodn","baseKeyType":1,"closed":-1,"used":1684254361840,"created":1684254361840,"remoteIdentityKey":"BedoPcsdGInb2urRHz82lX3khai8HDda3WOQ0tq1yHs/"},"_chains":{"BZ9Qw7XyZN/W3gzVpcIoZLXyuD/qAEQPYmS8wx5Oruw5":{"chainKey":{"counter":6,"key":"xyR6w1l47UJk14sM9mdOSXfrMB1lAmBKV2QsG1tAvyM="},"chainType":1,"messageKeys":{}}},"pendingPreKey":{"signedKeyId":2,"baseKey":"BRULfADr+5Ebtq5dqrkTCXRtSj1scH44jDPVna5dRodn","preKeyId":2613}}},"version":"v1"}