{"_sessions":{"BdOoMpTwZOlB5csJpSGlJBG8JWPmH5eKE/aXYfmjNQRe":{"registrationId":1070317059,"currentRatchet":{"ephemeralKeyPair":{"pubKey":"BUn9c81//EgwYzUgw9/SPEQLBoMMiDcJP+aLSnd1rN0V","privKey":"EGXJTBT9YusGE7O7JhzfgmxZQjgbhcJxBT9/+pmxzH8="},"lastRemoteEphemeralKey":"BbxeO2DF7f+6v5qs5miOTdSwxsKa9gJD3OvGN1zoQV9j","previousCounter":0,"rootKey":"pbhacC3sH8Hkh2+JG1Wv5az3nemJibQ6g34nGQKrvsU="},"indexInfo":{"baseKey":"BdOoMpTwZOlB5csJpSGlJBG8JWPmH5eKE/aXYfmjNQRe","baseKeyType":1,"closed":-1,"used":1684320406914,"created":1684320406914,"remoteIdentityKey":"BZ/jU3NoK7fEXvTbvpEZXURC5Jvgmqq7gYoF6Tmt/aRs"},"_chains":{"BUn9c81//EgwYzUgw9/SPEQLBoMMiDcJP+aLSnd1rN0V":{"chainKey":{"counter":0,"key":"1NrB/m7Z52pGZIsqQzbNL/1QWpRvgSF381OcjEb8PSA="},"chainType":1,"messageKeys":{}}},"pendingPreKey":{"signedKeyId":1,"baseKey":"BdOoMpTwZOlB5csJpSGlJBG8JWPmH5eKE/aXYfmjNQRe","preKeyId":9604056}}},"version":"v1"}