{"_sessions":{"BZjiZcE4LC7Jesni8e+jaZ534BgKRRvXq9c+tlUvwbBo":{"registrationId":985797195,"currentRatchet":{"ephemeralKeyPair":{"pubKey":"BaDChSxL6HEGTvY+LWsPuCaQEhYXraTDNxa7nR2v7j95","privKey":"WCcI1tsnLVMKELeADjNJDiUrqGfJZ7UBnhLzHceaNGQ="},"lastRemoteEphemeralKey":"Ba9eM3Nh0ZN06uEIEoeCfp0vKCaFZhhmDLWLvjUTqMQL","previousCounter":0,"rootKey":"awXV/ax0jx6VHhlFNEnwnDv6LQnZ/37AExE0AChe+M4="},"indexInfo":{"baseKey":"BZjiZcE4LC7Jesni8e+jaZ534BgKRRvXq9c+tlUvwbBo","baseKeyType":1,"closed":-1,"used":1684254362146,"created":1684254362146,"remoteIdentityKey":"BWZiynlrMdlf3loz6uVvHht7wnJ9l1CNRKxNeUOtsER0"},"_chains":{"BaDChSxL6HEGTvY+LWsPuCaQEhYXraTDNxa7nR2v7j95":{"chainKey":{"counter":6,"key":"TC4hUI7civFSo6hg/qIBxOt2H5YSynV+NK/OX6qbnl8="},"chainType":1,"messageKeys":{}}},"pendingPreKey":{"signedKeyId":19,"baseKey":"BZjiZcE4LC7Jesni8e+jaZ534BgKRRvXq9c+tlUvwbBo","preKeyId":7255516}}},"version":"v1"}