{"_sessions":{"BYjllzTTrCbVvxGdpQ2YexHJYJ+ANDakwqr2hDsoSvAA":{"registrationId":1169823935,"currentRatchet":{"ephemeralKeyPair":{"pubKey":"BRH4C/ctsUZ17ry5BqRisrClWKdTAsMvx1oc751/TW0J","privKey":"yKM8bP4S6uAMwoweMkkic1TpIShwlZqZtz8jOzTXDGk="},"lastRemoteEphemeralKey":"Ba/+XIHwJV2eZLIS+45wpcdYlkaFeu2smII0S7VOmbgW","previousCounter":0,"rootKey":"1jSZARDAKSN2TiccgFJUHb5+ngeW63p1/t0NIQGkSQ8="},"indexInfo":{"baseKey":"BYjllzTTrCbVvxGdpQ2YexHJYJ+ANDakwqr2hDsoSvAA","baseKeyType":1,"closed":-1,"used":1684254361950,"created":1684254361950,"remoteIdentityKey":"BVBjubNH5lf7gLeBymTvhyQ83+9gS9RjDUmpADtRn+9z"},"_chains":{"BRH4C/ctsUZ17ry5BqRisrClWKdTAsMvx1oc751/TW0J":{"chainKey":{"counter":6,"key":"HQKw5KIxQgvp+OAKPMSfgvGjHZLIm0Y4QmrVuelbldk="},"chainType":1,"messageKeys":{}}},"pendingPreKey":{"signedKeyId":6,"baseKey":"BYjllzTTrCbVvxGdpQ2YexHJYJ+ANDakwqr2hDsoSvAA","preKeyId":1999198}}},"version":"v1"}