{"_sessions":{"BfaYyp3ZBHQ+RMM06vNCjV8o9M4TqRmTrXSU1VsAzlU9":{"registrationId":1964604718,"currentRatchet":{"ephemeralKeyPair":{"pubKey":"BQ68qSlcZP0rPCh5bgTlr1fAssYV0VfPkRyBsjXeS/Bm","privKey":"UOjlIk2v/tCsPE+twBzKK8oA8ShhO517iMwVAtZhyHU="},"lastRemoteEphemeralKey":"Ba1pExHW/QO2Shlbo6sXt/dPoTAnhBvhK+LzDOMqq0wc","previousCounter":0,"rootKey":"+/mUT3e4lcUEDbyiFRqY5n480UPxqyWXzfqx0WJgbMY="},"indexInfo":{"baseKey":"BfaYyp3ZBHQ+RMM06vNCjV8o9M4TqRmTrXSU1VsAzlU9","baseKeyType":1,"closed":-1,"used":1684320406337,"created":1684320406337,"remoteIdentityKey":"BZiNvbSySL+fTYGLvRnbzGKXbDW/IoGi6nHRp1YQqm4i"},"_chains":{"BQ68qSlcZP0rPCh5bgTlr1fAssYV0VfPkRyBsjXeS/Bm":{"chainKey":{"counter":0,"key":"d8gWRJW/yvzF1sXNbSMFx9NWKInTDdL2uaTdQcNYqKI="},"chainType":1,"messageKeys":{}}},"pendingPreKey":{"signedKeyId":16,"baseKey":"BfaYyp3ZBHQ+RMM06vNCjV8o9M4TqRmTrXSU1VsAzlU9","preKeyId":8426037}}},"version":"v1"}