{"_sessions":{"BUD7OgO1LRlPlZebwTxXNmmSSLpxotzmXDHT1aRuG9pz":{"registrationId":241880863,"currentRatchet":{"ephemeralKeyPair":{"pubKey":"BeUglLZqXR0HYqCIwwzwKvqSqanRuaUziftOPH0oywMo","privKey":"WGirehmea4fmKq+Wd4COcxW6aoAvES5cqC/5H3Su4VM="},"lastRemoteEphemeralKey":"BdfaMD4JDESx8iGus+ZNxGJ2SqWer7YS5PWmG4oehrY0","previousCounter":0,"rootKey":"OS2r5GopMu6ILXtXR+9J3SlRmFnQIdLgeuLn6+VK7SM="},"indexInfo":{"baseKey":"BUD7OgO1LRlPlZebwTxXNmmSSLpxotzmXDHT1aRuG9pz","baseKeyType":1,"closed":-1,"used":1684320407308,"created":1684320407308,"remoteIdentityKey":"BVMAUtRe+7lOj4achOJ0P6zbD2eSnW4m9lQs2DKkb4tL"},"_chains":{"BeUglLZqXR0HYqCIwwzwKvqSqanRuaUziftOPH0oywMo":{"chainKey":{"counter":0,"key":"MS1Cg+I2DsQZIWkOX4mB8mGY2CZ+E/oKiiXFaZ5KKXM="},"chainType":1,"messageKeys":{}}},"pendingPreKey":{"signedKeyId":12,"baseKey":"BUD7OgO1LRlPlZebwTxXNmmSSLpxotzmXDHT1aRuG9pz","preKeyId":7013509}}},"version":"v1"}