{"_sessions":{"BVpS522JSlkZms5LYf0l4i5yugL8EH/wfbihL4M12f1/":{"registrationId":555314495,"currentRatchet":{"ephemeralKeyPair":{"pubKey":"BcBhHQEjGRM49vIEdM5E8eqonMp+f4VNnIXuP6tTnIEI","privKey":"QDhEY07tYWBnNxhQleUWyoSEJfMViOGAF2fXuyQGa2o="},"lastRemoteEphemeralKey":"BTrU4tQ64G6xG4dBmnArPkh8LElSaszsQVAS5Tw34Etu","previousCounter":0,"rootKey":"INi+r45zE82IgouXGM05PsduBnhyYy30K3OLQ+giaQ4="},"indexInfo":{"baseKey":"BVpS522JSlkZms5LYf0l4i5yugL8EH/wfbihL4M12f1/","baseKeyType":2,"closed":1684312504705,"used":1684312495086,"created":1684312495086,"remoteIdentityKey":"BTCL3cD/9jaaq9VgvdDMQ4KEaOH9rTuavAfkbVZ1Kksh"},"_chains":{"BTrU4tQ64G6xG4dBmnArPkh8LElSaszsQVAS5Tw34Etu":{"chainKey":{"counter":0,"key":"uBli5lKwD1VTfDE4WtDAijOtduBlcPZIVx9OzK/jgkU="},"chainType":2,"messageKeys":{}},"BcBhHQEjGRM49vIEdM5E8eqonMp+f4VNnIXuP6tTnIEI":{"chainKey":{"counter":-1,"key":"bgq33TQjTdn9QicQDUlG44jB4bYjznCK5ybhQYaFKqI="},"chainType":1,"messageKeys":{}}}},"BUqgbPiRjdG0O/RtKUVMa4oOc58cmypcWsvUd8glXP0z":{"registrationId":555314495,"currentRatchet":{"ephemeralKeyPair":{"pubKey":"BbbP4NFElKqLRjuDP84w3J4CDF2fpTTzOE2r9hENFv1y","privKey":"UPf4wAVRb0duAPWqY3jE9di0KvCfXP8XPbuuvLTQhEY="},"lastRemoteEphemeralKey":"BYWsZ8OGBJufyilDQrjgvYloOkr+SHlpxfdy50k0gVMd","previousCounter":0,"rootKey":"zaPnlMLL0uqPP9d+I0AMyRryfbcxI5K2rIq9PjKn+Os="},"indexInfo":{"baseKey":"BUqgbPiRjdG0O/RtKUVMa4oOc58cmypcWsvUd8glXP0z","baseKeyType":2,"closed":-1,"used":1684312504719,"created":1684312504719,"remoteIdentityKey":"BTCL3cD/9jaaq9VgvdDMQ4KEaOH9rTuavAfkbVZ1Kksh"},"_chains":{"BYWsZ8OGBJufyilDQrjgvYloOkr+SHlpxfdy50k0gVMd":{"chainKey":{"counter":0,"key":"+Kfb1sOSbvjmcXXhsP4CEAh6VcXrB8WwHRGvYoWS9KI="},"chainType":2,"messageKeys":{}},"BbbP4NFElKqLRjuDP84w3J4CDF2fpTTzOE2r9hENFv1y":{"chainKey":{"counter":-1,"key":"kHQ/flH03AAGall68lq6UFwl61clORuZCa1TatJFuUU="},"chainType":1,"messageKeys":{}}}}},"version":"v1"}