{"_sessions":{"BQUfzhSrfosfXuBQFUu5+Kc65vOXgPZz50Ok/JjFr5RE":{"registrationId":282739480,"currentRatchet":{"ephemeralKeyPair":{"pubKey":"BZWVWykc50RCnGSnJZsVhn3gDiegj3u/W7/VEj8JBh1t","privKey":"aHNJ4YvBNAIRDjsWbmrYOpbIEVeFwDh/+Sc1Ok72g1s="},"lastRemoteEphemeralKey":"BeTIslp2PWiA6cy/BJA1hkjeM2NRJgaYHVdem0ZRcUgf","previousCounter":0,"rootKey":"MazpwHGjj8id41VuE9a2WmmFuAVo+SpD06+ipzmXNpM="},"indexInfo":{"baseKey":"BQUfzhSrfosfXuBQFUu5+Kc65vOXgPZz50Ok/JjFr5RE","baseKeyType":1,"closed":-1,"used":1684320406395,"created":1684320406395,"remoteIdentityKey":"BbfT45CljtdqZeKlFvRK68XX4XIqUniskuTkaUu1iqUf"},"_chains":{"BZWVWykc50RCnGSnJZsVhn3gDiegj3u/W7/VEj8JBh1t":{"chainKey":{"counter":0,"key":"33a4wajWxK9tyd0Kqr7Zft8OjFzTScgerQMd3IDkrQw="},"chainType":1,"messageKeys":{}}},"pendingPreKey":{"signedKeyId":2,"baseKey":"BQUfzhSrfosfXuBQFUu5+Kc65vOXgPZz50Ok/JjFr5RE","preKeyId":15517350}}},"version":"v1"}