{"_sessions":{"BUeDI7zLJQOggjqqlvDy4xsrgmFxteBUImNUyIlW/EtY":{"registrationId":15049,"currentRatchet":{"ephemeralKeyPair":{"pubKey":"BUsBiQ64fC+aOzS8fAz/n/ZGErbfmf989PorONlCix1V","privKey":"kENI+W25Y7jPfazsXkdq5KqFNhBRKAQnvZzb/GEU40s="},"lastRemoteEphemeralKey":"BQ3jjTJr+5lWtmytXrQHPdDV5hLIsWEwZ+EhZ2e2GogE","previousCounter":0,"rootKey":"w7vDK9T1Od46Tk72Vkrve+hXN+jxkhMb1VJvIZ2RheE="},"indexInfo":{"baseKey":"BUeDI7zLJQOggjqqlvDy4xsrgmFxteBUImNUyIlW/EtY","baseKeyType":1,"closed":-1,"used":1684254361771,"created":1684254361771,"remoteIdentityKey":"BRA4Mc7rGicJqRzPSLuaS46MGj4OOudQszHDbf6W9eNp"},"_chains":{"BUsBiQ64fC+aOzS8fAz/n/ZGErbfmf989PorONlCix1V":{"chainKey":{"counter":6,"key":"/Tp8Liiz/M0kBDxfnjUtoolkOXIpUqhM4uLQzEcJ64s="},"chainType":1,"messageKeys":{}}},"pendingPreKey":{"signedKeyId":1,"baseKey":"BUeDI7zLJQOggjqqlvDy4xsrgmFxteBUImNUyIlW/EtY","preKeyId":27}}},"version":"v1"}