{"_sessions":{"BfsC0fhvt0M1+OywESAE7iml7/0Q9WX1gF52npFwfzpP":{"registrationId":1645343543,"currentRatchet":{"ephemeralKeyPair":{"pubKey":"Bd/flt7CZYHJPP2lJn8fqBjBs8tqrRXO6nI1ou+lacEI","privKey":"gKnxKRmuvPBOqKNribmcYtbl1h7XHuG6C+JMVSffVUk="},"lastRemoteEphemeralKey":"BWp3H5W5uEmGIb7oUVV8a5pY5/Q71XfN8szzG8oCLttO","previousCounter":0,"rootKey":"eYrsBYP75qLloi/ExjrdZ70h+5xdVSDrAUNlmcySuFQ="},"indexInfo":{"baseKey":"BfsC0fhvt0M1+OywESAE7iml7/0Q9WX1gF52npFwfzpP","baseKeyType":1,"closed":-1,"used":1684320407031,"created":1684320407031,"remoteIdentityKey":"BYRNvBvPtNPcInXUuBXScEpRLwBeThIrUmgU9zhIQY4x"},"_chains":{"Bd/flt7CZYHJPP2lJn8fqBjBs8tqrRXO6nI1ou+lacEI":{"chainKey":{"counter":0,"key":"xHhdwbCkp7fXMqerfcIXjpehpLfi4Zi7bDGAt+5tWtU="},"chainType":1,"messageKeys":{}}},"pendingPreKey":{"signedKeyId":6,"baseKey":"BfsC0fhvt0M1+OywESAE7iml7/0Q9WX1gF52npFwfzpP","preKeyId":7189569}}},"version":"v1"}