{"_sessions":{"Bff9oZqA2tbTGCPB2t7YZEHjf5ZkCS0HB8XwHVQSupI6":{"registrationId":1943141558,"currentRatchet":{"ephemeralKeyPair":{"pubKey":"BfFUyXs0gLv3ivJt1TzjU8ny8y+JyDUYu6AX9jRXfb90","privKey":"qKtguw66o+4FaMnmYmTo0+GmsvYCtQSU4a/EVvHzvnU="},"lastRemoteEphemeralKey":"BXNH1IoeoNvqcee5+Hz5jxsCyLQNBgbMdXCj4hM5DiwS","previousCounter":0,"rootKey":"c1NiRSD14hFG6s5auNwU3qs+a+UDd3n+k4ZCWmj33qM="},"indexInfo":{"baseKey":"Bff9oZqA2tbTGCPB2t7YZEHjf5ZkCS0HB8XwHVQSupI6","baseKeyType":1,"closed":-1,"used":1684254362649,"created":1684254362649,"remoteIdentityKey":"BVORCvtH+eaRB7gfHPaGay6okPbslVxPzPJNEOKGMCtk"},"_chains":{"BfFUyXs0gLv3ivJt1TzjU8ny8y+JyDUYu6AX9jRXfb90":{"chainKey":{"counter":6,"key":"AhsN0R3HpF9EYNnmCQOsO5KCnHmfc+6i8mhN4VMlF1s="},"chainType":1,"messageKeys":{}}},"pendingPreKey":{"signedKeyId":2,"baseKey":"Bff9oZqA2tbTGCPB2t7YZEHjf5ZkCS0HB8XwHVQSupI6","preKeyId":6424997}}},"version":"v1"}