{"_sessions":{"BYXtl986G3bdkOthoLeHPVrKGgg8Xmc9rqr/EakXuoEG":{"registrationId":1321397077,"currentRatchet":{"ephemeralKeyPair":{"pubKey":"BakCxhydYycAc8314SsdY2ra5a42HbayckuOqMBomM1W","privKey":"GDvxWOzvpyh4M7R64umDYEDmV8CZDTDH388aQdYGr20="},"lastRemoteEphemeralKey":"BcJIAZo1tysaRGBEI4s7sr5cI3ftwtuC9MMENFdpLP4O","previousCounter":0,"rootKey":"3buZaL1z0eSGOtWYxro/sCocAbhlFiIb8L+oVgWwRnw="},"indexInfo":{"baseKey":"BYXtl986G3bdkOthoLeHPVrKGgg8Xmc9rqr/EakXuoEG","baseKeyType":1,"closed":-1,"used":1684320407070,"created":1684320407070,"remoteIdentityKey":"BZqzyk/srItY1I3nkVFt0zUWARFJTGUtV8Leqz/I0Jp2"},"_chains":{"BakCxhydYycAc8314SsdY2ra5a42HbayckuOqMBomM1W":{"chainKey":{"counter":0,"key":"8bpbi04N5YS8d5CJ7Z/oKes/MrSZ2FG9wVoLmOzPO+U="},"chainType":1,"messageKeys":{}}},"pendingPreKey":{"signedKeyId":8,"baseKey":"BYXtl986G3bdkOthoLeHPVrKGgg8Xmc9rqr/EakXuoEG","preKeyId":15892689}}},"version":"v1"}