{"_sessions":{"BYdiPMWcU+z3W8fu7SNCR6z/lZn5MSHp55/eeGEdrLo9":{"registrationId":386523167,"currentRatchet":{"ephemeralKeyPair":{"pubKey":"BdPgyJrGBIzz+4Tt+E0diji7o/EB1cTYmvw24HwTUtx6","privKey":"uDnU0U+XKjZN/6PDALDGACpPCqQ2O2SiXVQs+CGvQ0s="},"lastRemoteEphemeralKey":"BQ8BWuHF9S2WfE35ey0Sgp/7PxR4J2tV8m6VuHxA3NsX","previousCounter":0,"rootKey":"n6QTSr11sGcSowsbqgbGm6IBgsXrXOp7crpnB1OCY8w="},"indexInfo":{"baseKey":"BYdiPMWcU+z3W8fu7SNCR6z/lZn5MSHp55/eeGEdrLo9","baseKeyType":1,"closed":-1,"used":1684320406376,"created":1684320406376,"remoteIdentityKey":"BWovByS8M6DZrDfxqDZEQukLNrlxRCevxOpL00ihoCoi"},"_chains":{"BdPgyJrGBIzz+4Tt+E0diji7o/EB1cTYmvw24HwTUtx6":{"chainKey":{"counter":0,"key":"ur6Ot9IeC5bEfTXDtVp9ChGKbQLMi0HcOOLhaDYRXPM="},"chainType":1,"messageKeys":{}}},"pendingPreKey":{"signedKeyId":5,"baseKey":"BYdiPMWcU+z3W8fu7SNCR6z/lZn5MSHp55/eeGEdrLo9","preKeyId":7738085}}},"version":"v1"}