{"_sessions":{"BYQCTk/4CSaxSvtDE+tRGtjf1x+PzmWBM9eImISzrj0P":{"registrationId":2059019545,"currentRatchet":{"ephemeralKeyPair":{"pubKey":"BYdSlcoTAJDY8KWKstyQVXlwOjHS2XtJwFhIemK6A30j","privKey":"GEViFtMzPhpjIFAStlbYWOcwfdcFjUt8HUAxdfbs3WU="},"lastRemoteEphemeralKey":"BafbFbiN0YXHd0krlfQiuBboorfaN+N6i4pwBuNqPDh/","previousCounter":0,"rootKey":"07uNxwAbsVo9IvEUjhSPpENBLCyWO/Qlz9aaMRjkAtE="},"indexInfo":{"baseKey":"BYQCTk/4CSaxSvtDE+tRGtjf1x+PzmWBM9eImISzrj0P","baseKeyType":1,"closed":-1,"used":1684320407097,"created":1684320407097,"remoteIdentityKey":"Bdc5v66aFhQxY/xRiKbS781TClvSsnEiUpFomRZAPxhh"},"_chains":{"BYdSlcoTAJDY8KWKstyQVXlwOjHS2XtJwFhIemK6A30j":{"chainKey":{"counter":0,"key":"49SbiKUJATEZmzf0r5r3HRKbZAgDEkE8jAv3nq3rVQ4="},"chainType":1,"messageKeys":{}}},"pendingPreKey":{"signedKeyId":1,"baseKey":"BYQCTk/4CSaxSvtDE+tRGtjf1x+PzmWBM9eImISzrj0P","preKeyId":11184591}}},"version":"v1"}