{"_sessions":{"BbCxhOB4vS+WkHvdSrin/Kc8ahnt2LYBTn4w8rZgNYhC":{"registrationId":1900821318,"currentRatchet":{"ephemeralKeyPair":{"pubKey":"BRjrPzFabKl5wMiX1wa5u3zq+fMZNYS7ZwtrdIvOHVph","privKey":"oCoTlW5U1IdLDt69H9wlerfWJVe1+3TG899Ent4wInc="},"lastRemoteEphemeralKey":"BeCQK8L9PWJyHhsSx6LI/h/D1st/n2TUJBOUeQx9nxR6","previousCounter":0,"rootKey":"n3+EXOadT9ln1g68EHizhBU9L5J1hdW99YpZTvnVQHI="},"indexInfo":{"baseKey":"BbCxhOB4vS+WkHvdSrin/Kc8ahnt2LYBTn4w8rZgNYhC","baseKeyType":1,"closed":-1,"used":1684254362469,"created":1684254362469,"remoteIdentityKey":"BbpPO1wQLWBbKPUH9qPonR3QP2pVfN5bwRCoxkHbWCNX"},"_chains":{"BRjrPzFabKl5wMiX1wa5u3zq+fMZNYS7ZwtrdIvOHVph":{"chainKey":{"counter":6,"key":"Pf9VqTwHmOH4sc/zOMwGtpOV/D0D35QtnPzcmeMWojM="},"chainType":1,"messageKeys":{}}},"pendingPreKey":{"signedKeyId":43,"baseKey":"BbCxhOB4vS+WkHvdSrin/Kc8ahnt2LYBTn4w8rZgNYhC","preKeyId":990421}}},"version":"v1"}