{"_sessions":{"BUW4w91JOyqEBhyMpaBO+u6AHEqUuT4WvqoRdjd8bZQ9":{"registrationId":589831810,"currentRatchet":{"ephemeralKeyPair":{"pubKey":"BXk6WDD0kiAHF2nO0JLSWho4ZGhsbpnBQKTHJNBpw8p+","privKey":"6GaVUk+iqjqdJBDKF1Lm4v7sVtf4mgjFOTisWjcRNkE="},"lastRemoteEphemeralKey":"BQAmieD350NGeEGAjF00AWlIKl8EAJb9CUgzTYF8kgot","previousCounter":0,"rootKey":"/fBKq8181zWFlZ188q1KDcXXyDyFipvNvX1RtSTcm+g="},"indexInfo":{"baseKey":"BUW4w91JOyqEBhyMpaBO+u6AHEqUuT4WvqoRdjd8bZQ9","baseKeyType":1,"closed":-1,"used":1684254361851,"created":1684254361851,"remoteIdentityKey":"BZQshtW5Gv0VMUs5JrTEibDrtWEwiYbLs96Tcys/flxR"},"_chains":{"BXk6WDD0kiAHF2nO0JLSWho4ZGhsbpnBQKTHJNBpw8p+":{"chainKey":{"counter":6,"key":"s302ck9aPyqNXocEZ8UqTCz3kv/8WkT66YElA2oXJKo="},"chainType":1,"messageKeys":{}}},"pendingPreKey":{"signedKeyId":21,"baseKey":"BUW4w91JOyqEBhyMpaBO+u6AHEqUuT4WvqoRdjd8bZQ9","preKeyId":14605296}}},"version":"v1"}