{"_sessions":{"BfdYWTsbEFUb5Dvh81UopwCpR31bhkmtqblZ9gp52/4j":{"registrationId":1850009752,"currentRatchet":{"ephemeralKeyPair":{"pubKey":"BbjqCX8iL3kJOLbCpf9ereKcrPmnDHwfax5GQYHNqsR7","privKey":"IJ3j1EHgkpR+glTwYh3dROOcUHFvWtNIMOXaNz0382E="},"lastRemoteEphemeralKey":"BeJHXzhVpWxSwOJn1RJX785/LuNOYr8HI4CsvcKfpbdf","previousCounter":0,"rootKey":"mML6B7xN7gXtT01RQ2waYwLqN8+7aLkfsInNrz5vsO0="},"indexInfo":{"baseKey":"BfdYWTsbEFUb5Dvh81UopwCpR31bhkmtqblZ9gp52/4j","baseKeyType":1,"closed":-1,"used":1684320406427,"created":1684320406427,"remoteIdentityKey":"BSICxNSZApFv467aJeqFj+GshH8LXNWI7c3r2Cag+Lgw"},"_chains":{"BbjqCX8iL3kJOLbCpf9ereKcrPmnDHwfax5GQYHNqsR7":{"chainKey":{"counter":0,"key":"tKXrcPAFUXJaSReRM9cmFc6Y3OWBWpPo6vZsahQVzps="},"chainType":1,"messageKeys":{}}},"pendingPreKey":{"signedKeyId":10,"baseKey":"BfdYWTsbEFUb5Dvh81UopwCpR31bhkmtqblZ9gp52/4j","preKeyId":3899140}}},"version":"v1"}