{"_sessions":{"BY1IkoTRCwt0Q8PluKsRSF2Ny7X7TzUF9RQstkORtoM6":{"registrationId":686486591,"currentRatchet":{"ephemeralKeyPair":{"pubKey":"BaopQY7Ee4oXOhJvKbglbktIl/I2/juVwZKkhAUtOM1Z","privKey":"QHSaOZ2OiKQa0M4ZVB8+eYnRkqXrd7IpuiWfiQTb4Eg="},"lastRemoteEphemeralKey":"BR+scYjOVRx6AwIPA4/p6Deuki9ELNlarL/gXdHSDhFe","previousCounter":0,"rootKey":"jzs8jBabGCUop8tV96VuXrai1OURDn/9q2GWoR8g2w0="},"indexInfo":{"baseKey":"BY1IkoTRCwt0Q8PluKsRSF2Ny7X7TzUF9RQstkORtoM6","baseKeyType":1,"closed":-1,"used":1684254362581,"created":1684254362581,"remoteIdentityKey":"BQj42Zpw8wR3cf69MX1w0t2AjW/6siXDupLJ86xwUE8X"},"_chains":{"BaopQY7Ee4oXOhJvKbglbktIl/I2/juVwZKkhAUtOM1Z":{"chainKey":{"counter":6,"key":"Lp62IzXNlCaQ1fVgJP3QMb3Ag0wiF5jJsd9d0RwoDCc="},"chainType":1,"messageKeys":{}}},"pendingPreKey":{"signedKeyId":1,"baseKey":"BY1IkoTRCwt0Q8PluKsRSF2Ny7X7TzUF9RQstkORtoM6","preKeyId":11383084}}},"version":"v1"}