[
  {
    "jid": "628976639269@s.whatsapp.net",
    "db": [
      {
        "nama": "#menu",
        "count": 2
      }
    ]
  },
  {
    "jid": "6285813708397@s.whatsapp.net",
    "db": [
      {
        "nama": "#menu",
        "count": 7
      }
    ]
  },
  {
    "jid": "6287708773367@s.whatsapp.net",
    "db": [
      {
        "nama": "#menu",
        "count": 1
      }
    ]
  },
  {
    "jid": "6287789669519@s.whatsapp.net",
    "db": [
      {
        "nama": "#menu",
        "count": 5
      },
      {
        "nama": "#welcome",
        "count": 2
      },
      {
        "nama": "#left",
        "count": 1
      },
      {
        "nama": "#setwelcome",
        "count": 2
      },
      {
        "nama": "#addprem",
        "count": 1
      },
      {
        "nama": "#cekpremium",
        "count": 1
      },
      {
        "nama": "#sticker",
        "count": 1
      }
    ]
  },
  {
    "jid": "6285795857790@s.whatsapp.net",
    "db": [
      {
        "nama": "#menu",
        "count": 1
      },
      {
        "nama": "#sticker",
        "count": 7
      }
    ]
  },
  {
    "jid": "6285860810251@s.whatsapp.net",
    "db": [
      {
        "nama": "#sticker",
        "count": 2
      }
    ]
  },
  {
    "jid": "6283803303408@s.whatsapp.net",
    "db": [
      {
        "nama": "#menu",
        "count": 1
      }
    ]
  },
  {
    "jid": "6285813815750@s.whatsapp.net",
    "db": [
      {
        "nama": "#menu",
        "count": 3
      },
      {
        "nama": "#addprem",
        "count": 1
      },
      {
        "nama": "#tiktok",
        "count": 1
      }
    ]
  },
  {
    "jid": "6285752214459@s.whatsapp.net",
    "db": [
      {
        "nama": "#menu",
        "count": 1
      }
    ]
  },
  {
    "jid": "6283820658771@s.whatsapp.net",
    "db": [
      {
        "nama": "#menu",
        "count": 2
      },
      {
        "nama": "#left",
        "count": 1
      }
    ]
  },
  {
    "jid": "6285172400629@s.whatsapp.net",
    "db": [
      {
        "nama": "#sticker",
        "count": 1
      }
    ]
  },
  {
    "jid": "6283857181036@s.whatsapp.net",
    "db": [
      {
        "nama": "#menu",
        "count": 1
      }
    ]
  },
  {
    "jid": "6281350864467@s.whatsapp.net",
    "db": [
      {
        "nama": "#menu",
        "count": 1
      },
      {
        "nama": "#welcome",
        "count": 2
      }
    ]
  }
]