[{"id":"6285813708397@s.whatsapp.net","copperingot":0},{"id":"6285290376979@s.whatsapp.net","copperingot":0},{"id":"62812307803917@s.whatsapp.net","copperingot":0},{"id":"6287708773367@s.whatsapp.net","copperingot":0},{"id":"6283879737081@s.whatsapp.net","copperingot":0},{"id":"62895360027863@s.whatsapp.net","copperingot":0},{"id":"6287789669519@s.whatsapp.net","copperingot":0},{"id":"6285752214459@s.whatsapp.net","copperingot":0},{"id":"6283833771579@s.whatsapp.net","copperingot":0},{"id":"6282148440459@s.whatsapp.net","copperingot":0},{"id":"6285813815750@s.whatsapp.net","copperingot":0},{"id":"6283820658771@s.whatsapp.net","copperingot":0},{"id":"6285172400629@s.whatsapp.net","copperingot":0},{"id":"6281350864467@s.whatsapp.net","copperingot":0},{"id":"6282217994721@s.whatsapp.net","copperingot":0},{"id":"6282161430642@s.whatsapp.net","copperingot":0},{"id":"6283857181036@s.whatsapp.net","copperingot":0},{"id":"6283867627530@s.whatsapp.net","copperingot":0},{"id":"6287848038430@s.whatsapp.net","copperingot":0},{"id":"6282144500203@s.whatsapp.net","copperingot":0},{"id":"6283168471559@s.whatsapp.net","copperingot":0},{"id":"6288232885034@s.whatsapp.net","copperingot":0},{"id":"6282150316533@s.whatsapp.net","copperingot":0},{"id":"6283818563240@s.whatsapp.net","copperingot":0},{"id":"6283127366793@s.whatsapp.net","copperingot":0},{"id":"6287801001424@s.whatsapp.net","copperingot":0}]